ISO-10303-21;
HEADER;
FILE_DESCRIPTION (( 'STEP AP214' ),
    '1' );
FILE_NAME ('LFSPXO018038.STEP',
    '2024-05-30T09:05:51',
    ( '' ),
    ( '' ),
    'SwSTEP 2.0',
    'SolidWorks 2023',
    '' );
FILE_SCHEMA (( 'AUTOMOTIVE_DESIGN' ));
ENDSEC;

DATA;
#1 = STYLED_ITEM ( 'NONE', ( #3148 ), #1230 ) ;
#2 = ORIENTED_EDGE ( 'NONE', *, *, #2510, .T. ) ;
#3 = PRESENTATION_LAYER_ASSIGNMENT (  '', '', ( #1058 ) ) ;
#4 = DIRECTION ( 'NONE',  ( -0.000000000000000000, -1.000000000000000000, -0.000000000000000000 ) ) ;
#5 = SURFACE_SIDE_STYLE ('',( #790 ) ) ;
#6 = COLOUR_RGB ( '',0.9686274509803921573, 0.8784313725490195957, 0.5999999999999999778 ) ;
#7 = ORIENTED_EDGE ( 'NONE', *, *, #1602, .F. ) ;
#8 = FILL_AREA_STYLE ('',( #1051 ) ) ;
#9 = DIRECTION ( 'NONE',  ( 0.000000000000000000, 0.000000000000000000, 1.000000000000000000 ) ) ;
#10 = ORIENTED_EDGE ( 'NONE', *, *, #16, .F. ) ;
#11 = DIRECTION ( 'NONE',  ( 0.000000000000000000, -0.000000000000000000, -1.000000000000000000 ) ) ;
#12 = EDGE_CURVE ( 'NONE', #3645, #426, #396, .T. ) ;
#13 = CARTESIAN_POINT ( 'NONE',  ( -3.242893974373677768, 1.203489949670250025, -1.700000000000000622 ) ) ;
#14 = CARTESIAN_POINT ( 'NONE',  ( -2.949999999999999734, 1.096510050329749797, -1.996629794778797651 ) ) ;
#15 = CYLINDRICAL_SURFACE ( 'NONE', #3493, 0.6726666666666660799 ) ;
#16 = EDGE_CURVE ( 'NONE', #2044, #1806, #1539, .T. ) ;
#17 = FACE_OUTER_BOUND ( 'NONE', #1770, .T. ) ;
#18 = FILL_AREA_STYLE ('',( #1102 ) ) ;
#19 = CARTESIAN_POINT ( 'NONE',  ( -2.061390904112061939, -0.1000000000000000056, -2.500000000000000000 ) ) ;
#20 = COLOUR_RGB ( '',0.2470588235294117752, 0.000000000000000000, 0.2549019607843137081 ) ;
#21 = COLOUR_RGB ( '',0.2470588235294117752, 0.000000000000000000, 0.2549019607843137081 ) ;
#22 = AXIS2_PLACEMENT_3D ( 'NONE', #2826, #2926, #726 ) ;
#23 = ORIENTED_EDGE ( 'NONE', *, *, #500, .F. ) ;
#24 = SURFACE_STYLE_USAGE ( .BOTH. , #1931 ) ;
#25 = DIRECTION ( 'NONE',  ( 0.000000000000000000, 0.000000000000000000, 1.000000000000000000 ) ) ;
#26 = ORIENTED_EDGE ( 'NONE', *, *, #624, .T. ) ;
#27 =( GEOMETRIC_REPRESENTATION_CONTEXT ( 3 ) GLOBAL_UNCERTAINTY_ASSIGNED_CONTEXT ( ( #3368 ) ) GLOBAL_UNIT_ASSIGNED_CONTEXT ( ( #1076, #3064, #2260 ) ) REPRESENTATION_CONTEXT ( 'NONE', 'WORKASPACE' ) );
#28 = CARTESIAN_POINT ( 'NONE',  ( -2.061390904112062383, -0.1000000000000000056, 2.500000000000000000 ) ) ;
#29 =( NAMED_UNIT ( * ) SI_UNIT ( $, .STERADIAN. ) SOLID_ANGLE_UNIT ( ) );
#30 = ORIENTED_EDGE ( 'NONE', *, *, #597, .T. ) ;
#31 = DIRECTION ( 'NONE',  ( -0.000000000000000000, 1.000000000000000000, -0.000000000000000000 ) ) ;
#32 = CARTESIAN_POINT ( 'NONE',  ( 1.840000000000000080, -0.1000000000000000056, -1.300000000000000266 ) ) ;
#33 = FILL_AREA_STYLE ('',( #2285 ) ) ;
#34 = DIRECTION ( 'NONE',  ( 0.000000000000000000, -0.000000000000000000, 1.000000000000000000 ) ) ;
#35 = DIRECTION ( 'NONE',  ( -1.000000000000000000, -0.000000000000000000, -0.000000000000000000 ) ) ;
#36 = LINE ( 'NONE', #2797, #913 ) ;
#37 = VECTOR ( 'NONE', #739, 1000.000000000000000 ) ;
#38 = DIRECTION ( 'NONE',  ( -1.000000000000000000, 0.000000000000000000, 0.000000000000000000 ) ) ;
#39 = AXIS2_PLACEMENT_3D ( 'NONE', #2408, #2395, #3600 ) ;
#40 = ORIENTED_EDGE ( 'NONE', *, *, #3015, .F. ) ;
#41 = ADVANCED_BREP_SHAPE_REPRESENTATION ( 'LFSPXO018038', ( #3231, #2962, #736, #1739, #825, #2407 ), #3306 ) ;
#42 = CARTESIAN_POINT ( 'NONE',  ( -3.772743730481634028, 0.000000000000000000, -2.772743730481633140 ) ) ;
#43 =( NAMED_UNIT ( * ) SI_UNIT ( $, .STERADIAN. ) SOLID_ANGLE_UNIT ( ) );
#44 = VERTEX_POINT ( 'NONE', #679 ) ;
#45 = DIRECTION ( 'NONE',  ( -0.000000000000000000, 1.000000000000000000, -0.000000000000000000 ) ) ;
#46 = FACE_OUTER_BOUND ( 'NONE', #1745, .T. ) ;
#47 = FILL_AREA_STYLE ('',( #1788 ) ) ;
#48 = ORIENTED_EDGE ( 'NONE', *, *, #1956, .T. ) ;
#49 = FACE_OUTER_BOUND ( 'NONE', #2869, .T. ) ;
#50 = DIRECTION ( 'NONE',  ( 1.000000000000000000, 0.000000000000000000, 3.469446951953607878E-15 ) ) ;
#51 = FACE_OUTER_BOUND ( 'NONE', #1206, .T. ) ;
#52 =( NAMED_UNIT ( * ) SI_UNIT ( $, .STERADIAN. ) SOLID_ANGLE_UNIT ( ) );
#53 = DIRECTION ( 'NONE',  ( -0.000000000000000000, -1.000000000000000000, -0.000000000000000000 ) ) ;
#54 = COLOUR_RGB ( '',0.7921568627450980005, 0.8196078431372548767, 0.9333333333333333481 ) ;
#55 = VECTOR ( 'NONE', #1221, 1000.000000000000000 ) ;
#56 = LINE ( 'NONE', #378, #443 ) ;
#57 = FILL_AREA_STYLE_COLOUR ( '', #3672 ) ;
#58 = EDGE_CURVE ( 'NONE', #407, #1622, #3190, .T. ) ;
#59 = CIRCLE ( 'NONE', #3309, 0.6726666666666668570 ) ;
#60 = VECTOR ( 'NONE', #2111, 1000.000000000000000 ) ;
#61 =( GEOMETRIC_REPRESENTATION_CONTEXT ( 3 ) GLOBAL_UNCERTAINTY_ASSIGNED_CONTEXT ( ( #2881 ) ) GLOBAL_UNIT_ASSIGNED_CONTEXT ( ( #1080, #607, #1368 ) ) REPRESENTATION_CONTEXT ( 'NONE', 'WORKASPACE' ) );
#62 = ORIENTED_EDGE ( 'NONE', *, *, #2616, .T. ) ;
#63 = AXIS2_PLACEMENT_3D ( 'NONE', #3626, #833, #226 ) ;
#64 =( NAMED_UNIT ( * ) PLANE_ANGLE_UNIT ( ) SI_UNIT ( $, .RADIAN. ) );
#65 = FILL_AREA_STYLE ('',( #666 ) ) ;
#66 = MECHANICAL_DESIGN_GEOMETRIC_PRESENTATION_REPRESENTATION (  '', ( #1058 ), #2021 ) ;
#67 = VERTEX_POINT ( 'NONE', #342 ) ;
#68 = FACE_OUTER_BOUND ( 'NONE', #228, .T. ) ;
#69 = DIRECTION ( 'NONE',  ( -1.000000000000000000, -0.000000000000000000, -0.000000000000000000 ) ) ;
#70 = CARTESIAN_POINT ( 'NONE',  ( -2.540000000000000480, -0.1000000000000000056, -2.972666666666664348 ) ) ;
#71 = LINE ( 'NONE', #1177, #3560 ) ;
#72 = ADVANCED_FACE ( 'NONE', ( #2656 ), #697, .F. ) ;
#73 = UNCERTAINTY_MEASURE_WITH_UNIT (LENGTH_MEASURE( 1.000000000000000082E-05 ), #3063, 'distance_accuracy_value', 'NONE');
#74 = VECTOR ( 'NONE', #336, 1000.000000000000000 ) ;
#75 = SURFACE_STYLE_FILL_AREA ( #2089 ) ;
#76 = EDGE_CURVE ( 'NONE', #2389, #3284, #56, .T. ) ;
#77 =( GEOMETRIC_REPRESENTATION_CONTEXT ( 3 ) GLOBAL_UNCERTAINTY_ASSIGNED_CONTEXT ( ( #1852 ) ) GLOBAL_UNIT_ASSIGNED_CONTEXT ( ( #215, #3433, #1728 ) ) REPRESENTATION_CONTEXT ( 'NONE', 'WORKASPACE' ) );
#78 = VERTEX_POINT ( 'NONE', #2346 ) ;
#79 = DIRECTION ( 'NONE',  ( -1.000000000000000000, 0.000000000000000000, -1.807003620809174139E-16 ) ) ;
#80 = LINE ( 'NONE', #2625, #1139 ) ;
#81 = CARTESIAN_POINT ( 'NONE',  ( 3.239999999999999769, -0.1000000000000000056, 1.300000000000000266 ) ) ;
#82 = PRESENTATION_LAYER_ASSIGNMENT (  '', '', ( #1676 ) ) ;
#83 = FILL_AREA_STYLE ('',( #1265 ) ) ;
#84 = VERTEX_POINT ( 'NONE', #3471 ) ;
#85 = EDGE_LOOP ( 'NONE', ( #186, #599, #2780, #1115 ) ) ;
#86 = FILL_AREA_STYLE_COLOUR ( '', #2295 ) ;
#87 = LINE ( 'NONE', #605, #74 ) ;
#88 = CARTESIAN_POINT ( 'NONE',  ( -2.847399644911425264E-15, 1.000000000000000000, -2.599999999999999645 ) ) ;
#89 = PRESENTATION_STYLE_ASSIGNMENT (( #357 ) ) ;
#90 = DIRECTION ( 'NONE',  ( 1.000000000000000000, 0.000000000000000000, 0.000000000000000000 ) ) ;
#91 = STYLED_ITEM ( 'NONE', ( #3188 ), #1587 ) ;
#92 =( GEOMETRIC_REPRESENTATION_CONTEXT ( 3 ) GLOBAL_UNCERTAINTY_ASSIGNED_CONTEXT ( ( #1062 ) ) GLOBAL_UNIT_ASSIGNED_CONTEXT ( ( #510, #222, #3570 ) ) REPRESENTATION_CONTEXT ( 'NONE', 'WORKASPACE' ) );
#93 = SURFACE_SIDE_STYLE ('',( #2289 ) ) ;
#94 = FACE_OUTER_BOUND ( 'NONE', #947, .T. ) ;
#95 = SURFACE_STYLE_USAGE ( .BOTH. , #2939 ) ;
#96 = FACE_OUTER_BOUND ( 'NONE', #116, .T. ) ;
#97 = CIRCLE ( 'NONE', #2159, 0.6726666666666660799 ) ;
#98 = ORIENTED_EDGE ( 'NONE', *, *, #3640, .T. ) ;
#99 = EDGE_CURVE ( 'NONE', #134, #2005, #3470, .T. ) ;
#100 = DIRECTION ( 'NONE',  ( 1.934156501956300592E-15, 0.000000000000000000, 1.000000000000000000 ) ) ;
#101 = ADVANCED_FACE ( 'NONE', ( #1231 ), #2074, .F. ) ;
#102 = VERTEX_POINT ( 'NONE', #2460 ) ;
#103 = LINE ( 'NONE', #2064, #3393 ) ;
#104 = DIRECTION ( 'NONE',  ( 1.000000000000000000, 0.000000000000000000, 0.000000000000000000 ) ) ;
#105 =( LENGTH_UNIT ( ) NAMED_UNIT ( * ) SI_UNIT ( .MILLI., .METRE. ) );
#106 = UNCERTAINTY_MEASURE_WITH_UNIT (LENGTH_MEASURE( 1.000000000000000082E-05 ), #795, 'distance_accuracy_value', 'NONE');
#107 =( NAMED_UNIT ( * ) PLANE_ANGLE_UNIT ( ) SI_UNIT ( $, .RADIAN. ) );
#108 = SURFACE_SIDE_STYLE ('',( #630 ) ) ;
#109 = UNCERTAINTY_MEASURE_WITH_UNIT (LENGTH_MEASURE( 1.000000000000000082E-05 ), #2916, 'distance_accuracy_value', 'NONE');
#110 = CARTESIAN_POINT ( 'NONE',  ( 9.020562075079360603E-15, 1.000000000000000000, 2.599999999999987210 ) ) ;
#111 = FILL_AREA_STYLE ('',( #1219 ) ) ;
#112 = PRESENTATION_STYLE_ASSIGNMENT (( #1562 ) ) ;
#113 = CIRCLE ( 'NONE', #3610, 0.1929548916717682694 ) ;
#114 = EDGE_CURVE ( 'NONE', #1934, #2164, #720, .T. ) ;
#115 = MECHANICAL_DESIGN_GEOMETRIC_PRESENTATION_REPRESENTATION (  '', ( #2526 ), #3612 ) ;
#116 = EDGE_LOOP ( 'NONE', ( #797, #3439, #1589, #2752, #1937, #1007, #207 ) ) ;
#117 = DIRECTION ( 'NONE',  ( -0.000000000000000000, 1.000000000000000000, -0.000000000000000000 ) ) ;
#118 =( NAMED_UNIT ( * ) SI_UNIT ( $, .STERADIAN. ) SOLID_ANGLE_UNIT ( ) );
#119 =( NAMED_UNIT ( * ) PLANE_ANGLE_UNIT ( ) SI_UNIT ( $, .RADIAN. ) );
#120 = VECTOR ( 'NONE', #1011, 1000.000000000000000 ) ;
#121 = PRESENTATION_LAYER_ASSIGNMENT (  '', '', ( #2821 ) ) ;
#122 = PRESENTATION_LAYER_ASSIGNMENT (  '', '', ( #2069 ) ) ;
#123 = ORIENTED_EDGE ( 'NONE', *, *, #491, .T. ) ;
#124 = ORIENTED_EDGE ( 'NONE', *, *, #3029, .F. ) ;
#125 = PRESENTATION_STYLE_ASSIGNMENT (( #2404 ) ) ;
#126 = CARTESIAN_POINT ( 'NONE',  ( 3.239999999999999769, 0.000000000000000000, -2.500000000000000000 ) ) ;
#127 = STYLED_ITEM ( 'NONE', ( #112 ), #2585 ) ;
#128 =( LENGTH_UNIT ( ) NAMED_UNIT ( * ) SI_UNIT ( .MILLI., .METRE. ) );
#129 = FILL_AREA_STYLE ('',( #3484 ) ) ;
#130 = ADVANCED_FACE ( 'NONE', ( #3260 ), #848, .T. ) ;
#131 = DIRECTION ( 'NONE',  ( 0.000000000000000000, 0.000000000000000000, 1.000000000000000000 ) ) ;
#132 = FILL_AREA_STYLE_COLOUR ( '', #2045 ) ;
#133 = CARTESIAN_POINT ( 'NONE',  ( -2.949999999999999734, 1.000000000000000000, 2.000000000000000000 ) ) ;
#134 = VERTEX_POINT ( 'NONE', #168 ) ;
#135 = AXIS2_PLACEMENT_3D ( 'NONE', #3035, #165, #1344 ) ;
#136 =( NAMED_UNIT ( * ) PLANE_ANGLE_UNIT ( ) SI_UNIT ( $, .RADIAN. ) );
#137 = PRESENTATION_LAYER_ASSIGNMENT (  '', '', ( #2845 ) ) ;
#138 = EDGE_LOOP ( 'NONE', ( #448, #488, #956, #998, #552, #962 ) ) ;
#139 = ORIENTED_EDGE ( 'NONE', *, *, #2546, .T. ) ;
#140 = DIRECTION ( 'NONE',  ( -0.000000000000000000, -1.000000000000000000, 0.000000000000000000 ) ) ;
#141 = CARTESIAN_POINT ( 'NONE',  ( -3.600000000000000089, 0.000000000000000000, -2.349999999999997424 ) ) ;
#142 = DIRECTION ( 'NONE',  ( -9.496474354741640040E-16, 0.000000000000000000, 1.000000000000000000 ) ) ;
#143 = DIRECTION ( 'NONE',  ( -0.000000000000000000, -1.000000000000000000, -0.000000000000000000 ) ) ;
#144 = MECHANICAL_DESIGN_GEOMETRIC_PRESENTATION_REPRESENTATION (  '', ( #2854 ), #907 ) ;
#145 = UNCERTAINTY_MEASURE_WITH_UNIT (LENGTH_MEASURE( 1.000000000000000082E-05 ), #1066, 'distance_accuracy_value', 'NONE');
#146 = CARTESIAN_POINT ( 'NONE',  ( -2.949999999999999734, 1.199999999999999956, -1.892954891671768225 ) ) ;
#147 = SURFACE_STYLE_USAGE ( .BOTH. , #748 ) ;
#148 = CARTESIAN_POINT ( 'NONE',  ( -2.400000000000000355, 1.300000000000000044, 1.399999999999998357 ) ) ;
#149 = EDGE_CURVE ( 'NONE', #2571, #3479, #1293, .T. ) ;
#150 = DIRECTION ( 'NONE',  ( -0.000000000000000000, -1.000000000000000000, -0.000000000000000000 ) ) ;
#151 = CARTESIAN_POINT ( 'NONE',  ( -3.239999999999999769, -0.1000000000000000056, -2.500000000000000000 ) ) ;
#152 = AXIS2_PLACEMENT_3D ( 'NONE', #1501, #3222, #2877 ) ;
#153 = PRESENTATION_LAYER_ASSIGNMENT (  '', '', ( #1805 ) ) ;
#154 = ORIENTED_EDGE ( 'NONE', *, *, #2853, .T. ) ;
#155 =( LENGTH_UNIT ( ) NAMED_UNIT ( * ) SI_UNIT ( .MILLI., .METRE. ) );
#156 = SURFACE_SIDE_STYLE ('',( #3232 ) ) ;
#157 = CIRCLE ( 'NONE', #1090, 0.6726666666666673011 ) ;
#158 = VERTEX_POINT ( 'NONE', #769 ) ;
#159 = ORIENTED_EDGE ( 'NONE', *, *, #2230, .F. ) ;
#160 = FACE_OUTER_BOUND ( 'NONE', #353, .T. ) ;
#161 =( LENGTH_UNIT ( ) NAMED_UNIT ( * ) SI_UNIT ( .MILLI., .METRE. ) );
#162 = DIRECTION ( 'NONE',  ( 0.000000000000000000, -1.000000000000000000, 0.000000000000000000 ) ) ;
#163 = EDGE_CURVE ( 'NONE', #2948, #3413, #2412, .T. ) ;
#164 = LINE ( 'NONE', #1008, #2269 ) ;
#165 = DIRECTION ( 'NONE',  ( -0.000000000000000000, -1.000000000000000000, -0.000000000000000000 ) ) ;
#166 = DIRECTION ( 'NONE',  ( 0.000000000000000000, 0.000000000000000000, -1.000000000000000000 ) ) ;
#167 = LINE ( 'NONE', #3567, #2920 ) ;
#168 = CARTESIAN_POINT ( 'NONE',  ( -3.018609095887939020, -0.1000000000000000056, -2.500000000000000000 ) ) ;
#169 = DIRECTION ( 'NONE',  ( -0.000000000000000000, -1.000000000000000000, -0.000000000000000000 ) ) ;
#170 = VERTEX_POINT ( 'NONE', #1010 ) ;
#171 = EDGE_CURVE ( 'NONE', #814, #1077, #2737, .T. ) ;
#172 = VECTOR ( 'NONE', #196, 1000.000000000000000 ) ;
#173 = LINE ( 'NONE', #977, #60 ) ;
#174 = CARTESIAN_POINT ( 'NONE',  ( 2.540000000000000480, 1.000000000000000000, 2.972666666666667012 ) ) ;
#175 =( GEOMETRIC_REPRESENTATION_CONTEXT ( 3 ) GLOBAL_UNCERTAINTY_ASSIGNED_CONTEXT ( ( #2103 ) ) GLOBAL_UNIT_ASSIGNED_CONTEXT ( ( #1948, #1152, #574 ) ) REPRESENTATION_CONTEXT ( 'NONE', 'WORKASPACE' ) );
#176 = VERTEX_POINT ( 'NONE', #3277 ) ;
#177 = VERTEX_POINT ( 'NONE', #1928 ) ;
#178 =( NAMED_UNIT ( * ) PLANE_ANGLE_UNIT ( ) SI_UNIT ( $, .RADIAN. ) );
#179 = CARTESIAN_POINT ( 'NONE',  ( 3.099999999999999201, 0.000000000000000000, -2.600000000000001421 ) ) ;
#180 = CARTESIAN_POINT ( 'NONE',  ( 3.239999999999999769, 0.000000000000000000, 2.500000000000000000 ) ) ;
#181 = FILL_AREA_STYLE_COLOUR ( '', #524 ) ;
#182 =( NAMED_UNIT ( * ) PLANE_ANGLE_UNIT ( ) SI_UNIT ( $, .RADIAN. ) );
#183 = COLOUR_RGB ( '',0.9686274509803921573, 0.8784313725490195957, 0.5999999999999999778 ) ;
#184 = UNCERTAINTY_MEASURE_WITH_UNIT (LENGTH_MEASURE( 1.000000000000000082E-05 ), #945, 'distance_accuracy_value', 'NONE');
#185 = VECTOR ( 'NONE', #1944, 1000.000000000000000 ) ;
#186 = ORIENTED_EDGE ( 'NONE', *, *, #218, .F. ) ;
#187 = LINE ( 'NONE', #2706, #1985 ) ;
#188 = COLOUR_RGB ( '',0.9686274509803921573, 0.8784313725490195957, 0.5999999999999999778 ) ;
#189 = ADVANCED_FACE ( 'NONE', ( #3057 ), #1594, .T. ) ;
#190 = DIRECTION ( 'NONE',  ( -0.000000000000000000, 1.000000000000000000, -0.000000000000000000 ) ) ;
#191 = VERTEX_POINT ( 'NONE', #1645 ) ;
#192 = EDGE_CURVE ( 'NONE', #1651, #2167, #587, .T. ) ;
#193 = PLANE ( 'NONE',  #3070 ) ;
#194 = SURFACE_STYLE_USAGE ( .BOTH. , #156 ) ;
#195 = ORIENTED_EDGE ( 'NONE', *, *, #2433, .T. ) ;
#196 = DIRECTION ( 'NONE',  ( -0.000000000000000000, 1.000000000000000000, -0.000000000000000000 ) ) ;
#197 = FILL_AREA_STYLE_COLOUR ( '', #1319 ) ;
#198 = DIRECTION ( 'NONE',  ( -0.000000000000000000, 1.000000000000000000, -0.000000000000000000 ) ) ;
#199 = COLOUR_RGB ( '',0.9686274509803921573, 0.8784313725490195957, 0.5999999999999999778 ) ;
#200 = FACE_OUTER_BOUND ( 'NONE', #278, .T. ) ;
#201 = ORIENTED_EDGE ( 'NONE', *, *, #2143, .T. ) ;
#202 = VECTOR ( 'NONE', #389, 1000.000000000000000 ) ;
#203 = FACE_OUTER_BOUND ( 'NONE', #2885, .T. ) ;
#204 = CARTESIAN_POINT ( 'NONE',  ( 3.018609095887934579, -0.1000000000000000056, 2.500000000000000000 ) ) ;
#205 = CARTESIAN_POINT ( 'NONE',  ( 3.239999999999999769, 0.000000000000000000, 1.300000000000000266 ) ) ;
#206 = PLANE ( 'NONE',  #556 ) ;
#207 = ORIENTED_EDGE ( 'NONE', *, *, #361, .F. ) ;
#208 = VECTOR ( 'NONE', #767, 1000.000000000000000 ) ;
#209 = LINE ( 'NONE', #828, #2927 ) ;
#210 = VECTOR ( 'NONE', #3295, 1000.000000000000000 ) ;
#211 = ADVANCED_FACE ( 'NONE', ( #3370 ), #1453, .T. ) ;
#212 = VERTEX_POINT ( 'NONE', #303 ) ;
#213 = COLOUR_RGB ( '',0.9686274509803921573, 0.8784313725490195957, 0.5999999999999999778 ) ;
#214 =( LENGTH_UNIT ( ) NAMED_UNIT ( * ) SI_UNIT ( .MILLI., .METRE. ) );
#215 =( LENGTH_UNIT ( ) NAMED_UNIT ( * ) SI_UNIT ( .MILLI., .METRE. ) );
#216 = FILL_AREA_STYLE ('',( #3249 ) ) ;
#217 =( NAMED_UNIT ( * ) SI_UNIT ( $, .STERADIAN. ) SOLID_ANGLE_UNIT ( ) );
#218 = EDGE_CURVE ( 'NONE', #2005, #3593, #1964, .T. ) ;
#219 = CARTESIAN_POINT ( 'NONE',  ( -2.539999999999998259, 0.000000000000000000, 2.000000000000000444 ) ) ;
#220 = DIRECTION ( 'NONE',  ( -0.000000000000000000, -0.000000000000000000, 1.000000000000000000 ) ) ;
#221 = SURFACE_STYLE_FILL_AREA ( #1908 ) ;
#222 =( NAMED_UNIT ( * ) PLANE_ANGLE_UNIT ( ) SI_UNIT ( $, .RADIAN. ) );
#223 = EDGE_CURVE ( 'NONE', #84, #2571, #36, .T. ) ;
#224 = VERTEX_POINT ( 'NONE', #3350 ) ;
#225 = CYLINDRICAL_SURFACE ( 'NONE', #252, 0.4566756596122039658 ) ;
#226 = DIRECTION ( 'NONE',  ( 1.934156501956300592E-15, 0.000000000000000000, 1.000000000000000000 ) ) ;
#227 = CARTESIAN_POINT ( 'NONE',  ( 2.949999999999999734, 1.203489949670250025, -1.992893974373677990 ) ) ;
#228 = EDGE_LOOP ( 'NONE', ( #2539, #1583, #7, #1726 ) ) ;
#229 = AXIS2_PLACEMENT_3D ( 'NONE', #910, #1510, #3157 ) ;
#230 = DIRECTION ( 'NONE',  ( -0.000000000000000000, 1.000000000000000000, -0.000000000000000000 ) ) ;
#231 = CARTESIAN_POINT ( 'NONE',  ( -2.400000000000000355, 1.289999999999999813, 1.399999999999998357 ) ) ;
#232 = COLOUR_RGB ( '',0.9686274509803921573, 0.8784313725490195957, 0.5999999999999999778 ) ;
#233 = EDGE_CURVE ( 'NONE', #3175, #3120, #2988, .T. ) ;
#234 = SURFACE_STYLE_USAGE ( .BOTH. , #300 ) ;
#235 =( GEOMETRIC_REPRESENTATION_CONTEXT ( 3 ) GLOBAL_UNCERTAINTY_ASSIGNED_CONTEXT ( ( #1492 ) ) GLOBAL_UNIT_ASSIGNED_CONTEXT ( ( #1005, #431, #1288 ) ) REPRESENTATION_CONTEXT ( 'NONE', 'WORKASPACE' ) );
#236 = EDGE_CURVE ( 'NONE', #1209, #3175, #97, .T. ) ;
#237 = VECTOR ( 'NONE', #2374, 1000.000000000000000 ) ;
#238 = DIRECTION ( 'NONE',  ( -0.000000000000000000, -1.000000000000000000, 0.000000000000000000 ) ) ;
#239 = PRESENTATION_LAYER_ASSIGNMENT (  '', '', ( #3313 ) ) ;
#240 = FACE_OUTER_BOUND ( 'NONE', #1665, .T. ) ;
#241 = EDGE_LOOP ( 'NONE', ( #623, #1089, #963, #2924, #1992, #862, #3156 ) ) ;
#242 = ORIENTED_EDGE ( 'NONE', *, *, #3543, .T. ) ;
#243 = PRESENTATION_STYLE_ASSIGNMENT (( #809 ) ) ;
#244 = DIRECTION ( 'NONE',  ( 0.000000000000000000, 0.000000000000000000, 1.000000000000000000 ) ) ;
#245 =( NAMED_UNIT ( * ) SI_UNIT ( $, .STERADIAN. ) SOLID_ANGLE_UNIT ( ) );
#246 =( LENGTH_UNIT ( ) NAMED_UNIT ( * ) SI_UNIT ( .MILLI., .METRE. ) );
#247 = ORIENTED_EDGE ( 'NONE', *, *, #2348, .F. ) ;
#248 = CARTESIAN_POINT ( 'NONE',  ( 3.249999999999999556, 1.000000000000000000, 1.699999999999999734 ) ) ;
#249 = DIRECTION ( 'NONE',  ( 0.000000000000000000, 0.000000000000000000, 1.000000000000000000 ) ) ;
#250 = CARTESIAN_POINT ( 'NONE',  ( -2.847399644911425264E-15, 1.000000000000000000, -2.599999999999999645 ) ) ;
#251 = MECHANICAL_DESIGN_GEOMETRIC_PRESENTATION_REPRESENTATION (  '', ( #424 ), #2553 ) ;
#252 = AXIS2_PLACEMENT_3D ( 'NONE', #3381, #832, #2192 ) ;
#253 = EDGE_CURVE ( 'NONE', #648, #78, #3533, .T. ) ;
#254 = STYLED_ITEM ( 'NONE', ( #453 ), #1874 ) ;
#255 = MECHANICAL_DESIGN_GEOMETRIC_PRESENTATION_REPRESENTATION (  '', ( #1861 ), #435 ) ;
#256 = ORIENTED_EDGE ( 'NONE', *, *, #578, .F. ) ;
#257 = CARTESIAN_POINT ( 'NONE',  ( 1.840000000000000080, -0.1000000000000000056, 1.300000000000000266 ) ) ;
#258 = STYLED_ITEM ( 'NONE', ( #3206 ), #1601 ) ;
#259 = ORIENTED_EDGE ( 'NONE', *, *, #2906, .T. ) ;
#260 = MECHANICAL_DESIGN_GEOMETRIC_PRESENTATION_REPRESENTATION (  '', ( #3407 ), #2794 ) ;
#261 = DIRECTION ( 'NONE',  ( 0.000000000000000000, 0.000000000000000000, 1.000000000000000000 ) ) ;
#262 = SURFACE_STYLE_FILL_AREA ( #538 ) ;
#263 = FILL_AREA_STYLE_COLOUR ( '', #3257 ) ;
#264 = CARTESIAN_POINT ( 'NONE',  ( 1.980000000000000870, 1.000000000000000000, 2.600000000000000533 ) ) ;
#265 = DIRECTION ( 'NONE',  ( -1.000000000000000000, 0.000000000000000000, 0.000000000000000000 ) ) ;
#266 = EDGE_LOOP ( 'NONE', ( #1201, #513, #2110, #2 ) ) ;
#267 = CARTESIAN_POINT ( 'NONE',  ( 0.000000000000000000, 0.000000000000000000, 0.000000000000000000 ) ) ;
#268 = FACE_OUTER_BOUND ( 'NONE', #3137, .T. ) ;
#269 = DIRECTION ( 'NONE',  ( 0.000000000000000000, -1.000000000000000000, 0.000000000000000000 ) ) ;
#270 = ADVANCED_FACE ( 'NONE', ( #3392 ), #527, .F. ) ;
#271 = VECTOR ( 'NONE', #309, 1000.000000000000000 ) ;
#272 = FILL_AREA_STYLE ('',( #2837 ) ) ;
#273 = DIRECTION ( 'NONE',  ( 0.000000000000000000, 1.000000000000000000, -0.000000000000000000 ) ) ;
#274 = FILL_AREA_STYLE ('',( #3636 ) ) ;
#275 = ORIENTED_EDGE ( 'NONE', *, *, #3351, .T. ) ;
#276 = DIRECTION ( 'NONE',  ( -0.000000000000000000, -1.000000000000000000, -0.000000000000000000 ) ) ;
#277 = ADVANCED_FACE ( 'NONE', ( #2331 ), #2105, .F. ) ;
#278 = EDGE_LOOP ( 'NONE', ( #1018, #1495, #1816, #1697 ) ) ;
#279 = ADVANCED_FACE ( 'NONE', ( #2634 ), #2901, .T. ) ;
#280 = FACE_OUTER_BOUND ( 'NONE', #2986, .T. ) ;
#281 = SURFACE_SIDE_STYLE ('',( #560 ) ) ;
#282 = VERTEX_POINT ( 'NONE', #1762 ) ;
#283 = DIRECTION ( 'NONE',  ( 0.000000000000000000, -1.000000000000000000, 0.000000000000000000 ) ) ;
#284 = VECTOR ( 'NONE', #320, 1000.000000000000000 ) ;
#285 = DIRECTION ( 'NONE',  ( -0.000000000000000000, -1.000000000000000000, 0.000000000000000000 ) ) ;
#286 = CYLINDRICAL_SURFACE ( 'NONE', #2463, 0.6726666666666673011 ) ;
#287 = STYLED_ITEM ( 'NONE', ( #243 ), #3081 ) ;
#288 = FILL_AREA_STYLE ('',( #3422 ) ) ;
#289 = FILL_AREA_STYLE ('',( #529 ) ) ;
#290 = EDGE_LOOP ( 'NONE', ( #2252, #3215, #311, #2574 ) ) ;
#291 = LINE ( 'NONE', #1392, #762 ) ;
#292 = CARTESIAN_POINT ( 'NONE',  ( -3.239999999999997105, 0.000000000000000000, 2.500000000000000888 ) ) ;
#293 = VECTOR ( 'NONE', #2834, 1000.000000000000000 ) ;
#294 = ORIENTED_EDGE ( 'NONE', *, *, #1103, .T. ) ;
#295 = DIRECTION ( 'NONE',  ( -0.000000000000000000, -1.000000000000000000, -0.000000000000000000 ) ) ;
#296 = DIRECTION ( 'NONE',  ( 0.000000000000000000, 0.000000000000000000, -1.000000000000000000 ) ) ;
#297 = DIRECTION ( 'NONE',  ( -1.000000000000000000, 0.000000000000000000, 0.000000000000000000 ) ) ;
#298 = ORIENTED_EDGE ( 'NONE', *, *, #2761, .F. ) ;
#299 = CARTESIAN_POINT ( 'NONE',  ( -3.600000000000000089, 1.000000000000000000, 2.349999999999998312 ) ) ;
#300 = SURFACE_SIDE_STYLE ('',( #2225 ) ) ;
#301 = CIRCLE ( 'NONE', #723, 0.2928939743736774792 ) ;
#302 = ADVANCED_FACE ( 'NONE', ( #94 ), #3585, .F. ) ;
#303 = CARTESIAN_POINT ( 'NONE',  ( 3.349999999999997424, 0.000000000000000000, -2.600000000000000533 ) ) ;
#304 = COLOUR_RGB ( '',0.9686274509803921573, 0.8784313725490195957, 0.5999999999999999778 ) ;
#305 = PRESENTATION_LAYER_ASSIGNMENT (  '', '', ( #1914 ) ) ;
#306 = STYLED_ITEM ( 'NONE', ( #2095 ), #840 ) ;
#307 = EDGE_LOOP ( 'NONE', ( #3474, #1144, #1826, #2875 ) ) ;
#308 = PRESENTATION_STYLE_ASSIGNMENT (( #2347 ) ) ;
#309 = DIRECTION ( 'NONE',  ( -1.734723475976810053E-15, 0.000000000000000000, -1.000000000000000000 ) ) ;
#310 = AXIS2_PLACEMENT_3D ( 'NONE', #1289, #1869, #1006 ) ;
#311 = ORIENTED_EDGE ( 'NONE', *, *, #1208, .T. ) ;
#312 = DIRECTION ( 'NONE',  ( -0.000000000000000000, -1.000000000000000000, 0.000000000000000000 ) ) ;
#313 = PRESENTATION_STYLE_ASSIGNMENT (( #1153 ) ) ;
#314 = DIRECTION ( 'NONE',  ( -1.000000000000000000, -0.000000000000000000, -1.548860246407863829E-16 ) ) ;
#315 = FILL_AREA_STYLE_COLOUR ( '', #1057 ) ;
#316 = COLOUR_RGB ( '',0.2470588235294117752, 0.000000000000000000, 0.2549019607843137081 ) ;
#317 = ADVANCED_FACE ( 'NONE', ( #1331 ), #1502, .T. ) ;
#318 = ORIENTED_EDGE ( 'NONE', *, *, #1678, .F. ) ;
#319 = STYLED_ITEM ( 'NONE', ( #1738 ), #1822 ) ;
#320 = DIRECTION ( 'NONE',  ( -0.000000000000000000, 1.000000000000000000, -0.000000000000000000 ) ) ;
#321 = FILL_AREA_STYLE_COLOUR ( '', #422 ) ;
#322 = PLANE ( 'NONE',  #1955 ) ;
#323 = LINE ( 'NONE', #1761, #436 ) ;
#324 = AXIS2_PLACEMENT_3D ( 'NONE', #863, #1186, #131 ) ;
#325 = UNCERTAINTY_MEASURE_WITH_UNIT (LENGTH_MEASURE( 1.000000000000000082E-05 ), #2689, 'distance_accuracy_value', 'NONE');
#326 = CIRCLE ( 'NONE', #39, 0.09999999999999982514 ) ;
#327 = ORIENTED_EDGE ( 'NONE', *, *, #2723, .F. ) ;
#328 = LINE ( 'NONE', #1473, #939 ) ;
#329 = DIRECTION ( 'NONE',  ( 0.000000000000000000, 0.000000000000000000, 1.000000000000000000 ) ) ;
#330 = ORIENTED_EDGE ( 'NONE', *, *, #3673, .T. ) ;
#331 = FILL_AREA_STYLE ('',( #2873 ) ) ;
#332 = PLANE ( 'NONE',  #675 ) ;
#333 = PLANE ( 'NONE',  #818 ) ;
#334 = ORIENTED_EDGE ( 'NONE', *, *, #2218, .F. ) ;
#335 =( LENGTH_UNIT ( ) NAMED_UNIT ( * ) SI_UNIT ( .MILLI., .METRE. ) );
#336 = DIRECTION ( 'NONE',  ( -1.807003620809174139E-16, -0.000000000000000000, -1.000000000000000000 ) ) ;
#337 = SURFACE_STYLE_FILL_AREA ( #1758 ) ;
#338 = SURFACE_SIDE_STYLE ('',( #1248 ) ) ;
#339 = MECHANICAL_DESIGN_GEOMETRIC_PRESENTATION_REPRESENTATION (  '', ( #2178 ), #2071 ) ;
#340 = ADVANCED_FACE ( 'NONE', ( #1611 ), #2979, .F. ) ;
#341 =( GEOMETRIC_REPRESENTATION_CONTEXT ( 3 ) GLOBAL_UNCERTAINTY_ASSIGNED_CONTEXT ( ( #3557 ) ) GLOBAL_UNIT_ASSIGNED_CONTEXT ( ( #348, #1476, #616 ) ) REPRESENTATION_CONTEXT ( 'NONE', 'WORKASPACE' ) );
#342 = CARTESIAN_POINT ( 'NONE',  ( 3.600000000000000089, 1.000000000000000000, 2.349999999999999645 ) ) ;
#343 = PRESENTATION_STYLE_ASSIGNMENT (( #425 ) ) ;
#344 =( GEOMETRIC_REPRESENTATION_CONTEXT ( 3 ) GLOBAL_UNCERTAINTY_ASSIGNED_CONTEXT ( ( #2544 ) ) GLOBAL_UNIT_ASSIGNED_CONTEXT ( ( #3511, #119, #1241 ) ) REPRESENTATION_CONTEXT ( 'NONE', 'WORKASPACE' ) );
#345 = STYLED_ITEM ( 'NONE', ( #571 ), #3356 ) ;
#346 = PRESENTATION_LAYER_ASSIGNMENT (  '', '', ( #995 ) ) ;
#347 = EDGE_LOOP ( 'NONE', ( #1069, #1848, #3008, #2738 ) ) ;
#348 =( LENGTH_UNIT ( ) NAMED_UNIT ( * ) SI_UNIT ( .MILLI., .METRE. ) );
#349 = CARTESIAN_POINT ( 'NONE',  ( -2.949999999999999734, 1.300000000000000044, -1.892954891671768225 ) ) ;
#350 = CARTESIAN_POINT ( 'NONE',  ( 2.540000000000000480, -0.1000000000000000056, 2.972666666666667012 ) ) ;
#351 = DIRECTION ( 'NONE',  ( 0.000000000000000000, 0.000000000000000000, -1.000000000000000000 ) ) ;
#352 = VECTOR ( 'NONE', #2299, 1000.000000000000000 ) ;
#353 = EDGE_LOOP ( 'NONE', ( #48, #3452, #2349, #3193 ) ) ;
#354 = CARTESIAN_POINT ( 'NONE',  ( 2.539999999999999591, 0.000000000000000000, -2.972666666666667901 ) ) ;
#355 =( NAMED_UNIT ( * ) PLANE_ANGLE_UNIT ( ) SI_UNIT ( $, .RADIAN. ) );
#356 = SURFACE_STYLE_FILL_AREA ( #949 ) ;
#357 = SURFACE_STYLE_USAGE ( .BOTH. , #1468 ) ;
#358 = SURFACE_STYLE_USAGE ( .BOTH. , #93 ) ;
#359 = CARTESIAN_POINT ( 'NONE',  ( -2.540000000000000480, 1.000000000000000000, -2.972666666666664348 ) ) ;
#360 = UNCERTAINTY_MEASURE_WITH_UNIT (LENGTH_MEASURE( 1.000000000000000082E-05 ), #3310, 'distance_accuracy_value', 'NONE');
#361 = EDGE_CURVE ( 'NONE', #3209, #3593, #2032, .T. ) ;
#362 = SURFACE_STYLE_FILL_AREA ( #2903 ) ;
#363 = EDGE_CURVE ( 'NONE', #2190, #864, #798, .T. ) ;
#364 = ORIENTED_EDGE ( 'NONE', *, *, #3638, .F. ) ;
#365 =( NAMED_UNIT ( * ) SI_UNIT ( $, .STERADIAN. ) SOLID_ANGLE_UNIT ( ) );
#366 = AXIS2_PLACEMENT_3D ( 'NONE', #1626, #1271, #2735 ) ;
#367 = VERTEX_POINT ( 'NONE', #32 ) ;
#368 = AXIS2_PLACEMENT_3D ( 'NONE', #3408, #1082, #860 ) ;
#369 =( NAMED_UNIT ( * ) SI_UNIT ( $, .STERADIAN. ) SOLID_ANGLE_UNIT ( ) );
#370 =( NAMED_UNIT ( * ) PLANE_ANGLE_UNIT ( ) SI_UNIT ( $, .RADIAN. ) );
#371 = PLANE ( 'NONE',  #1055 ) ;
#372 = DIRECTION ( 'NONE',  ( -0.000000000000000000, -1.000000000000000000, -0.000000000000000000 ) ) ;
#373 = AXIS2_PLACEMENT_3D ( 'NONE', #822, #2023, #3111 ) ;
#374 = EDGE_CURVE ( 'NONE', #426, #1077, #2263, .T. ) ;
#375 =( NAMED_UNIT ( * ) SI_UNIT ( $, .STERADIAN. ) SOLID_ANGLE_UNIT ( ) );
#376 = AXIS2_PLACEMENT_3D ( 'NONE', #110, #2314, #2921 ) ;
#377 = CIRCLE ( 'NONE', #2799, 0.6726666666666673011 ) ;
#378 = CARTESIAN_POINT ( 'NONE',  ( -3.100000000000000977, 1.000000000000000000, -2.599999999999997424 ) ) ;
#379 = SURFACE_SIDE_STYLE ('',( #2315 ) ) ;
#380 = AXIS2_PLACEMENT_3D ( 'NONE', #3326, #1575, #166 ) ;
#381 = VERTEX_POINT ( 'NONE', #2475 ) ;
#382 = DIRECTION ( 'NONE',  ( 0.000000000000000000, 0.000000000000000000, -1.000000000000000000 ) ) ;
#383 =( LENGTH_UNIT ( ) NAMED_UNIT ( * ) SI_UNIT ( .MILLI., .METRE. ) );
#384 = EDGE_CURVE ( 'NONE', #444, #634, #301, .T. ) ;
#385 = ORIENTED_EDGE ( 'NONE', *, *, #578, .T. ) ;
#386 = EDGE_CURVE ( 'NONE', #444, #2449, #3405, .T. ) ;
#387 = ORIENTED_EDGE ( 'NONE', *, *, #2853, .F. ) ;
#388 = SURFACE_STYLE_USAGE ( .BOTH. , #916 ) ;
#389 = DIRECTION ( 'NONE',  ( 1.000000000000000000, 0.000000000000000000, 0.000000000000000000 ) ) ;
#390 = DIRECTION ( 'NONE',  ( -0.000000000000000000, 1.000000000000000000, -0.000000000000000000 ) ) ;
#391 = CARTESIAN_POINT ( 'NONE',  ( -2.539999999999998259, 0.000000000000000000, 2.000000000000000444 ) ) ;
#392 =( NAMED_UNIT ( * ) PLANE_ANGLE_UNIT ( ) SI_UNIT ( $, .RADIAN. ) );
#393 = UNCERTAINTY_MEASURE_WITH_UNIT (LENGTH_MEASURE( 1.000000000000000082E-05 ), #2306, 'distance_accuracy_value', 'NONE');
#394 = SURFACE_SIDE_STYLE ('',( #1518 ) ) ;
#395 = CARTESIAN_POINT ( 'NONE',  ( 3.600000000000000089, 0.000000000000000000, -2.349999999999998757 ) ) ;
#396 = LINE ( 'NONE', #923, #3048 ) ;
#397 = CARTESIAN_POINT ( 'NONE',  ( 2.949999999999999734, 1.000000000000000000, 1.999999999999999556 ) ) ;
#398 = LINE ( 'NONE', #3140, #3315 ) ;
#399 = AXIS2_PLACEMENT_3D ( 'NONE', #1268, #2324, #626 ) ;
#400 = PRESENTATION_LAYER_ASSIGNMENT (  '', '', ( #287 ) ) ;
#401 = ORIENTED_EDGE ( 'NONE', *, *, #1678, .T. ) ;
#402 = AXIS2_PLACEMENT_3D ( 'NONE', #70, #2355, #1449 ) ;
#403 = FILL_AREA_STYLE_COLOUR ( '', #1894 ) ;
#404 = VECTOR ( 'NONE', #1836, 1000.000000000000227 ) ;
#405 = AXIS2_PLACEMENT_3D ( 'NONE', #2773, #2749, #539 ) ;
#406 = PLANE ( 'NONE',  #2311 ) ;
#407 = VERTEX_POINT ( 'NONE', #299 ) ;
#408 =( GEOMETRIC_REPRESENTATION_CONTEXT ( 3 ) GLOBAL_UNCERTAINTY_ASSIGNED_CONTEXT ( ( #1815 ) ) GLOBAL_UNIT_ASSIGNED_CONTEXT ( ( #3383, #1360, #2787 ) ) REPRESENTATION_CONTEXT ( 'NONE', 'WORKASPACE' ) );
#409 = ORIENTED_EDGE ( 'NONE', *, *, #652, .F. ) ;
#410 = CYLINDRICAL_SURFACE ( 'NONE', #3020, 0.09999999999999982514 ) ;
#411 = CARTESIAN_POINT ( 'NONE',  ( -2.539999999999999591, 1.000000000000000000, 2.972666666666665236 ) ) ;
#412 = CARTESIAN_POINT ( 'NONE',  ( 3.018609095887932359, -0.1000000000000000056, -2.500000000000000000 ) ) ;
#413 = DIRECTION ( 'NONE',  ( 0.000000000000000000, 0.000000000000000000, 1.000000000000000000 ) ) ;
#414 = SURFACE_SIDE_STYLE ('',( #2701 ) ) ;
#415 = DIRECTION ( 'NONE',  ( -0.000000000000000000, -1.000000000000000000, -0.000000000000000000 ) ) ;
#416 = EDGE_CURVE ( 'NONE', #381, #3144, #854, .T. ) ;
#417 = EDGE_CURVE ( 'NONE', #158, #1337, #1130, .T. ) ;
#418 = DIRECTION ( 'NONE',  ( -0.000000000000000000, -0.000000000000000000, 1.000000000000000000 ) ) ;
#419 =( NAMED_UNIT ( * ) SI_UNIT ( $, .STERADIAN. ) SOLID_ANGLE_UNIT ( ) );
#420 = DIRECTION ( 'NONE',  ( -1.000000000000000000, -0.000000000000000000, -1.548860246407863829E-16 ) ) ;
#421 = ORIENTED_EDGE ( 'NONE', *, *, #3575, .T. ) ;
#422 = COLOUR_RGB ( '',0.9686274509803921573, 0.8784313725490195957, 0.5999999999999999778 ) ;
#423 = CARTESIAN_POINT ( 'NONE',  ( 1.980000000000000426, 1.000000000000000000, -2.600000000000001421 ) ) ;
#424 = STYLED_ITEM ( 'NONE', ( #1250 ), #279 ) ;
#425 = SURFACE_STYLE_USAGE ( .BOTH. , #2338 ) ;
#426 = VERTEX_POINT ( 'NONE', #2562 ) ;
#427 = ORIENTED_EDGE ( 'NONE', *, *, #2761, .T. ) ;
#428 = STYLED_ITEM ( 'NONE', ( #2872 ), #770 ) ;
#429 = SURFACE_STYLE_FILL_AREA ( #1624 ) ;
#430 = SURFACE_STYLE_USAGE ( .BOTH. , #2995 ) ;
#431 =( NAMED_UNIT ( * ) PLANE_ANGLE_UNIT ( ) SI_UNIT ( $, .RADIAN. ) );
#432 = DIRECTION ( 'NONE',  ( 0.000000000000000000, -0.000000000000000000, -1.000000000000000000 ) ) ;
#433 = CIRCLE ( 'NONE', #2565, 0.1929548916717684914 ) ;
#434 = UNCERTAINTY_MEASURE_WITH_UNIT (LENGTH_MEASURE( 1.000000000000000082E-05 ), #2080, 'distance_accuracy_value', 'NONE');
#435 =( GEOMETRIC_REPRESENTATION_CONTEXT ( 3 ) GLOBAL_UNCERTAINTY_ASSIGNED_CONTEXT ( ( #2691 ) ) GLOBAL_UNIT_ASSIGNED_CONTEXT ( ( #2478, #1388, #3635 ) ) REPRESENTATION_CONTEXT ( 'NONE', 'WORKASPACE' ) );
#436 = VECTOR ( 'NONE', #935, 1000.000000000000000 ) ;
#437 = ADVANCED_FACE ( 'NONE', ( #3631 ), #3366, .F. ) ;
#438 = CARTESIAN_POINT ( 'NONE',  ( -3.246629794778797429, 1.096510050329749797, 1.699999999999999734 ) ) ;
#439 = CLOSED_SHELL ( 'NONE', ( #211, #1886, #2066, #1598, #1988, #3356, #1873, #1279 ) ) ;
#440 = DIRECTION ( 'NONE',  ( -1.000000000000000000, 0.000000000000000000, -1.548860246407864076E-16 ) ) ;
#441 = FILL_AREA_STYLE_COLOUR ( '', #3227 ) ;
#442 =( GEOMETRIC_REPRESENTATION_CONTEXT ( 3 ) GLOBAL_UNCERTAINTY_ASSIGNED_CONTEXT ( ( #2614 ) ) GLOBAL_UNIT_ASSIGNED_CONTEXT ( ( #674, #2310, #1225 ) ) REPRESENTATION_CONTEXT ( 'NONE', 'WORKASPACE' ) );
#443 = VECTOR ( 'NONE', #1218, 1000.000000000000000 ) ;
#444 = VERTEX_POINT ( 'NONE', #13 ) ;
#445 = FACE_OUTER_BOUND ( 'NONE', #1483, .T. ) ;
#446 = AXIS2_PLACEMENT_3D ( 'NONE', #3396, #887, #846 ) ;
#447 = ORIENTED_EDGE ( 'NONE', *, *, #3211, .T. ) ;
#448 = ORIENTED_EDGE ( 'NONE', *, *, #2134, .F. ) ;
#449 = PLANE ( 'NONE',  #3365 ) ;
#450 = DIRECTION ( 'NONE',  ( 0.000000000000000000, 0.000000000000000000, 1.000000000000000000 ) ) ;
#451 = LINE ( 'NONE', #2101, #3431 ) ;
#452 = FACE_OUTER_BOUND ( 'NONE', #2060, .T. ) ;
#453 = PRESENTATION_STYLE_ASSIGNMENT (( #2685 ) ) ;
#454 = VERTEX_POINT ( 'NONE', #2835 ) ;
#455 = DIRECTION ( 'NONE',  ( -0.000000000000000000, 1.000000000000000000, -0.000000000000000000 ) ) ;
#456 = FILL_AREA_STYLE ('',( #1310 ) ) ;
#457 = EDGE_CURVE ( 'NONE', #2167, #1315, #2792, .T. ) ;
#458 = PRESENTATION_STYLE_ASSIGNMENT (( #3006 ) ) ;
#459 = SURFACE_SIDE_STYLE ('',( #1294 ) ) ;
#460 = ORIENTED_EDGE ( 'NONE', *, *, #1854, .T. ) ;
#461 = CARTESIAN_POINT ( 'NONE',  ( -3.142954891671768447, 1.300000000000000044, 1.699999999999999734 ) ) ;
#462 = CARTESIAN_POINT ( 'NONE',  ( 3.772743730481633140, 1.000000000000000000, -2.772743730481634916 ) ) ;
#463 = CIRCLE ( 'NONE', #1295, 0.4566756596122039658 ) ;
#464 = ORIENTED_EDGE ( 'NONE', *, *, #3197, .T. ) ;
#465 = CIRCLE ( 'NONE', #2302, 0.6999999999999998446 ) ;
#466 =( NAMED_UNIT ( * ) PLANE_ANGLE_UNIT ( ) SI_UNIT ( $, .RADIAN. ) );
#467 = DIRECTION ( 'NONE',  ( 1.000000000000000000, 0.000000000000000000, 0.000000000000000000 ) ) ;
#468 = VECTOR ( 'NONE', #2414, 1000.000000000000000 ) ;
#469 = PRESENTATION_STYLE_ASSIGNMENT (( #3033 ) ) ;
#470 = UNCERTAINTY_MEASURE_WITH_UNIT (LENGTH_MEASURE( 1.000000000000000082E-05 ), #3220, 'distance_accuracy_value', 'NONE');
#471 = ORIENTED_EDGE ( 'NONE', *, *, #386, .T. ) ;
#472 = CARTESIAN_POINT ( 'NONE',  ( -1.708439786946855316E-15, 1.000000000000000000, 2.599999999999999645 ) ) ;
#473 =( GEOMETRIC_REPRESENTATION_CONTEXT ( 3 ) GLOBAL_UNCERTAINTY_ASSIGNED_CONTEXT ( ( #1811 ) ) GLOBAL_UNIT_ASSIGNED_CONTEXT ( ( #653, #1513, #1685 ) ) REPRESENTATION_CONTEXT ( 'NONE', 'WORKASPACE' ) );
#474 = SURFACE_STYLE_USAGE ( .BOTH. , #694 ) ;
#475 =( LENGTH_UNIT ( ) NAMED_UNIT ( * ) SI_UNIT ( .MILLI., .METRE. ) );
#476 = UNCERTAINTY_MEASURE_WITH_UNIT (LENGTH_MEASURE( 1.000000000000000082E-05 ), #549, 'distance_accuracy_value', 'NONE');
#477 = PRESENTATION_STYLE_ASSIGNMENT (( #2443 ) ) ;
#478 = APPLICATION_PROTOCOL_DEFINITION ( 'draft international standard', 'automotive_design', 1998, #2581 ) ;
#479 = ADVANCED_FACE ( 'NONE', ( #268 ), #2550, .T. ) ;
#480 = ORIENTED_EDGE ( 'NONE', *, *, #3530, .T. ) ;
#481 = ADVANCED_FACE ( 'NONE', ( #3482 ), #1158, .F. ) ;
#482 = FILL_AREA_STYLE ('',( #2728 ) ) ;
#483 = DIRECTION ( 'NONE',  ( -1.000000000000000000, 0.000000000000000000, -0.000000000000000000 ) ) ;
#484 = ORIENTED_EDGE ( 'NONE', *, *, #3398, .T. ) ;
#485 = CYLINDRICAL_SURFACE ( 'NONE', #2760, 0.6726666666666673011 ) ;
#486 = CARTESIAN_POINT ( 'NONE',  ( 2.540000000000000480, 0.000000000000000000, 2.972666666666667012 ) ) ;
#487 = VECTOR ( 'NONE', #2131, 1000.000000000000000 ) ;
#488 = ORIENTED_EDGE ( 'NONE', *, *, #1023, .F. ) ;
#489 = STYLED_ITEM ( 'NONE', ( #2677 ), #825 ) ;
#490 = FILL_AREA_STYLE ('',( #1850 ) ) ;
#491 = EDGE_CURVE ( 'NONE', #170, #1375, #87, .T. ) ;
#492 = VECTOR ( 'NONE', #1213, 1000.000000000000000 ) ;
#493 = LINE ( 'NONE', #1893, #2922 ) ;
#494 = AXIS2_PLACEMENT_3D ( 'NONE', #629, #642, #2567 ) ;
#495 = DIRECTION ( 'NONE',  ( 1.000000000000000000, 0.000000000000000000, 1.548860246407864076E-16 ) ) ;
#496 = AXIS2_PLACEMENT_3D ( 'NONE', #3655, #1124, #38 ) ;
#497 = DIRECTION ( 'NONE',  ( 0.000000000000000000, 1.000000000000000000, -0.000000000000000000 ) ) ;
#498 = CLOSED_SHELL ( 'NONE', ( #1296, #840, #3053, #2273, #277, #1699, #2585, #703, #749, #72, #1913, #1601, #1262, #1382, #1150, #1874, #691, #770, #1249, #1328, #2879, #479, #1986, #130, #2481, #1196, #1230, #317, #2041, #1325, #565, #1819, #3173, #2975, #279, #3513, #1164, #3290, #1798, #2584, #1524, #340, #1823, #2822, #1587, #1743, #270, #598 ) ) ;
#499 = ORIENTED_EDGE ( 'NONE', *, *, #815, .T. ) ;
#500 = EDGE_CURVE ( 'NONE', #1857, #282, #1484, .T. ) ;
#501 = STYLED_ITEM ( 'NONE', ( #695 ), #1070 ) ;
#502 = CARTESIAN_POINT ( 'NONE',  ( -3.600000000000000089, 1.000000000000000000, 0.000000000000000000 ) ) ;
#503 = DIRECTION ( 'NONE',  ( -1.000000000000000000, 0.000000000000000000, 0.000000000000000000 ) ) ;
#504 = SURFACE_STYLE_USAGE ( .BOTH. , #281 ) ;
#505 = CARTESIAN_POINT ( 'NONE',  ( -3.346568877480706750, 1.100000000000000089, 1.699999999999999734 ) ) ;
#506 = EDGE_CURVE ( 'NONE', #1622, #2323, #103, .T. ) ;
#507 = ORIENTED_EDGE ( 'NONE', *, *, #1576, .F. ) ;
#508 = SURFACE_STYLE_USAGE ( .BOTH. , #2519 ) ;
#509 = CARTESIAN_POINT ( 'NONE',  ( 3.600000000000000089, 1.000000000000000000, -2.349999999999998757 ) ) ;
#510 =( LENGTH_UNIT ( ) NAMED_UNIT ( * ) SI_UNIT ( .MILLI., .METRE. ) );
#511 = EDGE_LOOP ( 'NONE', ( #1765, #507, #2445, #1763, #3234, #3112, #3216 ) ) ;
#512 = CARTESIAN_POINT ( 'NONE',  ( -1.839999999999998304, -0.1000000000000000056, 2.000000000000000444 ) ) ;
#513 = ORIENTED_EDGE ( 'NONE', *, *, #2627, .F. ) ;
#514 = SURFACE_SIDE_STYLE ('',( #559 ) ) ;
#515 = FACE_OUTER_BOUND ( 'NONE', #1305, .T. ) ;
#516 = CARTESIAN_POINT ( 'NONE',  ( 2.539999999999999591, -0.1000000000000000056, -2.972666666666667901 ) ) ;
#517 = DIRECTION ( 'NONE',  ( -1.000000000000000000, 0.000000000000000000, 0.000000000000000000 ) ) ;
#518 = ORIENTED_EDGE ( 'NONE', *, *, #2446, .T. ) ;
#519 = MECHANICAL_DESIGN_GEOMETRIC_PRESENTATION_REPRESENTATION (  '', ( #1942 ), #3424 ) ;
#520 = EDGE_CURVE ( 'NONE', #2765, #864, #2915, .T. ) ;
#521 = FILL_AREA_STYLE ('',( #3123 ) ) ;
#522 = DIRECTION ( 'NONE',  ( -1.000000000000000000, 0.000000000000000000, -0.000000000000000000 ) ) ;
#523 = AXIS2_PLACEMENT_3D ( 'NONE', #2889, #351, #1173 ) ;
#524 = COLOUR_RGB ( '',0.2470588235294117752, 0.000000000000000000, 0.2549019607843137081 ) ;
#525 = VECTOR ( 'NONE', #1322, 1000.000000000000000 ) ;
#526 = SURFACE_STYLE_FILL_AREA ( #272 ) ;
#527 = CYLINDRICAL_SURFACE ( 'NONE', #1735, 0.09999999999999982514 ) ;
#528 = AXIS2_PLACEMENT_3D ( 'NONE', #1975, #1920, #777 ) ;
#529 = FILL_AREA_STYLE_COLOUR ( '', #3528 ) ;
#530 = VECTOR ( 'NONE', #534, 1000.000000000000227 ) ;
#531 = ORIENTED_EDGE ( 'NONE', *, *, #1185, .T. ) ;
#532 = CARTESIAN_POINT ( 'NONE',  ( -3.239999999999997993, 0.000000000000000000, 2.000000000000001776 ) ) ;
#533 = CARTESIAN_POINT ( 'NONE',  ( -2.949999999999999734, 1.203489949670250025, 1.992893974373677990 ) ) ;
#534 = DIRECTION ( 'NONE',  ( -0.03489949670250097613, -0.9993908270190956511, -0.000000000000000000 ) ) ;
#535 = ORIENTED_EDGE ( 'NONE', *, *, #925, .F. ) ;
#536 = EDGE_CURVE ( 'NONE', #3144, #1329, #2643, .T. ) ;
#537 = DIRECTION ( 'NONE',  ( -1.000000000000000000, -0.000000000000000000, -0.000000000000000000 ) ) ;
#538 = FILL_AREA_STYLE ('',( #810 ) ) ;
#539 = DIRECTION ( 'NONE',  ( 0.000000000000000000, 0.000000000000000000, 1.000000000000000000 ) ) ;
#540 = DIRECTION ( 'NONE',  ( -0.000000000000000000, 1.000000000000000000, -0.000000000000000000 ) ) ;
#541 = DIRECTION ( 'NONE',  ( 0.000000000000000000, -0.9993908270190956511, 0.03489949670250096919 ) ) ;
#542 = EDGE_LOOP ( 'NONE', ( #1095, #989, #557, #427 ) ) ;
#543 = AXIS2_PLACEMENT_3D ( 'NONE', #1938, #545, #1997 ) ;
#544 = SURFACE_SIDE_STYLE ('',( #1672 ) ) ;
#545 = DIRECTION ( 'NONE',  ( -1.000000000000000000, 0.000000000000000000, 0.000000000000000000 ) ) ;
#546 = SURFACE_STYLE_FILL_AREA ( #3124 ) ;
#547 = FILL_AREA_STYLE ('',( #2563 ) ) ;
#548 = COLOUR_RGB ( '',0.2470588235294117752, 0.000000000000000000, 0.2549019607843137081 ) ;
#549 =( LENGTH_UNIT ( ) NAMED_UNIT ( * ) SI_UNIT ( .MILLI., .METRE. ) );
#550 = DIRECTION ( 'NONE',  ( -1.000000000000000000, 0.000000000000000000, 0.000000000000000000 ) ) ;
#551 = EDGE_CURVE ( 'NONE', #3656, #134, #1192, .T. ) ;
#552 = ORIENTED_EDGE ( 'NONE', *, *, #520, .F. ) ;
#553 = CARTESIAN_POINT ( 'NONE',  ( -1.979999999999999982, 0.000000000000000000, -2.599999999999997424 ) ) ;
#554 =( GEOMETRIC_REPRESENTATION_CONTEXT ( 3 ) GLOBAL_UNCERTAINTY_ASSIGNED_CONTEXT ( ( #476 ) ) GLOBAL_UNIT_ASSIGNED_CONTEXT ( ( #549, #3391, #2502 ) ) REPRESENTATION_CONTEXT ( 'NONE', 'WORKASPACE' ) );
#555 = FACE_OUTER_BOUND ( 'NONE', #307, .T. ) ;
#556 = AXIS2_PLACEMENT_3D ( 'NONE', #1909, #3541, #988 ) ;
#557 = ORIENTED_EDGE ( 'NONE', *, *, #2362, .T. ) ;
#558 = SURFACE_STYLE_FILL_AREA ( #1972 ) ;
#559 = SURFACE_STYLE_FILL_AREA ( #3358 ) ;
#560 = SURFACE_STYLE_FILL_AREA ( #2452 ) ;
#561 = CARTESIAN_POINT ( 'NONE',  ( 1.839999999999999858, 0.000000000000000000, 2.500000000000000000 ) ) ;
#562 = DIRECTION ( 'NONE',  ( 0.000000000000000000, 0.000000000000000000, -1.000000000000000000 ) ) ;
#563 = ORIENTED_EDGE ( 'NONE', *, *, #417, .F. ) ;
#564 = AXIS2_PLACEMENT_3D ( 'NONE', #3622, #483, #1353 ) ;
#565 = ADVANCED_FACE ( 'NONE', ( #948 ), #656, .F. ) ;
#566 = SURFACE_STYLE_FILL_AREA ( #1402 ) ;
#567 =( NAMED_UNIT ( * ) PLANE_ANGLE_UNIT ( ) SI_UNIT ( $, .RADIAN. ) );
#568 = COLOUR_RGB ( '',0.2470588235294117752, 0.000000000000000000, 0.2549019607843137081 ) ;
#569 = CARTESIAN_POINT ( 'NONE',  ( 2.949999999999999734, 1.300000000000000044, 1.892954891671768225 ) ) ;
#570 = ORIENTED_EDGE ( 'NONE', *, *, #2091, .T. ) ;
#571 = PRESENTATION_STYLE_ASSIGNMENT (( #24 ) ) ;
#572 = FACE_OUTER_BOUND ( 'NONE', #2628, .T. ) ;
#573 = ORIENTED_EDGE ( 'NONE', *, *, #551, .F. ) ;
#574 =( NAMED_UNIT ( * ) SI_UNIT ( $, .STERADIAN. ) SOLID_ANGLE_UNIT ( ) );
#575 = DIRECTION ( 'NONE',  ( -1.000000000000000000, 0.000000000000000000, 0.000000000000000000 ) ) ;
#576 = DIRECTION ( 'NONE',  ( -0.000000000000000000, -1.000000000000000000, -0.000000000000000000 ) ) ;
#577 = CARTESIAN_POINT ( 'NONE',  ( 3.018609095887932359, 0.000000000000000000, -2.500000000000000000 ) ) ;
#578 = EDGE_CURVE ( 'NONE', #2948, #1209, #1884, .T. ) ;
#579 = ORIENTED_EDGE ( 'NONE', *, *, #621, .T. ) ;
#580 = AXIS2_PLACEMENT_3D ( 'NONE', #354, #3217, #1757 ) ;
#581 = SURFACE_STYLE_FILL_AREA ( #521 ) ;
#582 =( NAMED_UNIT ( * ) SI_UNIT ( $, .STERADIAN. ) SOLID_ANGLE_UNIT ( ) );
#583 = SURFACE_STYLE_FILL_AREA ( #856 ) ;
#584 = MECHANICAL_DESIGN_GEOMETRIC_PRESENTATION_REPRESENTATION (  '', ( #2182 ), #1488 ) ;
#585 =( NAMED_UNIT ( * ) PLANE_ANGLE_UNIT ( ) SI_UNIT ( $, .RADIAN. ) );
#586 = CIRCLE ( 'NONE', #2010, 0.6726666666666660799 ) ;
#587 = LINE ( 'NONE', #1701, #3460 ) ;
#588 = VECTOR ( 'NONE', #1300, 1000.000000000000000 ) ;
#589 = UNCERTAINTY_MEASURE_WITH_UNIT (LENGTH_MEASURE( 1.000000000000000082E-05 ), #2742, 'distance_accuracy_value', 'NONE');
#590 = VECTOR ( 'NONE', #3012, 1000.000000000000000 ) ;
#591 =( GEOMETRIC_REPRESENTATION_CONTEXT ( 3 ) GLOBAL_UNCERTAINTY_ASSIGNED_CONTEXT ( ( #1217 ) ) GLOBAL_UNIT_ASSIGNED_CONTEXT ( ( #1112, #811, #1953 ) ) REPRESENTATION_CONTEXT ( 'NONE', 'WORKASPACE' ) );
#592 = ORIENTED_EDGE ( 'NONE', *, *, #2499, .F. ) ;
#593 = CIRCLE ( 'NONE', #944, 0.1000000000000000472 ) ;
#594 = FACE_OUTER_BOUND ( 'NONE', #1391, .T. ) ;
#595 = LINE ( 'NONE', #292, #271 ) ;
#596 =( NAMED_UNIT ( * ) PLANE_ANGLE_UNIT ( ) SI_UNIT ( $, .RADIAN. ) );
#597 = EDGE_CURVE ( 'NONE', #2164, #3144, #2977, .T. ) ;
#598 = ADVANCED_FACE ( 'NONE', ( #160 ), #1258, .F. ) ;
#599 = ORIENTED_EDGE ( 'NONE', *, *, #99, .F. ) ;
#600 = CARTESIAN_POINT ( 'NONE',  ( -3.239999999999999769, 0.000000000000000000, -1.300000000000000266 ) ) ;
#601 = LINE ( 'NONE', #3400, #1604 ) ;
#602 = PRESENTATION_STYLE_ASSIGNMENT (( #2058 ) ) ;
#603 = ORIENTED_EDGE ( 'NONE', *, *, #874, .T. ) ;
#604 = FACE_OUTER_BOUND ( 'NONE', #511, .T. ) ;
#605 = CARTESIAN_POINT ( 'NONE',  ( 1.839999999999999858, 0.000000000000000000, -2.500000000000000000 ) ) ;
#606 = LINE ( 'NONE', #2859, #2824 ) ;
#607 =( NAMED_UNIT ( * ) PLANE_ANGLE_UNIT ( ) SI_UNIT ( $, .RADIAN. ) );
#608 = FACE_OUTER_BOUND ( 'NONE', #2402, .T. ) ;
#609 = STYLED_ITEM ( 'NONE', ( #3667 ), #479 ) ;
#610 = CARTESIAN_POINT ( 'NONE',  ( 3.142954891671768003, 1.199999999999999956, 1.699999999999999734 ) ) ;
#611 = CARTESIAN_POINT ( 'NONE',  ( 3.239999999999999769, 0.000000000000000000, 1.300000000000000266 ) ) ;
#612 = CIRCLE ( 'NONE', #22, 0.6726666666666656358 ) ;
#613 = ORIENTED_EDGE ( 'NONE', *, *, #2143, .F. ) ;
#614 = PRESENTATION_LAYER_ASSIGNMENT (  '', '', ( #2854 ) ) ;
#615 = VERTEX_POINT ( 'NONE', #179 ) ;
#616 =( NAMED_UNIT ( * ) SI_UNIT ( $, .STERADIAN. ) SOLID_ANGLE_UNIT ( ) );
#617 = LINE ( 'NONE', #1170, #2726 ) ;
#618 = CARTESIAN_POINT ( 'NONE',  ( 4.510281037539708701E-15, 1.000000000000000000, 2.600000000000005862 ) ) ;
#619 =( NAMED_UNIT ( * ) PLANE_ANGLE_UNIT ( ) SI_UNIT ( $, .RADIAN. ) );
#620 = STYLED_ITEM ( 'NONE', ( #2694 ), #1743 ) ;
#621 = EDGE_CURVE ( 'NONE', #78, #444, #2084, .T. ) ;
#622 = ORIENTED_EDGE ( 'NONE', *, *, #2457, .F. ) ;
#623 = ORIENTED_EDGE ( 'NONE', *, *, #2512, .T. ) ;
#624 = EDGE_CURVE ( 'NONE', #2964, #814, #3096, .T. ) ;
#625 = COLOUR_RGB ( '',0.9686274509803921573, 0.8784313725490195957, 0.5999999999999999778 ) ;
#626 = DIRECTION ( 'NONE',  ( 1.000000000000000000, 0.000000000000000000, -0.000000000000000000 ) ) ;
#627 = SURFACE_SIDE_STYLE ('',( #1808 ) ) ;
#628 = SURFACE_STYLE_USAGE ( .BOTH. , #3483 ) ;
#629 = CARTESIAN_POINT ( 'NONE',  ( 3.239999999999999769, -0.1000000000000000056, 2.500000000000000000 ) ) ;
#630 = SURFACE_STYLE_FILL_AREA ( #1519 ) ;
#631 = MECHANICAL_DESIGN_GEOMETRIC_PRESENTATION_REPRESENTATION (  '', ( #501 ), #2573 ) ;
#632 = UNCERTAINTY_MEASURE_WITH_UNIT (LENGTH_MEASURE( 1.000000000000000082E-05 ), #1438, 'distance_accuracy_value', 'NONE');
#633 = VERTEX_POINT ( 'NONE', #3247 ) ;
#634 = VERTEX_POINT ( 'NONE', #3518 ) ;
#635 = PRESENTATION_STYLE_ASSIGNMENT (( #2046 ) ) ;
#636 = CARTESIAN_POINT ( 'NONE',  ( 9.020562075079423712E-15, 1.000000000000000000, -2.600000000000012523 ) ) ;
#637 = PRESENTATION_STYLE_ASSIGNMENT (( #3179 ) ) ;
#638 = ORIENTED_EDGE ( 'NONE', *, *, #3109, .T. ) ;
#639 = PRESENTATION_STYLE_ASSIGNMENT (( #388 ) ) ;
#640 = DIRECTION ( 'NONE',  ( 0.000000000000000000, -0.000000000000000000, -1.000000000000000000 ) ) ;
#641 = FILL_AREA_STYLE ('',( #1369 ) ) ;
#642 = DIRECTION ( 'NONE',  ( -0.000000000000000000, 0.000000000000000000, -1.000000000000000000 ) ) ;
#643 = VERTEX_POINT ( 'NONE', #965 ) ;
#644 =( LENGTH_UNIT ( ) NAMED_UNIT ( * ) SI_UNIT ( .MILLI., .METRE. ) );
#645 = COLOUR_RGB ( '',0.9686274509803921573, 0.8784313725490195957, 0.5999999999999999778 ) ;
#646 =( GEOMETRIC_REPRESENTATION_CONTEXT ( 3 ) GLOBAL_UNCERTAINTY_ASSIGNED_CONTEXT ( ( #145 ) ) GLOBAL_UNIT_ASSIGNED_CONTEXT ( ( #1066, #1648, #1145 ) ) REPRESENTATION_CONTEXT ( 'NONE', 'WORKASPACE' ) );
#647 = MECHANICAL_DESIGN_GEOMETRIC_PRESENTATION_REPRESENTATION (  '', ( #1 ), #61 ) ;
#648 = VERTEX_POINT ( 'NONE', #713 ) ;
#649 = VECTOR ( 'NONE', #2193, 1000.000000000000000 ) ;
#650 = DIRECTION ( 'NONE',  ( -0.000000000000000000, -1.000000000000000000, -0.000000000000000000 ) ) ;
#651 = FILL_AREA_STYLE ('',( #2031 ) ) ;
#652 = EDGE_CURVE ( 'NONE', #2942, #1818, #1002, .T. ) ;
#653 =( LENGTH_UNIT ( ) NAMED_UNIT ( * ) SI_UNIT ( .MILLI., .METRE. ) );
#654 = ORIENTED_EDGE ( 'NONE', *, *, #1083, .F. ) ;
#655 = ORIENTED_EDGE ( 'NONE', *, *, #2243, .F. ) ;
#656 = CYLINDRICAL_SURFACE ( 'NONE', #1135, 0.2500000000000004441 ) ;
#657 = CARTESIAN_POINT ( 'NONE',  ( -2.949999999999999734, 1.300000000000000044, 1.699999999999999734 ) ) ;
#658 = SURFACE_STYLE_USAGE ( .BOTH. , #394 ) ;
#659 = EDGE_CURVE ( 'NONE', #686, #2323, #743, .T. ) ;
#660 = FILL_AREA_STYLE_COLOUR ( '', #1927 ) ;
#661 =( NAMED_UNIT ( * ) SI_UNIT ( $, .STERADIAN. ) SOLID_ANGLE_UNIT ( ) );
#662 = AXIS2_PLACEMENT_3D ( 'NONE', #2969, #2713, #2148 ) ;
#663 = EDGE_CURVE ( 'NONE', #633, #2948, #3394, .T. ) ;
#664 = ORIENTED_EDGE ( 'NONE', *, *, #925, .T. ) ;
#665 = PLANE ( 'NONE',  #3068 ) ;
#666 = FILL_AREA_STYLE_COLOUR ( '', #1355 ) ;
#667 = CIRCLE ( 'NONE', #783, 0.09999999999999982514 ) ;
#668 = PRESENTATION_STYLE_ASSIGNMENT (( #2339 ) ) ;
#669 = ORIENTED_EDGE ( 'NONE', *, *, #3411, .F. ) ;
#670 = ORIENTED_EDGE ( 'NONE', *, *, #3004, .F. ) ;
#671 = SURFACE_SIDE_STYLE ('',( #3516 ) ) ;
#672 = CARTESIAN_POINT ( 'NONE',  ( 2.061390904112066824, 0.000000000000000000, 2.500000000000000000 ) ) ;
#673 =( NAMED_UNIT ( * ) PLANE_ANGLE_UNIT ( ) SI_UNIT ( $, .RADIAN. ) );
#674 =( LENGTH_UNIT ( ) NAMED_UNIT ( * ) SI_UNIT ( .MILLI., .METRE. ) );
#675 = AXIS2_PLACEMENT_3D ( 'NONE', #350, #1730, #3417 ) ;
#676 = MECHANICAL_DESIGN_GEOMETRIC_PRESENTATION_REPRESENTATION (  '', ( #2208 ), #92 ) ;
#677 = AXIS2_PLACEMENT_3D ( 'NONE', #3487, #938, #3171 ) ;
#678 = VECTOR ( 'NONE', #1566, 1000.000000000000000 ) ;
#679 = CARTESIAN_POINT ( 'NONE',  ( 3.239999999999999769, -0.1000000000000000056, -1.300000000000000266 ) ) ;
#680 = DIRECTION ( 'NONE',  ( 0.000000000000000000, 0.000000000000000000, -1.000000000000000000 ) ) ;
#681 = MECHANICAL_DESIGN_GEOMETRIC_PRESENTATION_REPRESENTATION (  '', ( #3412 ), #2741 ) ;
#682 = ORIENTED_EDGE ( 'NONE', *, *, #3197, .F. ) ;
#683 = DIRECTION ( 'NONE',  ( -0.000000000000000000, -1.000000000000000000, -0.000000000000000000 ) ) ;
#684 =( NAMED_UNIT ( * ) PLANE_ANGLE_UNIT ( ) SI_UNIT ( $, .RADIAN. ) );
#685 = ORIENTED_EDGE ( 'NONE', *, *, #2723, .T. ) ;
#686 = VERTEX_POINT ( 'NONE', #3539 ) ;
#687 = SURFACE_STYLE_FILL_AREA ( #2642 ) ;
#688 = DIRECTION ( 'NONE',  ( -0.000000000000000000, -1.000000000000000000, -0.000000000000000000 ) ) ;
#689 = LINE ( 'NONE', #2950, #2652 ) ;
#690 =( NAMED_UNIT ( * ) PLANE_ANGLE_UNIT ( ) SI_UNIT ( $, .RADIAN. ) );
#691 = ADVANCED_FACE ( 'NONE', ( #280 ), #225, .F. ) ;
#692 = EDGE_CURVE ( 'NONE', #1863, #1756, #2325, .T. ) ;
#693 = UNCERTAINTY_MEASURE_WITH_UNIT (LENGTH_MEASURE( 1.000000000000000082E-05 ), #2696, 'distance_accuracy_value', 'NONE');
#694 = SURFACE_SIDE_STYLE ('',( #3562 ) ) ;
#695 = PRESENTATION_STYLE_ASSIGNMENT (( #1474 ) ) ;
#696 = UNCERTAINTY_MEASURE_WITH_UNIT (LENGTH_MEASURE( 1.000000000000000082E-05 ), #2945, 'distance_accuracy_value', 'NONE');
#697 = PLANE ( 'NONE',  #376 ) ;
#698 = DIRECTION ( 'NONE',  ( -9.496474354741640040E-16, 0.000000000000000000, 1.000000000000000000 ) ) ;
#699 = FILL_AREA_STYLE ('',( #2278 ) ) ;
#700 = STYLED_ITEM ( 'NONE', ( #742 ), #3053 ) ;
#701 = AXIS2_PLACEMENT_3D ( 'NONE', #3176, #3475, #2944 ) ;
#702 = ORIENTED_EDGE ( 'NONE', *, *, #1911, .T. ) ;
#703 = ADVANCED_FACE ( 'NONE', ( #3320 ), #1092, .T. ) ;
#704 = CIRCLE ( 'NONE', #1776, 0.3965688774807069605 ) ;
#705 = CARTESIAN_POINT ( 'NONE',  ( -1.979999999999999982, 1.000000000000000000, -2.599999999999997424 ) ) ;
#706 = AXIS2_PLACEMENT_3D ( 'NONE', #886, #2055, #1233 ) ;
#707 = AXIS2_PLACEMENT_3D ( 'NONE', #2171, #1343, #413 ) ;
#708 = VECTOR ( 'NONE', #9, 1000.000000000000000 ) ;
#709 = ORIENTED_EDGE ( 'NONE', *, *, #2604, .F. ) ;
#710 = VECTOR ( 'NONE', #576, 1000.000000000000000 ) ;
#711 = EDGE_LOOP ( 'NONE', ( #2012, #2303, #722, #702 ) ) ;
#712 = SURFACE_STYLE_USAGE ( .BOTH. , #1307 ) ;
#713 = CARTESIAN_POINT ( 'NONE',  ( -2.949999999999999734, 1.300000000000000044, -1.892954891671768225 ) ) ;
#714 = CARTESIAN_POINT ( 'NONE',  ( 9.020562075079423712E-15, 0.000000000000000000, -2.600000000000012523 ) ) ;
#715 = CIRCLE ( 'NONE', #1238, 0.6726666666666668570 ) ;
#716 =( NAMED_UNIT ( * ) PLANE_ANGLE_UNIT ( ) SI_UNIT ( $, .RADIAN. ) );
#717 = LINE ( 'NONE', #1829, #1326 ) ;
#718 = ORIENTED_EDGE ( 'NONE', *, *, #3478, .F. ) ;
#719 = CARTESIAN_POINT ( 'NONE',  ( 2.539999999999999591, -0.1000000000000000056, -2.300000000000002043 ) ) ;
#720 = LINE ( 'NONE', #204, #3343 ) ;
#721 =( LENGTH_UNIT ( ) NAMED_UNIT ( * ) SI_UNIT ( .MILLI., .METRE. ) );
#722 = ORIENTED_EDGE ( 'NONE', *, *, #1854, .F. ) ;
#723 = AXIS2_PLACEMENT_3D ( 'NONE', #2811, #285, #1642 ) ;
#724 = EDGE_CURVE ( 'NONE', #3480, #3209, #2805, .T. ) ;
#725 = DIRECTION ( 'NONE',  ( 1.000000000000000000, -0.000000000000000000, -0.000000000000000000 ) ) ;
#726 = DIRECTION ( 'NONE',  ( 0.000000000000000000, 0.000000000000000000, -1.000000000000000000 ) ) ;
#727 = ORIENTED_EDGE ( 'NONE', *, *, #958, .F. ) ;
#728 = VERTEX_POINT ( 'NONE', #1416 ) ;
#729 = FILL_AREA_STYLE ('',( #2147 ) ) ;
#730 = FACE_OUTER_BOUND ( 'NONE', #2146, .T. ) ;
#731 = PRESENTATION_LAYER_ASSIGNMENT (  '', '', ( #2212 ) ) ;
#732 = SURFACE_SIDE_STYLE ('',( #2739 ) ) ;
#733 = CIRCLE ( 'NONE', #3338, 0.6726666666666660799 ) ;
#734 = FILL_AREA_STYLE_COLOUR ( '', #2679 ) ;
#735 = DIRECTION ( 'NONE',  ( -0.000000000000000000, -0.000000000000000000, 1.000000000000000000 ) ) ;
#736 = MANIFOLD_SOLID_BREP ( 'Boss-Extrude3[3]', #439 ) ;
#737 = ORIENTED_EDGE ( 'NONE', *, *, #149, .T. ) ;
#738 = PRESENTATION_STYLE_ASSIGNMENT (( #2989 ) ) ;
#739 = DIRECTION ( 'NONE',  ( -0.000000000000000000, -0.000000000000000000, -1.000000000000000000 ) ) ;
#740 = VECTOR ( 'NONE', #1536, 1000.000000000000000 ) ;
#741 = ORIENTED_EDGE ( 'NONE', *, *, #374, .T. ) ;
#742 = PRESENTATION_STYLE_ASSIGNMENT (( #2994 ) ) ;
#743 = LINE ( 'NONE', #3269, #1447 ) ;
#744 = LINE ( 'NONE', #1885, #590 ) ;
#745 = DIRECTION ( 'NONE',  ( 0.000000000000000000, -0.000000000000000000, -1.000000000000000000 ) ) ;
#746 = PLANE ( 'NONE',  #366 ) ;
#747 =( NAMED_UNIT ( * ) PLANE_ANGLE_UNIT ( ) SI_UNIT ( $, .RADIAN. ) );
#748 = SURFACE_SIDE_STYLE ('',( #2425 ) ) ;
#749 = ADVANCED_FACE ( 'NONE', ( #3196 ), #3083, .F. ) ;
#750 =( NAMED_UNIT ( * ) PLANE_ANGLE_UNIT ( ) SI_UNIT ( $, .RADIAN. ) );
#751 = EDGE_CURVE ( 'NONE', #1616, #1285, #80, .T. ) ;
#752 = DIRECTION ( 'NONE',  ( 0.000000000000000000, 0.000000000000000000, 1.000000000000000000 ) ) ;
#753 = LINE ( 'NONE', #205, #2531 ) ;
#754 = SURFACE_STYLE_USAGE ( .BOTH. , #1579 ) ;
#755 = VERTEX_POINT ( 'NONE', #1710 ) ;
#756 = AXIS2_PLACEMENT_3D ( 'NONE', #1424, #283, #11 ) ;
#757 = VECTOR ( 'NONE', #117, 1000.000000000000000 ) ;
#758 = ORIENTED_EDGE ( 'NONE', *, *, #76, .F. ) ;
#759 = AXIS2_PLACEMENT_3D ( 'NONE', #812, #1954, #541 ) ;
#760 = CARTESIAN_POINT ( 'NONE',  ( 3.246629794778796985, 1.096510050329749797, -1.700000000000000622 ) ) ;
#761 = DIRECTION ( 'NONE',  ( 0.000000000000000000, -0.000000000000000000, 1.000000000000000000 ) ) ;
#762 = VECTOR ( 'NONE', #4, 1000.000000000000000 ) ;
#763 = SURFACE_STYLE_USAGE ( .BOTH. , #2683 ) ;
#764 = EDGE_CURVE ( 'NONE', #3548, #3364, #617, .T. ) ;
#765 = STYLED_ITEM ( 'NONE', ( #1515 ), #2273 ) ;
#766 = AXIS2_PLACEMENT_3D ( 'NONE', #3272, #1323, #1868 ) ;
#767 = DIRECTION ( 'NONE',  ( 1.000000000000000000, 0.000000000000000000, 5.204170427930429961E-15 ) ) ;
#768 = VECTOR ( 'NONE', #3145, 1000.000000000000000 ) ;
#769 = CARTESIAN_POINT ( 'NONE',  ( 2.949999999999999734, 1.300000000000000044, -1.892954891671768447 ) ) ;
#770 = ADVANCED_FACE ( 'NONE', ( #46 ), #3177, .T. ) ;
#771 = EDGE_CURVE ( 'NONE', #158, #648, #2887, .T. ) ;
#772 = SURFACE_SIDE_STYLE ('',( #1898 ) ) ;
#773 = SURFACE_STYLE_FILL_AREA ( #2803 ) ;
#774 = STYLED_ITEM ( 'NONE', ( #2541 ), #437 ) ;
#775 = ORIENTED_EDGE ( 'NONE', *, *, #1185, .F. ) ;
#776 = DIRECTION ( 'NONE',  ( -0.000000000000000000, -1.000000000000000000, -0.000000000000000000 ) ) ;
#777 = DIRECTION ( 'NONE',  ( 0.000000000000000000, 0.000000000000000000, 1.000000000000000000 ) ) ;
#778 = VECTOR ( 'NONE', #2220, 1000.000000000000000 ) ;
#779 = COLOUR_RGB ( '',0.7921568627450980005, 0.8196078431372548767, 0.9333333333333333481 ) ;
#780 = SURFACE_SIDE_STYLE ('',( #581 ) ) ;
#781 = CARTESIAN_POINT ( 'NONE',  ( -3.142954891671768447, 1.199999999999999956, 1.699999999999999734 ) ) ;
#782 = SURFACE_STYLE_FILL_AREA ( #2690 ) ;
#783 = AXIS2_PLACEMENT_3D ( 'NONE', #505, #562, #1995 ) ;
#784 = FACE_OUTER_BOUND ( 'NONE', #2219, .T. ) ;
#785 = STYLED_ITEM ( 'NONE', ( #1405 ), #1526 ) ;
#786 = COLOUR_RGB ( '',0.2470588235294117752, 0.000000000000000000, 0.2549019607843137081 ) ;
#787 = DIRECTION ( 'NONE',  ( -1.548860246407864076E-16, 0.000000000000000000, 1.000000000000000000 ) ) ;
#788 = AXIS2_PLACEMENT_3D ( 'NONE', #3669, #2564, #34 ) ;
#789 = ORIENTED_EDGE ( 'NONE', *, *, #663, .F. ) ;
#790 = SURFACE_STYLE_FILL_AREA ( #1688 ) ;
#791 = VECTOR ( 'NONE', #1559, 1000.000000000000000 ) ;
#792 = EDGE_LOOP ( 'NONE', ( #1628, #3043, #1197, #1126 ) ) ;
#793 = VECTOR ( 'NONE', #1704, 1000.000000000000227 ) ;
#794 =( LENGTH_UNIT ( ) NAMED_UNIT ( * ) SI_UNIT ( .MILLI., .METRE. ) );
#795 =( LENGTH_UNIT ( ) NAMED_UNIT ( * ) SI_UNIT ( .MILLI., .METRE. ) );
#796 = FILL_AREA_STYLE ('',( #3341 ) ) ;
#797 = ORIENTED_EDGE ( 'NONE', *, *, #724, .F. ) ;
#798 = LINE ( 'NONE', #3051, #2842 ) ;
#799 = SURFACE_SIDE_STYLE ('',( #546 ) ) ;
#800 = CARTESIAN_POINT ( 'NONE',  ( -3.246629794778797873, 1.096510050329749797, 1.699999999999999734 ) ) ;
#801 = UNCERTAINTY_MEASURE_WITH_UNIT (LENGTH_MEASURE( 1.000000000000000082E-05 ), #721, 'distance_accuracy_value', 'NONE');
#802 =( NAMED_UNIT ( * ) PLANE_ANGLE_UNIT ( ) SI_UNIT ( $, .RADIAN. ) );
#803 = SURFACE_SIDE_STYLE ('',( #1680 ) ) ;
#804 = EDGE_CURVE ( 'NONE', #2907, #1616, #612, .T. ) ;
#805 = ORIENTED_EDGE ( 'NONE', *, *, #1043, .T. ) ;
#806 = LINE ( 'NONE', #2003, #3373 ) ;
#807 = CARTESIAN_POINT ( 'NONE',  ( -2.949999999999999734, 1.000000000000000000, -2.000000000000000000 ) ) ;
#808 = VERTEX_POINT ( 'NONE', #2369 ) ;
#809 = SURFACE_STYLE_USAGE ( .BOTH. , #2556 ) ;
#810 = FILL_AREA_STYLE_COLOUR ( '', #1670 ) ;
#811 =( NAMED_UNIT ( * ) PLANE_ANGLE_UNIT ( ) SI_UNIT ( $, .RADIAN. ) );
#812 = CARTESIAN_POINT ( 'NONE',  ( -2.949999999999999734, 1.000000000000000000, 2.000000000000000000 ) ) ;
#813 = PRESENTATION_LAYER_ASSIGNMENT (  '', '', ( #2182 ) ) ;
#814 = VERTEX_POINT ( 'NONE', #2166 ) ;
#815 = EDGE_CURVE ( 'NONE', #3352, #808, #3546, .T. ) ;
#816 =( LENGTH_UNIT ( ) NAMED_UNIT ( * ) SI_UNIT ( .MILLI., .METRE. ) );
#817 = DIRECTION ( 'NONE',  ( -0.000000000000000000, -1.000000000000000000, 0.000000000000000000 ) ) ;
#818 = AXIS2_PLACEMENT_3D ( 'NONE', #2352, #3212, #1480 ) ;
#819 = MECHANICAL_DESIGN_GEOMETRIC_PRESENTATION_REPRESENTATION (  '', ( #2821 ), #2185 ) ;
#820 = MECHANICAL_DESIGN_GEOMETRIC_PRESENTATION_REPRESENTATION (  '', ( #765 ), #3561 ) ;
#821 = DIRECTION ( 'NONE',  ( -0.000000000000000000, 0.000000000000000000, -1.000000000000000000 ) ) ;
#822 = CARTESIAN_POINT ( 'NONE',  ( -2.539999999999998259, -0.1000000000000000056, 2.000000000000000444 ) ) ;
#823 =( NAMED_UNIT ( * ) SI_UNIT ( $, .STERADIAN. ) SOLID_ANGLE_UNIT ( ) );
#824 = STYLED_ITEM ( 'NONE', ( #668 ), #2818 ) ;
#825 = MANIFOLD_SOLID_BREP ( 'Fillet1', #498 ) ;
#826 = ORIENTED_EDGE ( 'NONE', *, *, #3161, .T. ) ;
#827 = CARTESIAN_POINT ( 'NONE',  ( 2.949999999999999734, 1.096510050329749131, -1.700000000000000622 ) ) ;
#828 = CARTESIAN_POINT ( 'NONE',  ( -1.708439786946855316E-15, 0.000000000000000000, 2.599999999999999645 ) ) ;
#829 = EDGE_CURVE ( 'NONE', #3175, #191, #1548, .T. ) ;
#830 = VERTEX_POINT ( 'NONE', #423 ) ;
#831 = DIRECTION ( 'NONE',  ( 0.000000000000000000, 0.000000000000000000, 1.000000000000000000 ) ) ;
#832 = DIRECTION ( 'NONE',  ( -0.000000000000000000, -1.000000000000000000, -0.000000000000000000 ) ) ;
#833 = DIRECTION ( 'NONE',  ( -0.000000000000000000, -1.000000000000000000, 0.000000000000000000 ) ) ;
#834 = PLANE ( 'NONE',  #523 ) ;
#835 = ORIENTED_EDGE ( 'NONE', *, *, #3566, .F. ) ;
#836 = MECHANICAL_DESIGN_GEOMETRIC_PRESENTATION_REPRESENTATION (  '', ( #774 ), #2609 ) ;
#837 = SURFACE_STYLE_USAGE ( .BOTH. , #544 ) ;
#838 = DIRECTION ( 'NONE',  ( -1.807003620809174139E-16, 0.000000000000000000, -1.000000000000000000 ) ) ;
#839 = CARTESIAN_POINT ( 'NONE',  ( 2.949999999999999734, 1.000000000000000000, -1.700000000000000622 ) ) ;
#840 = ADVANCED_FACE ( 'NONE', ( #1821 ), #3510, .F. ) ;
#841 = SURFACE_SIDE_STYLE ('',( #1407 ) ) ;
#842 = COLOUR_RGB ( '',0.2470588235294117752, 0.000000000000000000, 0.2549019607843137081 ) ;
#843 = EDGE_LOOP ( 'NONE', ( #275, #2495, #139, #259, #1040, #3542, #3199, #2115 ) ) ;
#844 = CARTESIAN_POINT ( 'NONE',  ( -2.949999999999999734, 1.096510050329749797, -1.996629794778797651 ) ) ;
#845 =( GEOMETRIC_REPRESENTATION_CONTEXT ( 3 ) GLOBAL_UNCERTAINTY_ASSIGNED_CONTEXT ( ( #3486 ) ) GLOBAL_UNIT_ASSIGNED_CONTEXT ( ( #1753, #64, #2320 ) ) REPRESENTATION_CONTEXT ( 'NONE', 'WORKASPACE' ) );
#846 = DIRECTION ( 'NONE',  ( 0.000000000000000000, 0.000000000000000000, -1.000000000000000000 ) ) ;
#847 = EDGE_LOOP ( 'NONE', ( #1191, #10, #2929, #2595 ) ) ;
#848 = CONICAL_SURFACE ( 'NONE', #2923, 0.2999999999999999334, 0.03490658503988659789 ) ;
#849 = DIRECTION ( 'NONE',  ( -0.000000000000000000, 1.000000000000000000, -0.000000000000000000 ) ) ;
#850 = LINE ( 'NONE', #2963, #1656 ) ;
#851 = CARTESIAN_POINT ( 'NONE',  ( -3.346568877480706750, 1.100000000000000089, -1.700000000000000622 ) ) ;
#852 = VERTEX_POINT ( 'NONE', #3573 ) ;
#853 = DIRECTION ( 'NONE',  ( 0.000000000000000000, 1.000000000000000000, -0.000000000000000000 ) ) ;
#854 = LINE ( 'NONE', #1922, #1853 ) ;
#855 = DIRECTION ( 'NONE',  ( 0.000000000000000000, -0.000000000000000000, -1.000000000000000000 ) ) ;
#856 = FILL_AREA_STYLE ('',( #2265 ) ) ;
#857 = TOROIDAL_SURFACE ( 'NONE', #1340, 0.1929548916717682139, 0.1000000000000000056 ) ;
#858 = EDGE_CURVE ( 'NONE', #3514, #1036, #1841, .T. ) ;
#859 = SURFACE_STYLE_USAGE ( .BOTH. , #1939 ) ;
#860 = DIRECTION ( 'NONE',  ( 0.000000000000000000, -0.000000000000000000, -1.000000000000000000 ) ) ;
#861 = EDGE_CURVE ( 'NONE', #177, #444, #1017, .T. ) ;
#862 = ORIENTED_EDGE ( 'NONE', *, *, #1683, .T. ) ;
#863 = CARTESIAN_POINT ( 'NONE',  ( 2.539999999999999591, 0.000000000000000000, -2.972666666666667901 ) ) ;
#864 = VERTEX_POINT ( 'NONE', #3010 ) ;
#865 = CARTESIAN_POINT ( 'NONE',  ( 3.772743730481633140, 0.000000000000000000, -2.772743730481634916 ) ) ;
#866 = DIRECTION ( 'NONE',  ( -1.000000000000000000, -0.000000000000000000, -0.000000000000000000 ) ) ;
#867 = SURFACE_SIDE_STYLE ('',( #3529 ) ) ;
#868 = DIRECTION ( 'NONE',  ( -0.000000000000000000, 1.000000000000000000, -0.000000000000000000 ) ) ;
#869 = LINE ( 'NONE', #894, #1421 ) ;
#870 = ORIENTED_EDGE ( 'NONE', *, *, #1543, .T. ) ;
#871 = PRESENTATION_LAYER_ASSIGNMENT (  '', '', ( #2178 ) ) ;
#872 = CARTESIAN_POINT ( 'NONE',  ( 2.539999999999999591, -0.1000000000000000056, -2.972666666666667901 ) ) ;
#873 = DIRECTION ( 'NONE',  ( -1.095153709581317773E-15, 0.000000000000000000, -1.000000000000000000 ) ) ;
#874 = EDGE_CURVE ( 'NONE', #2244, #1459, #3473, .T. ) ;
#875 = FACE_OUTER_BOUND ( 'NONE', #1509, .T. ) ;
#876 = FILL_AREA_STYLE_COLOUR ( '', #3333 ) ;
#877 = VECTOR ( 'NONE', #45, 1000.000000000000000 ) ;
#878 = AXIS2_PLACEMENT_3D ( 'NONE', #3367, #817, #1962 ) ;
#879 = DIRECTION ( 'NONE',  ( -0.000000000000000000, -1.000000000000000000, 0.000000000000000000 ) ) ;
#880 = PRESENTATION_LAYER_ASSIGNMENT (  '', '', ( #3617 ) ) ;
#881 = UNCERTAINTY_MEASURE_WITH_UNIT (LENGTH_MEASURE( 1.000000000000000082E-05 ), #2630, 'distance_accuracy_value', 'NONE');
#882 = VECTOR ( 'NONE', #390, 1000.000000000000000 ) ;
#883 =( GEOMETRIC_REPRESENTATION_CONTEXT ( 3 ) GLOBAL_UNCERTAINTY_ASSIGNED_CONTEXT ( ( #1028 ) ) GLOBAL_UNIT_ASSIGNED_CONTEXT ( ( #2205, #2515, #1936 ) ) REPRESENTATION_CONTEXT ( 'NONE', 'WORKASPACE' ) );
#884 = ORIENTED_EDGE ( 'NONE', *, *, #3456, .T. ) ;
#885 = AXIS2_PLACEMENT_3D ( 'NONE', #1618, #1338, #1015 ) ;
#886 = CARTESIAN_POINT ( 'NONE',  ( -2.949999999999999734, 1.096510050329749131, -1.700000000000000622 ) ) ;
#887 = DIRECTION ( 'NONE',  ( 1.000000000000000000, 0.000000000000000000, 0.000000000000000000 ) ) ;
#888 = EDGE_CURVE ( 'NONE', #2389, #3317, #2214, .T. ) ;
#889 = VERTEX_POINT ( 'NONE', #1620 ) ;
#890 = SURFACE_SIDE_STYLE ('',( #3432 ) ) ;
#891 =( NAMED_UNIT ( * ) PLANE_ANGLE_UNIT ( ) SI_UNIT ( $, .RADIAN. ) );
#892 = DIRECTION ( 'NONE',  ( 0.000000000000000000, 0.000000000000000000, 1.000000000000000000 ) ) ;
#893 = FACE_OUTER_BOUND ( 'NONE', #3279, .T. ) ;
#894 = CARTESIAN_POINT ( 'NONE',  ( -3.100000000000000533, 1.000000000000000000, 2.599999999999998312 ) ) ;
#895 = ORIENTED_EDGE ( 'NONE', *, *, #663, .T. ) ;
#896 = ORIENTED_EDGE ( 'NONE', *, *, #597, .F. ) ;
#897 = PLANE ( 'NONE',  #756 ) ;
#898 =( LENGTH_UNIT ( ) NAMED_UNIT ( * ) SI_UNIT ( .MILLI., .METRE. ) );
#899 =( NAMED_UNIT ( * ) SI_UNIT ( $, .STERADIAN. ) SOLID_ANGLE_UNIT ( ) );
#900 = SURFACE_SIDE_STYLE ('',( #1178 ) ) ;
#901 =( LENGTH_UNIT ( ) NAMED_UNIT ( * ) SI_UNIT ( .MILLI., .METRE. ) );
#902 =( GEOMETRIC_REPRESENTATION_CONTEXT ( 3 ) GLOBAL_UNCERTAINTY_ASSIGNED_CONTEXT ( ( #325 ) ) GLOBAL_UNIT_ASSIGNED_CONTEXT ( ( #2689, #1907, #2156 ) ) REPRESENTATION_CONTEXT ( 'NONE', 'WORKASPACE' ) );
#903 = VECTOR ( 'NONE', #1021, 1000.000000000000000 ) ;
#904 = VERTEX_POINT ( 'NONE', #2201 ) ;
#905 =( LENGTH_UNIT ( ) NAMED_UNIT ( * ) SI_UNIT ( .MILLI., .METRE. ) );
#906 = FILL_AREA_STYLE_COLOUR ( '', #2740 ) ;
#907 =( GEOMETRIC_REPRESENTATION_CONTEXT ( 3 ) GLOBAL_UNCERTAINTY_ASSIGNED_CONTEXT ( ( #3067 ) ) GLOBAL_UNIT_ASSIGNED_CONTEXT ( ( #2917, #182, #217 ) ) REPRESENTATION_CONTEXT ( 'NONE', 'WORKASPACE' ) );
#908 = ORIENTED_EDGE ( 'NONE', *, *, #99, .T. ) ;
#909 = MECHANICAL_DESIGN_GEOMETRIC_PRESENTATION_REPRESENTATION (  '', ( #785 ), #2494 ) ;
#910 = CARTESIAN_POINT ( 'NONE',  ( -2.949999999999999734, 1.000000000000000000, 1.699999999999999734 ) ) ;
#911 = PRESENTATION_LAYER_ASSIGNMENT (  '', '', ( #2208 ) ) ;
#912 = ADVANCED_FACE ( 'NONE', ( #555 ), #1945, .F. ) ;
#913 = VECTOR ( 'NONE', #3069, 1000.000000000000000 ) ;
#914 =( LENGTH_UNIT ( ) NAMED_UNIT ( * ) SI_UNIT ( .MILLI., .METRE. ) );
#915 = ORIENTED_EDGE ( 'NONE', *, *, #1795, .F. ) ;
#916 = SURFACE_SIDE_STYLE ('',( #687 ) ) ;
#917 = COLOUR_RGB ( '',0.9686274509803921573, 0.8784313725490195957, 0.5999999999999999778 ) ;
#918 = SURFACE_SIDE_STYLE ('',( #2284 ) ) ;
#919 =( NAMED_UNIT ( * ) PLANE_ANGLE_UNIT ( ) SI_UNIT ( $, .RADIAN. ) );
#920 = DIRECTION ( 'NONE',  ( 0.000000000000000000, 0.000000000000000000, -1.000000000000000000 ) ) ;
#921 = DIRECTION ( 'NONE',  ( 0.000000000000000000, 0.000000000000000000, -1.000000000000000000 ) ) ;
#922 = COLOUR_RGB ( '',0.9686274509803921573, 0.8784313725490195957, 0.5999999999999999778 ) ;
#923 = CARTESIAN_POINT ( 'NONE',  ( 3.242893974373677324, 1.203489949670250025, 1.699999999999999734 ) ) ;
#924 = SURFACE_STYLE_USAGE ( .BOTH. , #2075 ) ;
#925 = EDGE_CURVE ( 'NONE', #3120, #224, #1106, .T. ) ;
#926 = ORIENTED_EDGE ( 'NONE', *, *, #457, .T. ) ;
#927 =( NAMED_UNIT ( * ) PLANE_ANGLE_UNIT ( ) SI_UNIT ( $, .RADIAN. ) );
#928 = DIRECTION ( 'NONE',  ( -1.000000000000000000, -0.000000000000000000, -0.000000000000000000 ) ) ;
#929 = EDGE_LOOP ( 'NONE', ( #1443, #2033, #480, #1564 ) ) ;
#930 = FILL_AREA_STYLE ('',( #2102 ) ) ;
#931 = PRESENTATION_STYLE_ASSIGNMENT (( #1759 ) ) ;
#932 = EDGE_CURVE ( 'NONE', #634, #2130, #3028, .T. ) ;
#933 = EDGE_CURVE ( 'NONE', #1863, #3339, #3377, .T. ) ;
#934 = MECHANICAL_DESIGN_GEOMETRIC_PRESENTATION_REPRESENTATION (  '', ( #2536 ), #1107 ) ;
#935 = DIRECTION ( 'NONE',  ( 1.000000000000000000, -0.000000000000000000, -0.000000000000000000 ) ) ;
#936 = EDGE_CURVE ( 'NONE', #864, #3548, #377, .T. ) ;
#937 = PRESENTATION_LAYER_ASSIGNMENT (  '', '', ( #1942 ) ) ;
#938 = DIRECTION ( 'NONE',  ( -0.000000000000000000, 1.000000000000000000, -0.000000000000000000 ) ) ;
#939 = VECTOR ( 'NONE', #1764, 1000.000000000000000 ) ;
#940 = DIRECTION ( 'NONE',  ( -1.000000000000000000, 0.000000000000000000, 0.000000000000000000 ) ) ;
#941 = COLOUR_RGB ( '',0.9686274509803921573, 0.8784313725490195957, 0.5999999999999999778 ) ;
#942 = STYLED_ITEM ( 'NONE', ( #2328 ), #1279 ) ;
#943 = ORIENTED_EDGE ( 'NONE', *, *, #3505, .T. ) ;
#944 = AXIS2_PLACEMENT_3D ( 'NONE', #1711, #297, #955 ) ;
#945 =( LENGTH_UNIT ( ) NAMED_UNIT ( * ) SI_UNIT ( .MILLI., .METRE. ) );
#946 = PLANE ( 'NONE',  #2411 ) ;
#947 = EDGE_LOOP ( 'NONE', ( #30, #1408, #1882, #2370 ) ) ;
#948 = FACE_OUTER_BOUND ( 'NONE', #542, .T. ) ;
#949 = FILL_AREA_STYLE ('',( #1772 ) ) ;
#950 = UNCERTAINTY_MEASURE_WITH_UNIT (LENGTH_MEASURE( 1.000000000000000082E-05 ), #161, 'distance_accuracy_value', 'NONE');
#951 = MECHANICAL_DESIGN_GEOMETRIC_PRESENTATION_REPRESENTATION (  '', ( #1732 ), #1441 ) ;
#952 = SURFACE_STYLE_USAGE ( .BOTH. , #1521 ) ;
#953 = PRESENTATION_LAYER_ASSIGNMENT (  '', '', ( #424 ) ) ;
#954 = DIRECTION ( 'NONE',  ( 0.000000000000000000, -0.000000000000000000, -1.000000000000000000 ) ) ;
#955 = DIRECTION ( 'NONE',  ( 0.000000000000000000, 0.000000000000000000, 1.000000000000000000 ) ) ;
#956 = ORIENTED_EDGE ( 'NONE', *, *, #764, .F. ) ;
#957 = SURFACE_SIDE_STYLE ('',( #2908 ) ) ;
#958 = EDGE_CURVE ( 'NONE', #3413, #1655, #209, .T. ) ;
#959 = FILL_AREA_STYLE_COLOUR ( '', #1915 ) ;
#960 = COLOUR_RGB ( '',0.9686274509803921573, 0.8784313725490195957, 0.5999999999999999778 ) ;
#961 = SURFACE_STYLE_USAGE ( .BOTH. , #1817 ) ;
#962 = ORIENTED_EDGE ( 'NONE', *, *, #3640, .F. ) ;
#963 = ORIENTED_EDGE ( 'NONE', *, *, #2398, .T. ) ;
#964 = SURFACE_STYLE_FILL_AREA ( #1827 ) ;
#965 = CARTESIAN_POINT ( 'NONE',  ( -3.018609095887938132, -0.1000000000000000056, 2.500000000000000888 ) ) ;
#966 = DIRECTION ( 'NONE',  ( -0.000000000000000000, 0.000000000000000000, 1.000000000000000000 ) ) ;
#967 = CARTESIAN_POINT ( 'NONE',  ( -3.018609095887939020, -0.1000000000000000056, -2.500000000000000000 ) ) ;
#968 = MECHANICAL_DESIGN_GEOMETRIC_PRESENTATION_REPRESENTATION (  '', ( #91 ), #1025 ) ;
#969 = VECTOR ( 'NONE', #3602, 1000.000000000000000 ) ;
#970 = SURFACE_STYLE_FILL_AREA ( #2669 ) ;
#971 = EDGE_CURVE ( 'NONE', #830, #852, #2626, .T. ) ;
#972 = VECTOR ( 'NONE', #415, 1000.000000000000000 ) ;
#973 = DIRECTION ( 'NONE',  ( -0.000000000000000000, -1.000000000000000000, -0.000000000000000000 ) ) ;
#974 = CARTESIAN_POINT ( 'NONE',  ( -1.839999999999998304, 0.000000000000000000, 2.500000000000000000 ) ) ;
#975 = AXIS2_PLACEMENT_3D ( 'NONE', #1027, #2776, #3421 ) ;
#976 = ORIENTED_EDGE ( 'NONE', *, *, #1312, .T. ) ;
#977 = CARTESIAN_POINT ( 'NONE',  ( 1.839999999999999858, 0.000000000000000000, 2.500000000000000000 ) ) ;
#978 = SURFACE_STYLE_FILL_AREA ( #1034 ) ;
#979 = ORIENTED_EDGE ( 'NONE', *, *, #3133, .T. ) ;
#980 = VERTEX_POINT ( 'NONE', #3605 ) ;
#981 = FILL_AREA_STYLE_COLOUR ( '', #3544 ) ;
#982 = FILL_AREA_STYLE_COLOUR ( '', #941 ) ;
#983 = UNCERTAINTY_MEASURE_WITH_UNIT (LENGTH_MEASURE( 1.000000000000000082E-05 ), #2612, 'distance_accuracy_value', 'NONE');
#984 = VERTEX_POINT ( 'NONE', #3300 ) ;
#985 =( NAMED_UNIT ( * ) SI_UNIT ( $, .STERADIAN. ) SOLID_ANGLE_UNIT ( ) );
#986 = PRESENTATION_STYLE_ASSIGNMENT (( #474 ) ) ;
#987 = SHAPE_DEFINITION_REPRESENTATION ( #1613, #41 ) ;
#988 = DIRECTION ( 'NONE',  ( -1.000000000000000000, 0.000000000000000000, -5.204170427930429961E-15 ) ) ;
#989 = ORIENTED_EDGE ( 'NONE', *, *, #3207, .F. ) ;
#990 = PRESENTATION_LAYER_ASSIGNMENT (  '', '', ( #2120 ) ) ;
#991 = ADVANCED_FACE ( 'NONE', ( #2188 ), #3643, .F. ) ;
#992 =( NAMED_UNIT ( * ) PLANE_ANGLE_UNIT ( ) SI_UNIT ( $, .RADIAN. ) );
#993 = DIRECTION ( 'NONE',  ( 1.000000000000000000, 0.000000000000000000, -1.095153709581317773E-15 ) ) ;
#994 = AXIS2_PLACEMENT_3D ( 'NONE', #3353, #2508, #3113 ) ;
#995 = STYLED_ITEM ( 'NONE', ( #469 ), #1325 ) ;
#996 = EDGE_CURVE ( 'NONE', #1337, #2610, #3114, .T. ) ;
#997 = AXIS2_PLACEMENT_3D ( 'NONE', #2149, #966, #2422 ) ;
#998 = ORIENTED_EDGE ( 'NONE', *, *, #936, .F. ) ;
#999 =( GEOMETRIC_REPRESENTATION_CONTEXT ( 3 ) GLOBAL_UNCERTAINTY_ASSIGNED_CONTEXT ( ( #1889 ) ) GLOBAL_UNIT_ASSIGNED_CONTEXT ( ( #1553, #716, #2715 ) ) REPRESENTATION_CONTEXT ( 'NONE', 'WORKASPACE' ) );
#1000 = VERTEX_POINT ( 'NONE', #3449 ) ;
#1001 = SURFACE_STYLE_FILL_AREA ( #1903 ) ;
#1002 = LINE ( 'NONE', #3285, #487 ) ;
#1003 = LINE ( 'NONE', #180, #525 ) ;
#1004 = COLOUR_RGB ( '',0.2470588235294117752, 0.000000000000000000, 0.2549019607843137081 ) ;
#1005 =( LENGTH_UNIT ( ) NAMED_UNIT ( * ) SI_UNIT ( .MILLI., .METRE. ) );
#1006 = DIRECTION ( 'NONE',  ( 0.000000000000000000, 0.000000000000000000, 1.000000000000000000 ) ) ;
#1007 = ORIENTED_EDGE ( 'NONE', *, *, #1507, .F. ) ;
#1008 = CARTESIAN_POINT ( 'NONE',  ( -3.239999999999999769, -0.1000000000000000056, -2.500000000000000000 ) ) ;
#1009 = SURFACE_STYLE_FILL_AREA ( #1041 ) ;
#1010 = CARTESIAN_POINT ( 'NONE',  ( 1.840000000000000080, 0.000000000000000000, -1.300000000000000266 ) ) ;
#1011 = DIRECTION ( 'NONE',  ( 1.000000000000000000, -0.000000000000000000, -0.000000000000000000 ) ) ;
#1012 = FILL_AREA_STYLE ('',( #2725 ) ) ;
#1013 = EDGE_LOOP ( 'NONE', ( #2775, #3536, #535, #2416 ) ) ;
#1014 = PRESENTATION_LAYER_ASSIGNMENT (  '', '', ( #3630 ) ) ;
#1015 = DIRECTION ( 'NONE',  ( 0.000000000000000000, 0.000000000000000000, 1.000000000000000000 ) ) ;
#1016 = SURFACE_STYLE_FILL_AREA ( #482 ) ;
#1017 = LINE ( 'NONE', #2400, #37 ) ;
#1018 = ORIENTED_EDGE ( 'NONE', *, *, #2091, .F. ) ;
#1019 = ORIENTED_EDGE ( 'NONE', *, *, #2604, .T. ) ;
#1020 = DIRECTION ( 'NONE',  ( 0.000000000000000000, -1.000000000000000000, 0.000000000000000000 ) ) ;
#1021 = DIRECTION ( 'NONE',  ( 1.000000000000000000, 0.000000000000000000, 6.570922257487906049E-16 ) ) ;
#1022 = FACE_OUTER_BOUND ( 'NONE', #2048, .T. ) ;
#1023 = EDGE_CURVE ( 'NONE', #3364, #3479, #595, .T. ) ;
#1024 = VERTEX_POINT ( 'NONE', #2272 ) ;
#1025 =( GEOMETRIC_REPRESENTATION_CONTEXT ( 3 ) GLOBAL_UNCERTAINTY_ASSIGNED_CONTEXT ( ( #3634 ) ) GLOBAL_UNIT_ASSIGNED_CONTEXT ( ( #901, #107, #3468 ) ) REPRESENTATION_CONTEXT ( 'NONE', 'WORKASPACE' ) );
#1026 = PRESENTATION_STYLE_ASSIGNMENT (( #2719 ) ) ;
#1027 = CARTESIAN_POINT ( 'NONE',  ( 2.949999999999999734, 1.000000000000000000, -1.700000000000000622 ) ) ;
#1028 = UNCERTAINTY_MEASURE_WITH_UNIT (LENGTH_MEASURE( 1.000000000000000082E-05 ), #2205, 'distance_accuracy_value', 'NONE');
#1029 = STYLED_ITEM ( 'NONE', ( #3423 ), #1798 ) ;
#1030 =( GEOMETRIC_REPRESENTATION_CONTEXT ( 3 ) GLOBAL_UNCERTAINTY_ASSIGNED_CONTEXT ( ( #2839 ) ) GLOBAL_UNIT_ASSIGNED_CONTEXT ( ( #1348, #2982, #3019 ) ) REPRESENTATION_CONTEXT ( 'NONE', 'WORKASPACE' ) );
#1031 = FACE_OUTER_BOUND ( 'NONE', #2636, .T. ) ;
#1032 = AXIS2_PLACEMENT_3D ( 'NONE', #1086, #1067, #3337 ) ;
#1033 = EDGE_CURVE ( 'NONE', #889, #454, #2938, .T. ) ;
#1034 = FILL_AREA_STYLE ('',( #2990 ) ) ;
#1035 = STYLED_ITEM ( 'NONE', ( #1346 ), #1164 ) ;
#1036 = VERTEX_POINT ( 'NONE', #395 ) ;
#1037 = DIRECTION ( 'NONE',  ( 0.000000000000000000, 0.000000000000000000, -1.000000000000000000 ) ) ;
#1038 = LINE ( 'NONE', #412, #882 ) ;
#1039 = SURFACE_STYLE_USAGE ( .BOTH. , #2150 ) ;
#1040 = ORIENTED_EDGE ( 'NONE', *, *, #3360, .T. ) ;
#1041 = FILL_AREA_STYLE ('',( #3291 ) ) ;
#1042 = SURFACE_STYLE_FILL_AREA ( #3601 ) ;
#1043 = EDGE_CURVE ( 'NONE', #808, #615, #2442, .T. ) ;
#1044 = DIRECTION ( 'NONE',  ( -0.000000000000000000, 1.000000000000000000, -0.000000000000000000 ) ) ;
#1045 = DIRECTION ( 'NONE',  ( -0.000000000000000000, -0.000000000000000000, -1.000000000000000000 ) ) ;
#1046 = PRESENTATION_STYLE_ASSIGNMENT (( #2759 ) ) ;
#1047 = MECHANICAL_DESIGN_GEOMETRIC_PRESENTATION_REPRESENTATION (  '', ( #3128 ), #1533 ) ;
#1048 =( NAMED_UNIT ( * ) SI_UNIT ( $, .STERADIAN. ) SOLID_ANGLE_UNIT ( ) );
#1049 = ORIENTED_EDGE ( 'NONE', *, *, #936, .T. ) ;
#1050 = VECTOR ( 'NONE', #1998, 1000.000000000000000 ) ;
#1051 = FILL_AREA_STYLE_COLOUR ( '', #548 ) ;
#1052 = LINE ( 'NONE', #1668, #2766 ) ;
#1053 = CIRCLE ( 'NONE', #1835, 0.2966297947787973066 ) ;
#1054 = COLOUR_RGB ( '',0.2470588235294117752, 0.000000000000000000, 0.2549019607843137081 ) ;
#1055 = AXIS2_PLACEMENT_3D ( 'NONE', #88, #873, #3147 ) ;
#1056 = EDGE_LOOP ( 'NONE', ( #1716, #1896, #2532, #2790 ) ) ;
#1057 = COLOUR_RGB ( '',0.9686274509803921573, 0.8784313725490195957, 0.5999999999999999778 ) ;
#1058 = STYLED_ITEM ( 'NONE', ( #2387 ), #2791 ) ;
#1059 = CARTESIAN_POINT ( 'NONE',  ( 2.540000000000000480, -0.1000000000000000056, 2.972666666666667012 ) ) ;
#1060 = DIRECTION ( 'NONE',  ( -0.000000000000000000, -1.000000000000000000, 0.000000000000000000 ) ) ;
#1061 = SURFACE_SIDE_STYLE ('',( #782 ) ) ;
#1062 = UNCERTAINTY_MEASURE_WITH_UNIT (LENGTH_MEASURE( 1.000000000000000082E-05 ), #510, 'distance_accuracy_value', 'NONE');
#1063 = LINE ( 'NONE', #1679, #1454 ) ;
#1064 = CARTESIAN_POINT ( 'NONE',  ( -3.239999999999997993, -0.1000000000000000056, 2.000000000000001776 ) ) ;
#1065 = CYLINDRICAL_SURFACE ( 'NONE', #496, 0.09999999999999982514 ) ;
#1066 =( LENGTH_UNIT ( ) NAMED_UNIT ( * ) SI_UNIT ( .MILLI., .METRE. ) );
#1067 = DIRECTION ( 'NONE',  ( 0.000000000000000000, 1.000000000000000000, -0.000000000000000000 ) ) ;
#1068 =( GEOMETRIC_REPRESENTATION_CONTEXT ( 3 ) GLOBAL_UNCERTAINTY_ASSIGNED_CONTEXT ( ( #881 ) ) GLOBAL_UNIT_ASSIGNED_CONTEXT ( ( #2630, #370, #2034 ) ) REPRESENTATION_CONTEXT ( 'NONE', 'WORKASPACE' ) );
#1069 = ORIENTED_EDGE ( 'NONE', *, *, #1043, .F. ) ;
#1070 = ADVANCED_FACE ( 'NONE', ( #2004 ), #1746, .F. ) ;
#1071 = EDGE_CURVE ( 'NONE', #2093, #2579, #1277, .T. ) ;
#1072 = LINE ( 'NONE', #3245, #172 ) ;
#1073 = FACE_OUTER_BOUND ( 'NONE', #1789, .T. ) ;
#1074 = STYLED_ITEM ( 'NONE', ( #3506 ), #277 ) ;
#1075 = FILL_AREA_STYLE ('',( #2774 ) ) ;
#1076 =( LENGTH_UNIT ( ) NAMED_UNIT ( * ) SI_UNIT ( .MILLI., .METRE. ) );
#1077 = VERTEX_POINT ( 'NONE', #1814 ) ;
#1078 = PRESENTATION_LAYER_ASSIGNMENT (  '', '', ( #306 ) ) ;
#1079 = DIRECTION ( 'NONE',  ( 0.000000000000000000, 0.000000000000000000, -1.000000000000000000 ) ) ;
#1080 =( LENGTH_UNIT ( ) NAMED_UNIT ( * ) SI_UNIT ( .MILLI., .METRE. ) );
#1081 = COLOUR_RGB ( '',0.9686274509803921573, 0.8784313725490195957, 0.5999999999999999778 ) ;
#1082 = DIRECTION ( 'NONE',  ( 0.000000000000000000, -1.000000000000000000, 0.000000000000000000 ) ) ;
#1083 = EDGE_CURVE ( 'NONE', #2323, #2418, #1929, .T. ) ;
#1084 = ORIENTED_EDGE ( 'NONE', *, *, #3543, .F. ) ;
#1085 = DIRECTION ( 'NONE',  ( -0.000000000000000000, 1.000000000000000000, -0.000000000000000000 ) ) ;
#1086 = CARTESIAN_POINT ( 'NONE',  ( 2.539999999999999591, 1.000000000000000000, -2.972666666666667901 ) ) ;
#1087 = STYLED_ITEM ( 'NONE', ( #458 ), #189 ) ;
#1088 = EDGE_CURVE ( 'NONE', #2244, #1036, #3240, .T. ) ;
#1089 = ORIENTED_EDGE ( 'NONE', *, *, #2439, .T. ) ;
#1090 = AXIS2_PLACEMENT_3D ( 'NONE', #2294, #2255, #3427 ) ;
#1091 = SURFACE_STYLE_USAGE ( .BOTH. , #2491 ) ;
#1092 = PLANE ( 'NONE',  #2611 ) ;
#1093 = LINE ( 'NONE', #1694, #649 ) ;
#1094 = FILL_AREA_STYLE_COLOUR ( '', #1839 ) ;
#1095 = ORIENTED_EDGE ( 'NONE', *, *, #2629, .F. ) ;
#1096 = FILL_AREA_STYLE_COLOUR ( '', #6 ) ;
#1097 =( NAMED_UNIT ( * ) SI_UNIT ( $, .STERADIAN. ) SOLID_ANGLE_UNIT ( ) );
#1098 = DIRECTION ( 'NONE',  ( 0.000000000000000000, 0.000000000000000000, 1.000000000000000000 ) ) ;
#1099 =( NAMED_UNIT ( * ) SI_UNIT ( $, .STERADIAN. ) SOLID_ANGLE_UNIT ( ) );
#1100 = UNCERTAINTY_MEASURE_WITH_UNIT (LENGTH_MEASURE( 1.000000000000000082E-05 ), #2406, 'distance_accuracy_value', 'NONE');
#1101 =( NAMED_UNIT ( * ) SI_UNIT ( $, .STERADIAN. ) SOLID_ANGLE_UNIT ( ) );
#1102 = FILL_AREA_STYLE_COLOUR ( '', #1264 ) ;
#1103 = EDGE_CURVE ( 'NONE', #426, #2841, #3054, .T. ) ;
#1104 = ORIENTED_EDGE ( 'NONE', *, *, #218, .T. ) ;
#1105 = CARTESIAN_POINT ( 'NONE',  ( -3.239999999999999769, 0.000000000000000000, -2.500000000000000000 ) ) ;
#1106 = LINE ( 'NONE', #2486, #1991 ) ;
#1107 =( GEOMETRIC_REPRESENTATION_CONTEXT ( 3 ) GLOBAL_UNCERTAINTY_ASSIGNED_CONTEXT ( ( #434 ) ) GLOBAL_UNIT_ASSIGNED_CONTEXT ( ( #2080, #3461, #2062 ) ) REPRESENTATION_CONTEXT ( 'NONE', 'WORKASPACE' ) );
#1108 = ORIENTED_EDGE ( 'NONE', *, *, #114, .F. ) ;
#1109 = CARTESIAN_POINT ( 'NONE',  ( -2.540000000000000480, -0.1000000000000000056, -2.972666666666664348 ) ) ;
#1110 =( NAMED_UNIT ( * ) SI_UNIT ( $, .STERADIAN. ) SOLID_ANGLE_UNIT ( ) );
#1111 = DIRECTION ( 'NONE',  ( 1.000000000000000000, -0.000000000000000000, 1.548860246407863829E-16 ) ) ;
#1112 =( LENGTH_UNIT ( ) NAMED_UNIT ( * ) SI_UNIT ( .MILLI., .METRE. ) );
#1113 = CARTESIAN_POINT ( 'NONE',  ( 3.239999999999999769, -0.1000000000000000056, -2.500000000000000000 ) ) ;
#1114 = MECHANICAL_DESIGN_GEOMETRIC_PRESENTATION_REPRESENTATION (  '', ( #287 ), #175 ) ;
#1115 = ORIENTED_EDGE ( 'NONE', *, *, #361, .T. ) ;
#1116 =( NAMED_UNIT ( * ) SI_UNIT ( $, .STERADIAN. ) SOLID_ANGLE_UNIT ( ) );
#1117 =( NAMED_UNIT ( * ) PLANE_ANGLE_UNIT ( ) SI_UNIT ( $, .RADIAN. ) );
#1118 = CARTESIAN_POINT ( 'NONE',  ( -2.540000000000000480, -0.1000000000000000056, -2.972666666666664348 ) ) ;
#1119 = PRESENTATION_STYLE_ASSIGNMENT (( #234 ) ) ;
#1120 = COLOUR_RGB ( '',0.9686274509803921573, 0.8784313725490195957, 0.5999999999999999778 ) ;
#1121 = PRESENTATION_LAYER_ASSIGNMENT (  '', '', ( #3255 ) ) ;
#1122 = PRESENTATION_LAYER_ASSIGNMENT (  '', '', ( #3076 ) ) ;
#1123 = PRESENTATION_STYLE_ASSIGNMENT (( #859 ) ) ;
#1124 = DIRECTION ( 'NONE',  ( 0.000000000000000000, 0.000000000000000000, -1.000000000000000000 ) ) ;
#1125 = AXIS2_PLACEMENT_3D ( 'NONE', #1478, #2941, #892 ) ;
#1126 = ORIENTED_EDGE ( 'NONE', *, *, #3015, .T. ) ;
#1127 = FACE_OUTER_BOUND ( 'NONE', #2527, .T. ) ;
#1128 = SURFACE_STYLE_USAGE ( .BOTH. , #5 ) ;
#1129 = ORIENTED_EDGE ( 'NONE', *, *, #223, .F. ) ;
#1130 = CIRCLE ( 'NONE', #543, 0.1000000000000000472 ) ;
#1131 = EDGE_CURVE ( 'NONE', #2190, #643, #157, .T. ) ;
#1132 = ORIENTED_EDGE ( 'NONE', *, *, #2627, .T. ) ;
#1133 = EDGE_CURVE ( 'NONE', #3374, #3526, #2049, .T. ) ;
#1134 = CARTESIAN_POINT ( 'NONE',  ( 2.949999999999999734, 1.300000000000000044, 1.699999999999999734 ) ) ;
#1135 = AXIS2_PLACEMENT_3D ( 'NONE', #3595, #2100, #450 ) ;
#1136 = DIRECTION ( 'NONE',  ( 0.000000000000000000, 0.000000000000000000, -1.000000000000000000 ) ) ;
#1137 = DIRECTION ( 'NONE',  ( 0.000000000000000000, 0.000000000000000000, 1.000000000000000000 ) ) ;
#1138 = DIRECTION ( 'NONE',  ( 1.000000000000000000, 0.000000000000000000, -1.095153709581317773E-15 ) ) ;
#1139 = VECTOR ( 'NONE', #2577, 1000.000000000000000 ) ;
#1140 = PLANE ( 'NONE',  #494 ) ;
#1141 = SURFACE_STYLE_FILL_AREA ( #18 ) ;
#1142 = CARTESIAN_POINT ( 'NONE',  ( -2.949999999999999734, 1.199999999999999956, 1.892954891671768225 ) ) ;
#1143 = STYLED_ITEM ( 'NONE', ( #1846 ), #1886 ) ;
#1144 = ORIENTED_EDGE ( 'NONE', *, *, #3456, .F. ) ;
#1145 =( NAMED_UNIT ( * ) SI_UNIT ( $, .STERADIAN. ) SOLID_ANGLE_UNIT ( ) );
#1146 = VECTOR ( 'NONE', #2693, 1000.000000000000000 ) ;
#1147 = CARTESIAN_POINT ( 'NONE',  ( 3.142954891671768003, 1.199999999999999956, 1.699999999999999734 ) ) ;
#1148 =( GEOMETRIC_REPRESENTATION_CONTEXT ( 3 ) GLOBAL_UNCERTAINTY_ASSIGNED_CONTEXT ( ( #801 ) ) GLOBAL_UNIT_ASSIGNED_CONTEXT ( ( #721, #2461, #2181 ) ) REPRESENTATION_CONTEXT ( 'NONE', 'WORKASPACE' ) );
#1149 = ORIENTED_EDGE ( 'NONE', *, *, #764, .T. ) ;
#1150 = ADVANCED_FACE ( 'NONE', ( #572 ), #2980, .F. ) ;
#1151 = STYLED_ITEM ( 'NONE', ( #1834 ), #72 ) ;
#1152 =( NAMED_UNIT ( * ) PLANE_ANGLE_UNIT ( ) SI_UNIT ( $, .RADIAN. ) );
#1153 = SURFACE_STYLE_USAGE ( .BOTH. , #2319 ) ;
#1154 = FACE_OUTER_BOUND ( 'NONE', #1013, .T. ) ;
#1155 = PRESENTATION_LAYER_ASSIGNMENT (  '', '', ( #1087 ) ) ;
#1156 = VERTEX_POINT ( 'NONE', #3563 ) ;
#1157 = ORIENTED_EDGE ( 'NONE', *, *, #1925, .T. ) ;
#1158 = CYLINDRICAL_SURFACE ( 'NONE', #2911, 0.6726666666666656358 ) ;
#1159 =( NAMED_UNIT ( * ) SI_UNIT ( $, .STERADIAN. ) SOLID_ANGLE_UNIT ( ) );
#1160 = FACE_OUTER_BOUND ( 'NONE', #792, .T. ) ;
#1161 = CYLINDRICAL_SURFACE ( 'NONE', #3466, 0.6726666666666673011 ) ;
#1162 = CARTESIAN_POINT ( 'NONE',  ( 2.540000000000000480, 1.000000000000000000, 2.972666666666667012 ) ) ;
#1163 = CARTESIAN_POINT ( 'NONE',  ( -1.839999999999998304, -0.1000000000000000056, 2.500000000000000000 ) ) ;
#1164 = ADVANCED_FACE ( 'NONE', ( #1591 ), #857, .T. ) ;
#1165 = ORIENTED_EDGE ( 'NONE', *, *, #3556, .F. ) ;
#1166 = CARTESIAN_POINT ( 'NONE',  ( -2.949999999999999734, 1.096510050329749797, 1.996629794778797651 ) ) ;
#1167 = DIRECTION ( 'NONE',  ( 1.000000000000000000, 0.000000000000000000, 0.000000000000000000 ) ) ;
#1168 = ORIENTED_EDGE ( 'NONE', *, *, #829, .F. ) ;
#1169 = FILL_AREA_STYLE_COLOUR ( '', #1832 ) ;
#1170 = CARTESIAN_POINT ( 'NONE',  ( -3.239999999999997105, 0.000000000000000000, 2.500000000000000888 ) ) ;
#1171 = CARTESIAN_POINT ( 'NONE',  ( 2.949999999999999734, 1.096510050329749797, -1.996629794778797651 ) ) ;
#1172 = LINE ( 'NONE', #3178, #2020 ) ;
#1173 = DIRECTION ( 'NONE',  ( -1.000000000000000000, 0.000000000000000000, -0.000000000000000000 ) ) ;
#1174 = ORIENTED_EDGE ( 'NONE', *, *, #1935, .T. ) ;
#1175 = PLANE ( 'NONE',  #399 ) ;
#1176 = PRESENTATION_STYLE_ASSIGNMENT (( #3183 ) ) ;
#1177 = CARTESIAN_POINT ( 'NONE',  ( -1.839999999999998304, -0.1000000000000000056, 2.500000000000000000 ) ) ;
#1178 = SURFACE_STYLE_FILL_AREA ( #1516 ) ;
#1179 = SURFACE_STYLE_FILL_AREA ( #1794 ) ;
#1180 = UNCERTAINTY_MEASURE_WITH_UNIT (LENGTH_MEASURE( 1.000000000000000082E-05 ), #1490, 'distance_accuracy_value', 'NONE');
#1181 = VECTOR ( 'NONE', #3032, 1000.000000000000000 ) ;
#1182 = MECHANICAL_DESIGN_GEOMETRIC_PRESENTATION_REPRESENTATION (  '', ( #3141 ), #845 ) ;
#1183 = FILL_AREA_STYLE ('',( #660 ) ) ;
#1184 = PRESENTATION_STYLE_ASSIGNMENT (( #924 ) ) ;
#1185 = EDGE_CURVE ( 'NONE', #2610, #1156, #326, .T. ) ;
#1186 = DIRECTION ( 'NONE',  ( 0.000000000000000000, 1.000000000000000000, -0.000000000000000000 ) ) ;
#1187 = ORIENTED_EDGE ( 'NONE', *, *, #2524, .T. ) ;
#1188 = DIRECTION ( 'NONE',  ( 0.000000000000000000, 0.000000000000000000, 1.000000000000000000 ) ) ;
#1189 = CARTESIAN_POINT ( 'NONE',  ( 3.239999999999999769, -0.1000000000000000056, -1.300000000000000266 ) ) ;
#1190 = ORIENTED_EDGE ( 'NONE', *, *, #2230, .T. ) ;
#1191 = ORIENTED_EDGE ( 'NONE', *, *, #3618, .T. ) ;
#1192 = LINE ( 'NONE', #3499, #202 ) ;
#1193 = SURFACE_STYLE_FILL_AREA ( #2645 ) ;
#1194 = AXIS2_PLACEMENT_3D ( 'NONE', #3106, #2307, #2858 ) ;
#1195 = FILL_AREA_STYLE ('',( #3169 ) ) ;
#1196 = ADVANCED_FACE ( 'NONE', ( #1643 ), #3235, .T. ) ;
#1197 = ORIENTED_EDGE ( 'NONE', *, *, #1658, .F. ) ;
#1198 = CARTESIAN_POINT ( 'NONE',  ( -2.540000000000000480, 0.000000000000000000, -2.972666666666664348 ) ) ;
#1199 = AXIS2_PLACEMENT_3D ( 'NONE', #3362, #3119, #2206 ) ;
#1200 = MECHANICAL_DESIGN_GEOMETRIC_PRESENTATION_REPRESENTATION (  '', ( #1087 ), #2983 ) ;
#1201 = ORIENTED_EDGE ( 'NONE', *, *, #3293, .F. ) ;
#1202 = STYLED_ITEM ( 'NONE', ( #1123 ), #1524 ) ;
#1203 = FILL_AREA_STYLE_COLOUR ( '', #2037 ) ;
#1204 = SURFACE_STYLE_FILL_AREA ( #65 ) ;
#1205 = ADVANCED_FACE ( 'NONE', ( #2836 ), #1963, .T. ) ;
#1206 = EDGE_LOOP ( 'NONE', ( #1734, #1569, #1464, #1800, #2434, #1472 ) ) ;
#1207 = MECHANICAL_DESIGN_GEOMETRIC_PRESENTATION_REPRESENTATION (  '', ( #1805 ), #1030 ) ;
#1208 = EDGE_CURVE ( 'NONE', #3317, #830, #3347, .T. ) ;
#1209 = VERTEX_POINT ( 'NONE', #1385 ) ;
#1210 =( NAMED_UNIT ( * ) PLANE_ANGLE_UNIT ( ) SI_UNIT ( $, .RADIAN. ) );
#1211 = SURFACE_STYLE_USAGE ( .BOTH. , #627 ) ;
#1212 =( NAMED_UNIT ( * ) SI_UNIT ( $, .STERADIAN. ) SOLID_ANGLE_UNIT ( ) );
#1213 = DIRECTION ( 'NONE',  ( 1.000000000000000000, 0.000000000000000000, -3.469446951953616950E-15 ) ) ;
#1214 = SURFACE_STYLE_USAGE ( .BOTH. , #2068 ) ;
#1215 = DIRECTION ( 'NONE',  ( 1.000000000000000000, 0.000000000000000000, 0.000000000000000000 ) ) ;
#1216 = STYLED_ITEM ( 'NONE', ( #1932 ), #991 ) ;
#1217 = UNCERTAINTY_MEASURE_WITH_UNIT (LENGTH_MEASURE( 1.000000000000000082E-05 ), #1112, 'distance_accuracy_value', 'NONE');
#1218 = DIRECTION ( 'NONE',  ( -0.000000000000000000, -1.000000000000000000, -0.000000000000000000 ) ) ;
#1219 = FILL_AREA_STYLE_COLOUR ( '', #1120 ) ;
#1220 = ORIENTED_EDGE ( 'NONE', *, *, #692, .T. ) ;
#1221 = DIRECTION ( 'NONE',  ( 1.000000000000000000, 0.000000000000000000, -0.000000000000000000 ) ) ;
#1222 = ORIENTED_EDGE ( 'NONE', *, *, #1411, .T. ) ;
#1223 = FILL_AREA_STYLE_COLOUR ( '', #1235 ) ;
#1224 = PLANE ( 'NONE',  #3496 ) ;
#1225 =( NAMED_UNIT ( * ) SI_UNIT ( $, .STERADIAN. ) SOLID_ANGLE_UNIT ( ) );
#1226 = STYLED_ITEM ( 'NONE', ( #1807 ), #2975 ) ;
#1227 = SURFACE_STYLE_USAGE ( .BOTH. , #108 ) ;
#1228 = CIRCLE ( 'NONE', #701, 0.2500000000000004441 ) ;
#1229 = VECTOR ( 'NONE', #2498, 1000.000000000000000 ) ;
#1230 = ADVANCED_FACE ( 'NONE', ( #875 ), #3633, .T. ) ;
#1231 = FACE_OUTER_BOUND ( 'NONE', #3497, .T. ) ;
#1232 = STYLED_ITEM ( 'NONE', ( #1184 ), #3582 ) ;
#1233 = DIRECTION ( 'NONE',  ( 0.000000000000000000, 0.000000000000000000, 1.000000000000000000 ) ) ;
#1234 = DIRECTION ( 'NONE',  ( -0.000000000000000000, -0.9993908270190956511, 0.03489949670250097613 ) ) ;
#1235 = COLOUR_RGB ( '',0.2470588235294117752, 0.000000000000000000, 0.2549019607843137081 ) ;
#1236 = AXIS2_PLACEMENT_3D ( 'NONE', #516, #540, #3118 ) ;
#1237 = VERTEX_POINT ( 'NONE', #800 ) ;
#1238 = AXIS2_PLACEMENT_3D ( 'NONE', #1837, #1280, #2007 ) ;
#1239 = CARTESIAN_POINT ( 'NONE',  ( -2.949999999999999734, 1.096510050329749131, 1.699999999999999734 ) ) ;
#1240 = CARTESIAN_POINT ( 'NONE',  ( -2.847399644911425264E-15, 0.000000000000000000, -2.599999999999999645 ) ) ;
#1241 =( NAMED_UNIT ( * ) SI_UNIT ( $, .STERADIAN. ) SOLID_ANGLE_UNIT ( ) );
#1242 = PLANE ( 'NONE',  #1958 ) ;
#1243 = ORIENTED_EDGE ( 'NONE', *, *, #1971, .T. ) ;
#1244 = EDGE_LOOP ( 'NONE', ( #1394, #2967, #1549, #3559, #330, #1957, #2292, #2236 ) ) ;
#1245 = DIRECTION ( 'NONE',  ( 1.000000000000000000, 0.000000000000000000, 0.000000000000000000 ) ) ;
#1246 = CARTESIAN_POINT ( 'NONE',  ( 3.600000000000000089, 1.000000000000000000, 0.000000000000000000 ) ) ;
#1247 =( LENGTH_UNIT ( ) NAMED_UNIT ( * ) SI_UNIT ( .MILLI., .METRE. ) );
#1248 = SURFACE_STYLE_FILL_AREA ( #129 ) ;
#1249 = ADVANCED_FACE ( 'NONE', ( #1428 ), #15, .F. ) ;
#1250 = PRESENTATION_STYLE_ASSIGNMENT (( #1227 ) ) ;
#1251 = SURFACE_SIDE_STYLE ('',( #970 ) ) ;
#1252 = UNCERTAINTY_MEASURE_WITH_UNIT (LENGTH_MEASURE( 1.000000000000000082E-05 ), #2421, 'distance_accuracy_value', 'NONE');
#1253 = PRESENTATION_LAYER_ASSIGNMENT (  '', '', ( #774 ) ) ;
#1254 = ORIENTED_EDGE ( 'NONE', *, *, #1088, .F. ) ;
#1255 = AXIS2_PLACEMENT_3D ( 'NONE', #359, #53, #921 ) ;
#1256 = LINE ( 'NONE', #2672, #468 ) ;
#1257 = CARTESIAN_POINT ( 'NONE',  ( -3.772743730481634028, 1.000000000000000000, -2.772743730481633140 ) ) ;
#1258 = TOROIDAL_SURFACE ( 'NONE', #662, 0.3965688774807074601, 0.1000000000000000056 ) ;
#1259 = PRESENTATION_LAYER_ASSIGNMENT (  '', '', ( #489 ) ) ;
#1260 = ORIENTED_EDGE ( 'NONE', *, *, #3575, .F. ) ;
#1261 = LINE ( 'NONE', #3532, #1297 ) ;
#1262 = ADVANCED_FACE ( 'NONE', ( #2632 ), #3519, .F. ) ;
#1263 = STYLED_ITEM ( 'NONE', ( #2330 ), #1598 ) ;
#1264 = COLOUR_RGB ( '',0.9686274509803921573, 0.8784313725490195957, 0.5999999999999999778 ) ;
#1265 = FILL_AREA_STYLE_COLOUR ( '', #2961 ) ;
#1266 = ORIENTED_EDGE ( 'NONE', *, *, #1813, .T. ) ;
#1267 = EDGE_LOOP ( 'NONE', ( #298, #1686 ) ) ;
#1268 = CARTESIAN_POINT ( 'NONE',  ( 3.239999999999999769, -0.1000000000000000056, -2.500000000000000000 ) ) ;
#1269 = DIRECTION ( 'NONE',  ( 1.934156501956300592E-15, 0.000000000000000000, 1.000000000000000000 ) ) ;
#1270 = LINE ( 'NONE', #126, #237 ) ;
#1271 = DIRECTION ( 'NONE',  ( -1.000000000000000000, 0.000000000000000000, -0.000000000000000000 ) ) ;
#1272 = AXIS2_PLACEMENT_3D ( 'NONE', #1142, #550, #1681 ) ;
#1273 =( GEOMETRIC_REPRESENTATION_CONTEXT ( 3 ) GLOBAL_UNCERTAINTY_ASSIGNED_CONTEXT ( ( #1487 ) ) GLOBAL_UNIT_ASSIGNED_CONTEXT ( ( #105, #392, #2646 ) ) REPRESENTATION_CONTEXT ( 'NONE', 'WORKASPACE' ) );
#1274 = PRESENTATION_LAYER_ASSIGNMENT (  '', '', ( #3407 ) ) ;
#1275 = DIRECTION ( 'NONE',  ( 0.000000000000000000, 0.000000000000000000, -1.000000000000000000 ) ) ;
#1276 = EDGE_CURVE ( 'NONE', #3363, #1754, #71, .T. ) ;
#1277 = CIRCLE ( 'NONE', #3534, 0.2500000000000004441 ) ;
#1278 =( NAMED_UNIT ( * ) PLANE_ANGLE_UNIT ( ) SI_UNIT ( $, .RADIAN. ) );
#1279 = ADVANCED_FACE ( 'NONE', ( #2934 ), #1224, .F. ) ;
#1280 = DIRECTION ( 'NONE',  ( -0.000000000000000000, -1.000000000000000000, 0.000000000000000000 ) ) ;
#1281 = ORIENTED_EDGE ( 'NONE', *, *, #3385, .F. ) ;
#1282 = CARTESIAN_POINT ( 'NONE',  ( 3.239999999999999769, -0.1000000000000000056, -2.500000000000000000 ) ) ;
#1283 = SURFACE_STYLE_USAGE ( .BOTH. , #1301 ) ;
#1284 = ORIENTED_EDGE ( 'NONE', *, *, #536, .F. ) ;
#1285 = VERTEX_POINT ( 'NONE', #1828 ) ;
#1286 = DIRECTION ( 'NONE',  ( 0.000000000000000000, 0.000000000000000000, 1.000000000000000000 ) ) ;
#1287 = DIRECTION ( 'NONE',  ( 0.000000000000000000, 0.000000000000000000, -1.000000000000000000 ) ) ;
#1288 =( NAMED_UNIT ( * ) SI_UNIT ( $, .STERADIAN. ) SOLID_ANGLE_UNIT ( ) );
#1289 = CARTESIAN_POINT ( 'NONE',  ( 3.600000000000000089, 1.000000000000000000, 0.000000000000000000 ) ) ;
#1290 = UNCERTAINTY_MEASURE_WITH_UNIT (LENGTH_MEASURE( 1.000000000000000082E-05 ), #2380, 'distance_accuracy_value', 'NONE');
#1291 = PRESENTATION_STYLE_ASSIGNMENT (( #147 ) ) ;
#1292 = UNCERTAINTY_MEASURE_WITH_UNIT (LENGTH_MEASURE( 1.000000000000000082E-05 ), #1511, 'distance_accuracy_value', 'NONE');
#1293 = LINE ( 'NONE', #1064, #1335 ) ;
#1294 = SURFACE_STYLE_FILL_AREA ( #1856 ) ;
#1295 = AXIS2_PLACEMENT_3D ( 'NONE', #2094, #1801, #1188 ) ;
#1296 = ADVANCED_FACE ( 'NONE', ( #200 ), #2194, .F. ) ;
#1297 = VECTOR ( 'NONE', #3299, 1000.000000000000000 ) ;
#1298 = ORIENTED_EDGE ( 'NONE', *, *, #2510, .F. ) ;
#1299 = VECTOR ( 'NONE', #1367, 1000.000000000000000 ) ;
#1300 = DIRECTION ( 'NONE',  ( -0.000000000000000000, 1.000000000000000000, -0.000000000000000000 ) ) ;
#1301 = SURFACE_SIDE_STYLE ('',( #978 ) ) ;
#1302 = MECHANICAL_DESIGN_GEOMETRIC_PRESENTATION_REPRESENTATION (  '', ( #3134 ), #3073 ) ;
#1303 = MECHANICAL_DESIGN_GEOMETRIC_PRESENTATION_REPRESENTATION (  '', ( #3255 ), #235 ) ;
#1304 = AXIS2_PLACEMENT_3D ( 'NONE', #2405, #3553, #467 ) ;
#1305 = EDGE_LOOP ( 'NONE', ( #654, #2099, #2145, #484 ) ) ;
#1306 = EDGE_LOOP ( 'NONE', ( #387, #758, #3262, #2024 ) ) ;
#1307 = SURFACE_SIDE_STYLE ('',( #1001 ) ) ;
#1308 = DIRECTION ( 'NONE',  ( 0.000000000000000000, 0.000000000000000000, -1.000000000000000000 ) ) ;
#1309 = FILL_AREA_STYLE ('',( #2700 ) ) ;
#1310 = FILL_AREA_STYLE_COLOUR ( '', #304 ) ;
#1311 = FILL_AREA_STYLE_COLOUR ( '', #2930 ) ;
#1312 = EDGE_CURVE ( 'NONE', #407, #2275, #2764, .T. ) ;
#1313 = DIRECTION ( 'NONE',  ( 0.000000000000000000, 0.000000000000000000, 1.000000000000000000 ) ) ;
#1314 = SURFACE_SIDE_STYLE ('',( #3331 ) ) ;
#1315 = VERTEX_POINT ( 'NONE', #2734 ) ;
#1316 = VECTOR ( 'NONE', #640, 1000.000000000000000 ) ;
#1317 = FILL_AREA_STYLE ('',( #3545 ) ) ;
#1318 = CARTESIAN_POINT ( 'NONE',  ( 2.540000000000000480, 1.000000000000000000, 2.300000000000000711 ) ) ;
#1319 = COLOUR_RGB ( '',0.9686274509803921573, 0.8784313725490195957, 0.5999999999999999778 ) ;
#1320 = ORIENTED_EDGE ( 'NONE', *, *, #2152, .F. ) ;
#1321 = SURFACE_SIDE_STYLE ('',( #429 ) ) ;
#1322 = DIRECTION ( 'NONE',  ( -0.000000000000000000, -0.000000000000000000, 1.000000000000000000 ) ) ;
#1323 = DIRECTION ( 'NONE',  ( 0.000000000000000000, -1.000000000000000000, 0.000000000000000000 ) ) ;
#1324 = CARTESIAN_POINT ( 'NONE',  ( -2.539999999999998259, -0.1000000000000000056, 2.000000000000000444 ) ) ;
#1325 = ADVANCED_FACE ( 'NONE', ( #3013, #2453 ), #2133, .F. ) ;
#1326 = VECTOR ( 'NONE', #143, 1000.000000000000000 ) ;
#1327 = UNCERTAINTY_MEASURE_WITH_UNIT (LENGTH_MEASURE( 1.000000000000000082E-05 ), #1345, 'distance_accuracy_value', 'NONE');
#1328 = ADVANCED_FACE ( 'NONE', ( #2996, #452 ), #1585, .T. ) ;
#1329 = VERTEX_POINT ( 'NONE', #561 ) ;
#1330 = CIRCLE ( 'NONE', #3042, 0.6726666666666673011 ) ;
#1331 = FACE_OUTER_BOUND ( 'NONE', #1901, .T. ) ;
#1332 = UNCERTAINTY_MEASURE_WITH_UNIT (LENGTH_MEASURE( 1.000000000000000082E-05 ), #816, 'distance_accuracy_value', 'NONE');
#1333 = MECHANICAL_DESIGN_GEOMETRIC_PRESENTATION_REPRESENTATION (  '', ( #620 ), #2987 ) ;
#1334 = FILL_AREA_STYLE_COLOUR ( '', #960 ) ;
#1335 = VECTOR ( 'NONE', #1044, 1000.000000000000000 ) ;
#1336 = DIRECTION ( 'NONE',  ( -0.000000000000000000, 1.000000000000000000, -0.000000000000000000 ) ) ;
#1337 = VERTEX_POINT ( 'NONE', #227 ) ;
#1338 = DIRECTION ( 'NONE',  ( 0.000000000000000000, 1.000000000000000000, -0.000000000000000000 ) ) ;
#1339 =( NAMED_UNIT ( * ) PLANE_ANGLE_UNIT ( ) SI_UNIT ( $, .RADIAN. ) );
#1340 = AXIS2_PLACEMENT_3D ( 'NONE', #2441, #3586, #1275 ) ;
#1341 = ORIENTED_EDGE ( 'NONE', *, *, #3603, .T. ) ;
#1342 = LINE ( 'NONE', #1357, #2707 ) ;
#1343 = DIRECTION ( 'NONE',  ( -0.000000000000000000, 1.000000000000000000, -0.000000000000000000 ) ) ;
#1344 = DIRECTION ( 'NONE',  ( 0.000000000000000000, 0.000000000000000000, -1.000000000000000000 ) ) ;
#1345 =( LENGTH_UNIT ( ) NAMED_UNIT ( * ) SI_UNIT ( .MILLI., .METRE. ) );
#1346 = PRESENTATION_STYLE_ASSIGNMENT (( #2426 ) ) ;
#1347 = DIRECTION ( 'NONE',  ( -0.000000000000000000, 1.000000000000000000, -0.000000000000000000 ) ) ;
#1348 =( LENGTH_UNIT ( ) NAMED_UNIT ( * ) SI_UNIT ( .MILLI., .METRE. ) );
#1349 = EDGE_CURVE ( 'NONE', #3656, #3480, #3627, .T. ) ;
#1350 = EDGE_CURVE ( 'NONE', #1209, #1655, #3102, .T. ) ;
#1351 = PRESENTATION_LAYER_ASSIGNMENT (  '', '', ( #3128 ) ) ;
#1352 = LINE ( 'NONE', #3657, #2705 ) ;
#1353 = DIRECTION ( 'NONE',  ( -0.000000000000000000, 0.000000000000000000, 1.000000000000000000 ) ) ;
#1354 = EDGE_LOOP ( 'NONE', ( #294, #1996, #3430, #159 ) ) ;
#1355 = COLOUR_RGB ( '',0.9686274509803921573, 0.8784313725490195957, 0.5999999999999999778 ) ;
#1356 = SURFACE_STYLE_FILL_AREA ( #8 ) ;
#1357 = CARTESIAN_POINT ( 'NONE',  ( 3.100000000000000089, 1.000000000000000000, 2.600000000000000533 ) ) ;
#1358 = TOROIDAL_SURFACE ( 'NONE', #1779, 0.1929548916717680196, 0.1000000000000000056 ) ;
#1359 = MECHANICAL_DESIGN_GEOMETRIC_PRESENTATION_REPRESENTATION (  '', ( #942 ), #3021 ) ;
#1360 =( NAMED_UNIT ( * ) PLANE_ANGLE_UNIT ( ) SI_UNIT ( $, .RADIAN. ) );
#1361 = PRESENTATION_STYLE_ASSIGNMENT (( #1399 ) ) ;
#1362 = ORIENTED_EDGE ( 'NONE', *, *, #2732, .F. ) ;
#1363 = PRESENTATION_LAYER_ASSIGNMENT (  '', '', ( #3079 ) ) ;
#1364 = ORIENTED_EDGE ( 'NONE', *, *, #2736, .F. ) ;
#1365 = COLOUR_RGB ( '',0.9686274509803921573, 0.8784313725490195957, 0.5999999999999999778 ) ;
#1366 = ADVANCED_FACE ( 'NONE', ( #1418 ), #3648, .F. ) ;
#1367 = DIRECTION ( 'NONE',  ( -0.000000000000000000, -1.000000000000000000, -0.000000000000000000 ) ) ;
#1368 =( NAMED_UNIT ( * ) SI_UNIT ( $, .STERADIAN. ) SOLID_ANGLE_UNIT ( ) );
#1369 = FILL_AREA_STYLE_COLOUR ( '', #625 ) ;
#1370 = CARTESIAN_POINT ( 'NONE',  ( 2.061390904112067268, 0.000000000000000000, -2.500000000000000000 ) ) ;
#1371 = FACE_OUTER_BOUND ( 'NONE', #3629, .T. ) ;
#1372 = ORIENTED_EDGE ( 'NONE', *, *, #874, .F. ) ;
#1373 = CARTESIAN_POINT ( 'NONE',  ( -2.949999999999999734, 1.000000000000000000, 2.096568877480707194 ) ) ;
#1374 = DIRECTION ( 'NONE',  ( -1.000000000000000000, -0.000000000000000000, 0.000000000000000000 ) ) ;
#1375 = VERTEX_POINT ( 'NONE', #2559 ) ;
#1376 = CARTESIAN_POINT ( 'NONE',  ( 3.600000000000000089, 1.000000000000000000, 2.349999999999999645 ) ) ;
#1377 = CARTESIAN_POINT ( 'NONE',  ( -3.239999999999999769, 0.000000000000000000, -2.500000000000000000 ) ) ;
#1378 = CARTESIAN_POINT ( 'NONE',  ( -2.949999999999999734, 1.199999999999999956, 1.699999999999999734 ) ) ;
#1379 = AXIS2_PLACEMENT_3D ( 'NONE', #2664, #2373, #1308 ) ;
#1380 = ORIENTED_EDGE ( 'NONE', *, *, #2856, .T. ) ;
#1381 = PRESENTATION_LAYER_ASSIGNMENT (  '', '', ( #2487 ) ) ;
#1382 = ADVANCED_FACE ( 'NONE', ( #1154 ), #3662, .F. ) ;
#1383 = CARTESIAN_POINT ( 'NONE',  ( -3.250000000000000000, 1.000000000000000000, -1.700000000000000622 ) ) ;
#1384 = FACE_OUTER_BOUND ( 'NONE', #85, .T. ) ;
#1385 = CARTESIAN_POINT ( 'NONE',  ( 1.980000000000000870, 1.000000000000000000, 2.600000000000000533 ) ) ;
#1386 = AXIS2_PLACEMENT_3D ( 'NONE', #851, #3628, #265 ) ;
#1387 = COLOUR_RGB ( '',0.2470588235294117752, 0.000000000000000000, 0.2549019607843137081 ) ;
#1388 =( NAMED_UNIT ( * ) PLANE_ANGLE_UNIT ( ) SI_UNIT ( $, .RADIAN. ) );
#1389 =( LENGTH_UNIT ( ) NAMED_UNIT ( * ) SI_UNIT ( .MILLI., .METRE. ) );
#1390 = PRESENTATION_LAYER_ASSIGNMENT (  '', '', ( #1143 ) ) ;
#1391 = EDGE_LOOP ( 'NONE', ( #2202, #2488, #1414, #3386 ) ) ;
#1392 = CARTESIAN_POINT ( 'NONE',  ( -1.979999999999999982, 1.000000000000000000, -2.599999999999997424 ) ) ;
#1393 =( NAMED_UNIT ( * ) SI_UNIT ( $, .STERADIAN. ) SOLID_ANGLE_UNIT ( ) );
#1394 = ORIENTED_EDGE ( 'NONE', *, *, #2732, .T. ) ;
#1395 = CARTESIAN_POINT ( 'NONE',  ( -2.539999999999998259, -0.1000000000000000056, 2.000000000000000444 ) ) ;
#1396 = SURFACE_STYLE_USAGE ( .BOTH. , #1993 ) ;
#1397 =( NAMED_UNIT ( * ) SI_UNIT ( $, .STERADIAN. ) SOLID_ANGLE_UNIT ( ) );
#1398 = DIRECTION ( 'NONE',  ( -0.000000000000000000, 1.000000000000000000, -0.000000000000000000 ) ) ;
#1399 = SURFACE_STYLE_USAGE ( .BOTH. , #3609 ) ;
#1400 = ORIENTED_EDGE ( 'NONE', *, *, #3505, .F. ) ;
#1401 = SURFACE_STYLE_FILL_AREA ( #2810 ) ;
#1402 = FILL_AREA_STYLE ('',( #3324 ) ) ;
#1403 = LINE ( 'NONE', #2754, #1299 ) ;
#1404 = UNCERTAINTY_MEASURE_WITH_UNIT (LENGTH_MEASURE( 1.000000000000000082E-05 ), #2928, 'distance_accuracy_value', 'NONE');
#1405 = PRESENTATION_STYLE_ASSIGNMENT (( #2813 ) ) ;
#1406 = SURFACE_SIDE_STYLE ('',( #1141 ) ) ;
#1407 = SURFACE_STYLE_FILL_AREA ( #274 ) ;
#1408 = ORIENTED_EDGE ( 'NONE', *, *, #416, .F. ) ;
#1409 = DIRECTION ( 'NONE',  ( 0.000000000000000000, 0.000000000000000000, 1.000000000000000000 ) ) ;
#1410 = SURFACE_STYLE_USAGE ( .BOTH. , #1899 ) ;
#1411 = EDGE_CURVE ( 'NONE', #904, #1315, #1172, .T. ) ;
#1412 = ADVANCED_FACE ( 'NONE', ( #893 ), #332, .T. ) ;
#1413 = AXIS2_PLACEMENT_3D ( 'NONE', #1883, #3550, #1286 ) ;
#1414 = ORIENTED_EDGE ( 'NONE', *, *, #621, .F. ) ;
#1415 = DIRECTION ( 'NONE',  ( 0.000000000000000000, -1.000000000000000000, 0.000000000000000000 ) ) ;
#1416 = CARTESIAN_POINT ( 'NONE',  ( 1.839999999999999858, -0.1000000000000000056, 2.500000000000000000 ) ) ;
#1417 = PRESENTATION_STYLE_ASSIGNMENT (( #504 ) ) ;
#1418 = FACE_OUTER_BOUND ( 'NONE', #1433, .T. ) ;
#1419 = LINE ( 'NONE', #2516, #3457 ) ;
#1420 = COLOUR_RGB ( '',0.9686274509803921573, 0.8784313725490195957, 0.5999999999999999778 ) ;
#1421 = VECTOR ( 'NONE', #2279, 1000.000000000000000 ) ;
#1422 = VERTEX_POINT ( 'NONE', #1768 ) ;
#1423 = VECTOR ( 'NONE', #2802, 1000.000000000000000 ) ;
#1424 = CARTESIAN_POINT ( 'NONE',  ( 2.539999999999999591, 0.000000000000000000, -2.972666666666667901 ) ) ;
#1425 = CARTESIAN_POINT ( 'NONE',  ( 1.839999999999999858, -0.1000000000000000056, -2.500000000000000000 ) ) ;
#1426 = DIRECTION ( 'NONE',  ( -0.000000000000000000, 1.000000000000000000, -0.000000000000000000 ) ) ;
#1427 = MECHANICAL_DESIGN_GEOMETRIC_PRESENTATION_REPRESENTATION (  '', ( #2069 ), #2466 ) ;
#1428 = FACE_OUTER_BOUND ( 'NONE', #347, .T. ) ;
#1429 = PRESENTATION_LAYER_ASSIGNMENT (  '', '', ( #942 ) ) ;
#1430 = VECTOR ( 'NONE', #1234, 1000.000000000000227 ) ;
#1431 = CARTESIAN_POINT ( 'NONE',  ( 2.949999999999999734, 1.100000000000000089, -1.700000000000000622 ) ) ;
#1432 = MECHANICAL_DESIGN_GEOMETRIC_PRESENTATION_REPRESENTATION (  '', ( #2540 ), #2364 ) ;
#1433 = EDGE_LOOP ( 'NONE', ( #2173, #2076, #3641, #2061 ) ) ;
#1434 = CARTESIAN_POINT ( 'NONE',  ( -3.239999999999997105, 0.000000000000000000, 2.500000000000000888 ) ) ;
#1435 = CARTESIAN_POINT ( 'NONE',  ( 9.020562075079360603E-15, 0.000000000000000000, 2.599999999999987210 ) ) ;
#1436 = VERTEX_POINT ( 'NONE', #2337 ) ;
#1437 = DIRECTION ( 'NONE',  ( 0.000000000000000000, 0.000000000000000000, -1.000000000000000000 ) ) ;
#1438 =( LENGTH_UNIT ( ) NAMED_UNIT ( * ) SI_UNIT ( .MILLI., .METRE. ) );
#1439 = DIRECTION ( 'NONE',  ( 0.000000000000000000, 0.000000000000000000, -1.000000000000000000 ) ) ;
#1440 = SURFACE_STYLE_FILL_AREA ( #651 ) ;
#1441 =( GEOMETRIC_REPRESENTATION_CONTEXT ( 3 ) GLOBAL_UNCERTAINTY_ASSIGNED_CONTEXT ( ( #2619 ) ) GLOBAL_UNIT_ASSIGNED_CONTEXT ( ( #2174, #2136, #2959 ) ) REPRESENTATION_CONTEXT ( 'NONE', 'WORKASPACE' ) );
#1442 = ORIENTED_EDGE ( 'NONE', *, *, #506, .F. ) ;
#1443 = ORIENTED_EDGE ( 'NONE', *, *, #233, .F. ) ;
#1444 = COLOUR_RGB ( '',0.9686274509803921573, 0.8784313725490195957, 0.5999999999999999778 ) ;
#1445 = CARTESIAN_POINT ( 'NONE',  ( -1.839999999999998304, -0.1000000000000000056, 2.000000000000000444 ) ) ;
#1446 = EDGE_CURVE ( 'NONE', #44, #2695, #2888, .T. ) ;
#1447 = VECTOR ( 'NONE', #688, 1000.000000000000000 ) ;
#1448 = DIRECTION ( 'NONE',  ( 1.000000000000000000, 0.000000000000000000, -1.807003620809174139E-16 ) ) ;
#1449 = DIRECTION ( 'NONE',  ( 0.000000000000000000, 0.000000000000000000, -1.000000000000000000 ) ) ;
#1450 = DIRECTION ( 'NONE',  ( 0.000000000000000000, 0.000000000000000000, 1.000000000000000000 ) ) ;
#1451 =( GEOMETRIC_REPRESENTATION_CONTEXT ( 3 ) GLOBAL_UNCERTAINTY_ASSIGNED_CONTEXT ( ( #2586 ) ) GLOBAL_UNIT_ASSIGNED_CONTEXT ( ( #383, #2128, #118 ) ) REPRESENTATION_CONTEXT ( 'NONE', 'WORKASPACE' ) );
#1452 = DIRECTION ( 'NONE',  ( 0.000000000000000000, 0.000000000000000000, 1.000000000000000000 ) ) ;
#1453 = CYLINDRICAL_SURFACE ( 'NONE', #373, 0.6999999999999996225 ) ;
#1454 = VECTOR ( 'NONE', #2226, 1000.000000000000000 ) ;
#1455 = VERTEX_POINT ( 'NONE', #2008 ) ;
#1456 = DIRECTION ( 'NONE',  ( -0.000000000000000000, -1.000000000000000000, 0.000000000000000000 ) ) ;
#1457 = DIRECTION ( 'NONE',  ( 1.000000000000000000, 0.000000000000000000, -0.000000000000000000 ) ) ;
#1458 = VECTOR ( 'NONE', #1725, 1000.000000000000000 ) ;
#1459 = VERTEX_POINT ( 'NONE', #2850 ) ;
#1460 = PRESENTATION_LAYER_ASSIGNMENT (  '', '', ( #1151 ) ) ;
#1461 = DIRECTION ( 'NONE',  ( -0.000000000000000000, -1.000000000000000000, 0.000000000000000000 ) ) ;
#1462 = CYLINDRICAL_SURFACE ( 'NONE', #3565, 0.4566756596122039658 ) ;
#1463 = SURFACE_SIDE_STYLE ('',( #1440 ) ) ;
#1464 = ORIENTED_EDGE ( 'NONE', *, *, #3091, .T. ) ;
#1465 = VECTOR ( 'NONE', #2234, 1000.000000000000227 ) ;
#1466 = CARTESIAN_POINT ( 'NONE',  ( 3.100000000000000089, 0.000000000000000000, 2.600000000000000533 ) ) ;
#1467 =( NAMED_UNIT ( * ) SI_UNIT ( $, .STERADIAN. ) SOLID_ANGLE_UNIT ( ) );
#1468 = SURFACE_SIDE_STYLE ('',( #2613 ) ) ;
#1469 = DIRECTION ( 'NONE',  ( -0.000000000000000000, 0.000000000000000000, 1.000000000000000000 ) ) ;
#1470 = MECHANICAL_DESIGN_GEOMETRIC_PRESENTATION_REPRESENTATION (  '', ( #1035 ), #1520 ) ;
#1471 = CARTESIAN_POINT ( 'NONE',  ( 2.949999999999999734, 1.100000000000000089, 1.699999999999999734 ) ) ;
#1472 = ORIENTED_EDGE ( 'NONE', *, *, #223, .T. ) ;
#1473 = CARTESIAN_POINT ( 'NONE',  ( 2.061390904112067268, -0.1000000000000000056, -2.500000000000000000 ) ) ;
#1474 = SURFACE_STYLE_USAGE ( .BOTH. , #1251 ) ;
#1475 = ORIENTED_EDGE ( 'NONE', *, *, #1971, .F. ) ;
#1476 =( NAMED_UNIT ( * ) PLANE_ANGLE_UNIT ( ) SI_UNIT ( $, .RADIAN. ) );
#1477 = CARTESIAN_POINT ( 'NONE',  ( -3.772743730481634028, 1.000000000000000000, 2.772743730481634028 ) ) ;
#1478 = CARTESIAN_POINT ( 'NONE',  ( -2.400000000000000355, 1.300000000000000044, 1.399999999999998357 ) ) ;
#1479 = SURFACE_STYLE_USAGE ( .BOTH. , #3454 ) ;
#1480 = DIRECTION ( 'NONE',  ( -0.03489949670250096919, -0.9993908270190956511, 0.000000000000000000 ) ) ;
#1481 = MECHANICAL_DESIGN_GEOMETRIC_PRESENTATION_REPRESENTATION (  '', ( #2525 ), #2116 ) ;
#1482 = EDGE_CURVE ( 'NONE', #2449, #1237, #3159, .T. ) ;
#1483 = EDGE_LOOP ( 'NONE', ( #3395, #1864, #2746, #1243 ) ) ;
#1484 = LINE ( 'NONE', #3462, #1316 ) ;
#1485 = SURFACE_SIDE_STYLE ('',( #337 ) ) ;
#1486 = SURFACE_STYLE_USAGE ( .BOTH. , #338 ) ;
#1487 = UNCERTAINTY_MEASURE_WITH_UNIT (LENGTH_MEASURE( 1.000000000000000082E-05 ), #105, 'distance_accuracy_value', 'NONE');
#1488 =( GEOMETRIC_REPRESENTATION_CONTEXT ( 3 ) GLOBAL_UNCERTAINTY_ASSIGNED_CONTEXT ( ( #2686 ) ) GLOBAL_UNIT_ASSIGNED_CONTEXT ( ( #155, #1339, #2710 ) ) REPRESENTATION_CONTEXT ( 'NONE', 'WORKASPACE' ) );
#1489 =( LENGTH_UNIT ( ) NAMED_UNIT ( * ) SI_UNIT ( .MILLI., .METRE. ) );
#1490 =( LENGTH_UNIT ( ) NAMED_UNIT ( * ) SI_UNIT ( .MILLI., .METRE. ) );
#1491 = AXIS2_PLACEMENT_3D ( 'NONE', #1506, #2293, #1797 ) ;
#1492 = UNCERTAINTY_MEASURE_WITH_UNIT (LENGTH_MEASURE( 1.000000000000000082E-05 ), #1005, 'distance_accuracy_value', 'NONE');
#1493 =( LENGTH_UNIT ( ) NAMED_UNIT ( * ) SI_UNIT ( .MILLI., .METRE. ) );
#1494 = AXIS2_PLACEMENT_3D ( 'NONE', #1378, #2786, #1439 ) ;
#1495 = ORIENTED_EDGE ( 'NONE', *, *, #2629, .T. ) ;
#1496 = CARTESIAN_POINT ( 'NONE',  ( 3.239999999999999769, -0.1000000000000000056, -1.300000000000000266 ) ) ;
#1497 = SURFACE_STYLE_USAGE ( .BOTH. , #1463 ) ;
#1498 = ORIENTED_EDGE ( 'NONE', *, *, #3613, .F. ) ;
#1499 = DIRECTION ( 'NONE',  ( -0.000000000000000000, 1.000000000000000000, -0.000000000000000000 ) ) ;
#1500 = DIRECTION ( 'NONE',  ( -0.000000000000000000, 0.000000000000000000, 1.000000000000000000 ) ) ;
#1501 = CARTESIAN_POINT ( 'NONE',  ( -3.239999999999999769, -0.1000000000000000056, -2.500000000000000000 ) ) ;
#1502 = CONICAL_SURFACE ( 'NONE', #135, 0.2999999999999994893, 0.03490658503988659789 ) ;
#1503 = EDGE_CURVE ( 'NONE', #2044, #3403, #167, .T. ) ;
#1504 =( LENGTH_UNIT ( ) NAMED_UNIT ( * ) SI_UNIT ( .MILLI., .METRE. ) );
#1505 = PRESENTATION_LAYER_ASSIGNMENT (  '', '', ( #1617 ) ) ;
#1506 = CARTESIAN_POINT ( 'NONE',  ( 2.540000000000000480, 0.000000000000000000, 2.972666666666667012 ) ) ;
#1507 = EDGE_CURVE ( 'NONE', #3593, #904, #1330, .T. ) ;
#1508 = COLOUR_RGB ( '',0.9686274509803921573, 0.8784313725490195957, 0.5999999999999999778 ) ;
#1509 = EDGE_LOOP ( 'NONE', ( #2993, #3097, #1599, #1708 ) ) ;
#1510 = DIRECTION ( 'NONE',  ( -0.000000000000000000, -1.000000000000000000, 0.000000000000000000 ) ) ;
#1511 =( LENGTH_UNIT ( ) NAMED_UNIT ( * ) SI_UNIT ( .MILLI., .METRE. ) );
#1512 = CIRCLE ( 'NONE', #1572, 0.6726666666666656358 ) ;
#1513 =( NAMED_UNIT ( * ) PLANE_ANGLE_UNIT ( ) SI_UNIT ( $, .RADIAN. ) );
#1514 = ORIENTED_EDGE ( 'NONE', *, *, #192, .T. ) ;
#1515 = PRESENTATION_STYLE_ASSIGNMENT (( #3165 ) ) ;
#1516 = FILL_AREA_STYLE ('',( #876 ) ) ;
#1517 = PRESENTATION_LAYER_ASSIGNMENT (  '', '', ( #501 ) ) ;
#1518 = SURFACE_STYLE_FILL_AREA ( #1793 ) ;
#1519 = FILL_AREA_STYLE ('',( #2038 ) ) ;
#1520 =( GEOMETRIC_REPRESENTATION_CONTEXT ( 3 ) GLOBAL_UNCERTAINTY_ASSIGNED_CONTEXT ( ( #1592 ) ) GLOBAL_UNIT_ASSIGNED_CONTEXT ( ( #475, #750, #1851 ) ) REPRESENTATION_CONTEXT ( 'NONE', 'WORKASPACE' ) );
#1521 = SURFACE_SIDE_STYLE ('',( #3447 ) ) ;
#1522 = LINE ( 'NONE', #2940, #2067 ) ;
#1523 = ORIENTED_EDGE ( 'NONE', *, *, #2891, .T. ) ;
#1524 = ADVANCED_FACE ( 'NONE', ( #1593 ), #2332, .F. ) ;
#1525 = CARTESIAN_POINT ( 'NONE',  ( -2.061390904112062383, -0.1000000000000000056, 2.500000000000000000 ) ) ;
#1526 = ADVANCED_FACE ( 'NONE', ( #203 ), #2545, .F. ) ;
#1527 = ORIENTED_EDGE ( 'NONE', *, *, #551, .T. ) ;
#1528 = ORIENTED_EDGE ( 'NONE', *, *, #2902, .T. ) ;
#1529 = FILL_AREA_STYLE_COLOUR ( '', #21 ) ;
#1530 = CARTESIAN_POINT ( 'NONE',  ( -3.246629794778797429, 1.096510050329749797, -1.700000000000000622 ) ) ;
#1531 = PRESENTATION_STYLE_ASSIGNMENT (( #2051 ) ) ;
#1532 = PRESENTATION_STYLE_ASSIGNMENT (( #1486 ) ) ;
#1533 =( GEOMETRIC_REPRESENTATION_CONTEXT ( 3 ) GLOBAL_UNCERTAINTY_ASSIGNED_CONTEXT ( ( #3252 ) ) GLOBAL_UNIT_ASSIGNED_CONTEXT ( ( #214, #466, #2968 ) ) REPRESENTATION_CONTEXT ( 'NONE', 'WORKASPACE' ) );
#1534 = DIRECTION ( 'NONE',  ( 0.000000000000000000, 0.000000000000000000, 1.000000000000000000 ) ) ;
#1535 =( NAMED_UNIT ( * ) SI_UNIT ( $, .STERADIAN. ) SOLID_ANGLE_UNIT ( ) );
#1536 = DIRECTION ( 'NONE',  ( 1.000000000000000000, 0.000000000000000000, -3.469446951953616950E-15 ) ) ;
#1537 = TOROIDAL_SURFACE ( 'NONE', #3307, 0.1929548916717677975, 0.1000000000000000056 ) ;
#1538 = CIRCLE ( 'NONE', #2762, 0.2928939743736779233 ) ;
#1539 = LINE ( 'NONE', #2040, #791 ) ;
#1540 = PRESENTATION_LAYER_ASSIGNMENT (  '', '', ( #1232 ) ) ;
#1541 = PRESENTATION_LAYER_ASSIGNMENT (  '', '', ( #1 ) ) ;
#1542 = DIRECTION ( 'NONE',  ( 1.000000000000000000, 0.000000000000000000, 0.000000000000000000 ) ) ;
#1543 = EDGE_CURVE ( 'NONE', #224, #1818, #1063, .T. ) ;
#1544 = AXIS2_PLACEMENT_3D ( 'NONE', #2221, #2514, #3044 ) ;
#1545 = COLOUR_RGB ( '',0.2470588235294117752, 0.000000000000000000, 0.2549019607843137081 ) ;
#1546 = ORIENTED_EDGE ( 'NONE', *, *, #1350, .T. ) ;
#1547 = CARTESIAN_POINT ( 'NONE',  ( -2.949999999999999734, 1.100000000000000089, -2.096568877480707194 ) ) ;
#1548 = LINE ( 'NONE', #1318, #3517 ) ;
#1549 = ORIENTED_EDGE ( 'NONE', *, *, #500, .T. ) ;
#1550 = VERTEX_POINT ( 'NONE', #1370 ) ;
#1551 = CARTESIAN_POINT ( 'NONE',  ( -1.979999999999999538, 1.000000000000000000, 2.599999999999998312 ) ) ;
#1552 = DIRECTION ( 'NONE',  ( 0.000000000000000000, 1.000000000000000000, -0.000000000000000000 ) ) ;
#1553 =( LENGTH_UNIT ( ) NAMED_UNIT ( * ) SI_UNIT ( .MILLI., .METRE. ) );
#1554 = SURFACE_STYLE_USAGE ( .BOTH. , #2997 ) ;
#1555 = ADVANCED_FACE ( 'NONE', ( #17 ), #1140, .F. ) ;
#1556 = UNCERTAINTY_MEASURE_WITH_UNIT (LENGTH_MEASURE( 1.000000000000000082E-05 ), #3202, 'distance_accuracy_value', 'NONE');
#1557 = SURFACE_SIDE_STYLE ('',( #2456 ) ) ;
#1558 = DIRECTION ( 'NONE',  ( 0.000000000000000000, 0.000000000000000000, 1.000000000000000000 ) ) ;
#1559 = DIRECTION ( 'NONE',  ( -0.000000000000000000, 1.000000000000000000, -0.000000000000000000 ) ) ;
#1560 = STYLED_ITEM ( 'NONE', ( #1291 ), #302 ) ;
#1561 = CARTESIAN_POINT ( 'NONE',  ( 3.242893974373677324, 1.203489949670250025, -1.700000000000000622 ) ) ;
#1562 = SURFACE_STYLE_USAGE ( .BOTH. , #867 ) ;
#1563 = PRESENTATION_LAYER_ASSIGNMENT (  '', '', ( #2429 ) ) ;
#1564 = ORIENTED_EDGE ( 'NONE', *, *, #2575, .F. ) ;
#1565 = PRESENTATION_STYLE_ASSIGNMENT (( #3027 ) ) ;
#1566 = DIRECTION ( 'NONE',  ( 0.000000000000000000, 0.000000000000000000, -1.000000000000000000 ) ) ;
#1567 =( GEOMETRIC_REPRESENTATION_CONTEXT ( 3 ) GLOBAL_UNCERTAINTY_ASSIGNED_CONTEXT ( ( #2918 ) ) GLOBAL_UNIT_ASSIGNED_CONTEXT ( ( #1489, #2022, #52 ) ) REPRESENTATION_CONTEXT ( 'NONE', 'WORKASPACE' ) );
#1568 = ORIENTED_EDGE ( 'NONE', *, *, #2218, .T. ) ;
#1569 = ORIENTED_EDGE ( 'NONE', *, *, #1276, .T. ) ;
#1570 = CARTESIAN_POINT ( 'NONE',  ( 2.540000000000000480, 0.000000000000000000, 2.972666666666667012 ) ) ;
#1571 = PRESENTATION_STYLE_ASSIGNMENT (( #430 ) ) ;
#1572 = AXIS2_PLACEMENT_3D ( 'NONE', #2978, #455, #2717 ) ;
#1573 = VERTEX_POINT ( 'NONE', #2085 ) ;
#1574 =( NAMED_UNIT ( * ) PLANE_ANGLE_UNIT ( ) SI_UNIT ( $, .RADIAN. ) );
#1575 = DIRECTION ( 'NONE',  ( -0.000000000000000000, -1.000000000000000000, -0.000000000000000000 ) ) ;
#1576 = EDGE_CURVE ( 'NONE', #1966, #984, #323, .T. ) ;
#1577 = AXIS2_PLACEMENT_3D ( 'NONE', #1147, #1558, #1167 ) ;
#1578 = FILL_AREA_STYLE_COLOUR ( '', #1749 ) ;
#1579 = SURFACE_SIDE_STYLE ('',( #2743 ) ) ;
#1580 = ORIENTED_EDGE ( 'NONE', *, *, #2935, .F. ) ;
#1581 = CARTESIAN_POINT ( 'NONE',  ( -3.142954891671768447, 1.199999999999999956, 1.699999999999999734 ) ) ;
#1582 = EDGE_LOOP ( 'NONE', ( #26, #682, #2383, #1362 ) ) ;
#1583 = ORIENTED_EDGE ( 'NONE', *, *, #3318, .F. ) ;
#1584 = LINE ( 'NONE', #502, #2353 ) ;
#1585 = PLANE ( 'NONE',  #528 ) ;
#1586 = FILL_AREA_STYLE ('',( #3250 ) ) ;
#1587 = ADVANCED_FACE ( 'NONE', ( #2633 ), #2382, .F. ) ;
#1588 = UNCERTAINTY_MEASURE_WITH_UNIT (LENGTH_MEASURE( 1.000000000000000082E-05 ), #2857, 'distance_accuracy_value', 'NONE');
#1589 = ORIENTED_EDGE ( 'NONE', *, *, #2655, .F. ) ;
#1590 = DIRECTION ( 'NONE',  ( -0.000000000000000000, -0.000000000000000000, -1.000000000000000000 ) ) ;
#1591 = FACE_OUTER_BOUND ( 'NONE', #1354, .T. ) ;
#1592 = UNCERTAINTY_MEASURE_WITH_UNIT (LENGTH_MEASURE( 1.000000000000000082E-05 ), #475, 'distance_accuracy_value', 'NONE');
#1593 = FACE_OUTER_BOUND ( 'NONE', #2913, .T. ) ;
#1594 = PLANE ( 'NONE',  #368 ) ;
#1595 = LINE ( 'NONE', #397, #404 ) ;
#1596 = PRESENTATION_LAYER_ASSIGNMENT (  '', '', ( #2526 ) ) ;
#1597 = CIRCLE ( 'NONE', #3491, 0.09999999999999982514 ) ;
#1598 = ADVANCED_FACE ( 'NONE', ( #2602 ), #1161, .F. ) ;
#1599 = ORIENTED_EDGE ( 'NONE', *, *, #996, .T. ) ;
#1600 =( GEOMETRIC_REPRESENTATION_CONTEXT ( 3 ) GLOBAL_UNCERTAINTY_ASSIGNED_CONTEXT ( ( #2393 ) ) GLOBAL_UNIT_ASSIGNED_CONTEXT ( ( #905, #2042, #2883 ) ) REPRESENTATION_CONTEXT ( 'NONE', 'WORKASPACE' ) );
#1601 = ADVANCED_FACE ( 'NONE', ( #2312 ), #3445, .F. ) ;
#1602 = EDGE_CURVE ( 'NONE', #648, #634, #3644, .T. ) ;
#1603 = VECTOR ( 'NONE', #940, 1000.000000000000000 ) ;
#1604 = VECTOR ( 'NONE', #2673, 1000.000000000000000 ) ;
#1605 = ORIENTED_EDGE ( 'NONE', *, *, #2196, .F. ) ;
#1606 =( NAMED_UNIT ( * ) SI_UNIT ( $, .STERADIAN. ) SOLID_ANGLE_UNIT ( ) );
#1607 =( NAMED_UNIT ( * ) PLANE_ANGLE_UNIT ( ) SI_UNIT ( $, .RADIAN. ) );
#1608 = LINE ( 'NONE', #714, #3375 ) ;
#1609 = TOROIDAL_SURFACE ( 'NONE', #1494, 0.1929548916717684359, 0.1000000000000000056 ) ;
#1610 = DIRECTION ( 'NONE',  ( -1.000000000000000000, 0.000000000000000000, -6.570922257487907035E-16 ) ) ;
#1611 = FACE_OUTER_BOUND ( 'NONE', #3531, .T. ) ;
#1612 = PRESENTATION_STYLE_ASSIGNMENT (( #2755 ) ) ;
#1613 = PRODUCT_DEFINITION_SHAPE ( 'NONE', 'NONE',  #2692 ) ;
#1614 = DIRECTION ( 'NONE',  ( 0.03489949670250097613, -0.9993908270190956511, -0.000000000000000000 ) ) ;
#1615 = PRESENTATION_LAYER_ASSIGNMENT (  '', '', ( #3271 ) ) ;
#1616 = VERTEX_POINT ( 'NONE', #719 ) ;
#1617 = STYLED_ITEM ( 'NONE', ( #2472 ), #691 ) ;
#1618 = CARTESIAN_POINT ( 'NONE',  ( -2.540000000000000480, 0.000000000000000000, -2.972666666666664348 ) ) ;
#1619 = FACE_OUTER_BOUND ( 'NONE', #2401, .T. ) ;
#1620 = CARTESIAN_POINT ( 'NONE',  ( -3.349999999999998312, 0.000000000000000000, 2.599999999999999201 ) ) ;
#1621 = VECTOR ( 'NONE', #928, 1000.000000000000000 ) ;
#1622 = VERTEX_POINT ( 'NONE', #1849 ) ;
#1623 = FILL_AREA_STYLE_COLOUR ( '', #3666 ) ;
#1624 = FILL_AREA_STYLE ('',( #197 ) ) ;
#1625 = SURFACE_STYLE_FILL_AREA ( #216 ) ;
#1626 = CARTESIAN_POINT ( 'NONE',  ( -1.839999999999998304, -0.1000000000000000056, 2.500000000000000000 ) ) ;
#1627 =( GEOMETRIC_REPRESENTATION_CONTEXT ( 3 ) GLOBAL_UNCERTAINTY_ASSIGNED_CONTEXT ( ( #1100 ) ) GLOBAL_UNIT_ASSIGNED_CONTEXT ( ( #2406, #2716, #1906 ) ) REPRESENTATION_CONTEXT ( 'NONE', 'WORKASPACE' ) );
#1628 = ORIENTED_EDGE ( 'NONE', *, *, #3583, .T. ) ;
#1629 = PRESENTATION_LAYER_ASSIGNMENT (  '', '', ( #2985 ) ) ;
#1630 = FILL_AREA_STYLE ('',( #2117 ) ) ;
#1631 = FILL_AREA_STYLE ('',( #3002 ) ) ;
#1632 = EDGE_CURVE ( 'NONE', #1285, #1966, #1512, .T. ) ;
#1633 = CARTESIAN_POINT ( 'NONE',  ( -2.540000000000000480, 0.000000000000000000, -2.972666666666664348 ) ) ;
#1634 = AXIS2_PLACEMENT_3D ( 'NONE', #2179, #2138, #752 ) ;
#1635 = DIRECTION ( 'NONE',  ( -1.000000000000000000, 0.000000000000000000, 0.000000000000000000 ) ) ;
#1636 = PRESENTATION_LAYER_ASSIGNMENT (  '', '', ( #1035 ) ) ;
#1637 = EDGE_CURVE ( 'NONE', #2418, #3284, #3308, .T. ) ;
#1638 = ORIENTED_EDGE ( 'NONE', *, *, #2288, .T. ) ;
#1639 = CARTESIAN_POINT ( 'NONE',  ( 2.949999999999999734, 1.300000000000000044, -1.700000000000000622 ) ) ;
#1640 =( NAMED_UNIT ( * ) SI_UNIT ( $, .STERADIAN. ) SOLID_ANGLE_UNIT ( ) );
#1641 = ORIENTED_EDGE ( 'NONE', *, *, #1131, .F. ) ;
#1642 = DIRECTION ( 'NONE',  ( 0.000000000000000000, 0.000000000000000000, 1.000000000000000000 ) ) ;
#1643 = FACE_OUTER_BOUND ( 'NONE', #2947, .T. ) ;
#1644 = FILL_AREA_STYLE ('',( #3110 ) ) ;
#1645 = CARTESIAN_POINT ( 'NONE',  ( 2.540000000000000480, 0.000000000000000000, 2.300000000000000711 ) ) ;
#1646 =( GEOMETRIC_REPRESENTATION_CONTEXT ( 3 ) GLOBAL_UNCERTAINTY_ASSIGNED_CONTEXT ( ( #1887 ) ) GLOBAL_UNIT_ASSIGNED_CONTEXT ( ( #1918, #178, #1606 ) ) REPRESENTATION_CONTEXT ( 'NONE', 'WORKASPACE' ) );
#1647 = ORIENTED_EDGE ( 'NONE', *, *, #3478, .T. ) ;
#1648 =( NAMED_UNIT ( * ) PLANE_ANGLE_UNIT ( ) SI_UNIT ( $, .RADIAN. ) );
#1649 =( NAMED_UNIT ( * ) PLANE_ANGLE_UNIT ( ) SI_UNIT ( $, .RADIAN. ) );
#1650 = AXIS2_PLACEMENT_3D ( 'NONE', #1547, #3210, #2925 ) ;
#1651 = VERTEX_POINT ( 'NONE', #2688 ) ;
#1652 = CIRCLE ( 'NONE', #994, 0.2928939743736779233 ) ;
#1653 = SURFACE_STYLE_FILL_AREA ( #3045 ) ;
#1654 = FILL_AREA_STYLE ('',( #2750 ) ) ;
#1655 = VERTEX_POINT ( 'NONE', #2651 ) ;
#1656 = VECTOR ( 'NONE', #420, 1000.000000000000000 ) ;
#1657 =( NAMED_UNIT ( * ) PLANE_ANGLE_UNIT ( ) SI_UNIT ( $, .RADIAN. ) );
#1658 = EDGE_CURVE ( 'NONE', #102, #3656, #164, .T. ) ;
#1659 =( NAMED_UNIT ( * ) SI_UNIT ( $, .STERADIAN. ) SOLID_ANGLE_UNIT ( ) );
#1660 = EDGE_CURVE ( 'NONE', #830, #808, #187, .T. ) ;
#1661 =( LENGTH_UNIT ( ) NAMED_UNIT ( * ) SI_UNIT ( .MILLI., .METRE. ) );
#1662 = SURFACE_STYLE_FILL_AREA ( #289 ) ;
#1663 = ORIENTED_EDGE ( 'NONE', *, *, #2489, .F. ) ;
#1664 = CARTESIAN_POINT ( 'NONE',  ( -3.239999999999997105, -0.1000000000000000056, 2.500000000000000888 ) ) ;
#1665 = EDGE_LOOP ( 'NONE', ( #447, #1605, #2974, #1084 ) ) ;
#1666 = DIRECTION ( 'NONE',  ( 0.000000000000000000, 0.000000000000000000, 1.000000000000000000 ) ) ;
#1667 =( NAMED_UNIT ( * ) PLANE_ANGLE_UNIT ( ) SI_UNIT ( $, .RADIAN. ) );
#1668 = CARTESIAN_POINT ( 'NONE',  ( 3.239999999999999769, -0.1000000000000000056, 1.300000000000000266 ) ) ;
#1669 = LINE ( 'NONE', #1113, #2729 ) ;
#1670 = COLOUR_RGB ( '',0.7921568627450980005, 0.8196078431372548767, 0.9333333333333333481 ) ;
#1671 = ORIENTED_EDGE ( 'NONE', *, *, #236, .T. ) ;
#1672 = SURFACE_STYLE_FILL_AREA ( #3404 ) ;
#1673 = SURFACE_STYLE_USAGE ( .BOTH. , #780 ) ;
#1674 = CARTESIAN_POINT ( 'NONE',  ( 3.346568877480706306, 1.100000000000000089, 1.699999999999999734 ) ) ;
#1675 = SURFACE_STYLE_FILL_AREA ( #547 ) ;
#1676 = STYLED_ITEM ( 'NONE', ( #1361 ), #1986 ) ;
#1677 = PRESENTATION_LAYER_ASSIGNMENT (  '', '', ( #258 ) ) ;
#1678 = EDGE_CURVE ( 'NONE', #3645, #3075, #493, .T. ) ;
#1679 = CARTESIAN_POINT ( 'NONE',  ( 3.349999999999997868, 1.000000000000000000, 2.600000000000000533 ) ) ;
#1680 = SURFACE_STYLE_FILL_AREA ( #288 ) ;
#1681 = DIRECTION ( 'NONE',  ( 0.000000000000000000, 0.000000000000000000, 1.000000000000000000 ) ) ;
#1682 = MECHANICAL_DESIGN_GEOMETRIC_PRESENTATION_REPRESENTATION (  '', ( #3105 ), #2438 ) ;
#1683 = EDGE_CURVE ( 'NONE', #1616, #1000, #2043, .T. ) ;
#1684 = AXIS2_PLACEMENT_3D ( 'NONE', #2724, #3330, #440 ) ;
#1685 =( NAMED_UNIT ( * ) SI_UNIT ( $, .STERADIAN. ) SOLID_ANGLE_UNIT ( ) );
#1686 = ORIENTED_EDGE ( 'NONE', *, *, #1071, .F. ) ;
#1687 = LINE ( 'NONE', #844, #2895 ) ;
#1688 = FILL_AREA_STYLE ('',( #2529 ) ) ;
#1689 = VERTEX_POINT ( 'NONE', #2162 ) ;
#1690 = AXIS2_PLACEMENT_3D ( 'NONE', #1162, #879, #3149 ) ;
#1691 = AXIS2_PLACEMENT_3D ( 'NONE', #42, #2653, #25 ) ;
#1692 = FILL_AREA_STYLE_COLOUR ( '', #1420 ) ;
#1693 =( NAMED_UNIT ( * ) SI_UNIT ( $, .STERADIAN. ) SOLID_ANGLE_UNIT ( ) );
#1694 = CARTESIAN_POINT ( 'NONE',  ( -1.839999999999999858, 0.000000000000000000, -2.500000000000000000 ) ) ;
#1695 = SURFACE_SIDE_STYLE ('',( #1653 ) ) ;
#1696 = DIRECTION ( 'NONE',  ( 0.000000000000000000, 0.000000000000000000, -1.000000000000000000 ) ) ;
#1697 = ORIENTED_EDGE ( 'NONE', *, *, #2362, .F. ) ;
#1698 = EDGE_LOOP ( 'NONE', ( #3589, #1104, #2098, #915 ) ) ;
#1699 = ADVANCED_FACE ( 'NONE', ( #3058 ), #206, .T. ) ;
#1700 = DIRECTION ( 'NONE',  ( 0.000000000000000000, 0.03489949670250097613, -0.9993908270190957621 ) ) ;
#1701 = CARTESIAN_POINT ( 'NONE',  ( -2.061390904112061939, -0.1000000000000000056, -2.500000000000000000 ) ) ;
#1702 = LINE ( 'NONE', #19, #1458 ) ;
#1703 = ORIENTED_EDGE ( 'NONE', *, *, #2410, .F. ) ;
#1704 = DIRECTION ( 'NONE',  ( -0.000000000000000000, -0.9993908270190956511, -0.03489949670250097613 ) ) ;
#1705 = MECHANICAL_DESIGN_GEOMETRIC_PRESENTATION_REPRESENTATION (  '', ( #3050 ), #3450 ) ;
#1706 = EDGE_CURVE ( 'NONE', #1436, #1573, #2122, .T. ) ;
#1707 = PRESENTATION_LAYER_ASSIGNMENT (  '', '', ( #700 ) ) ;
#1708 = ORIENTED_EDGE ( 'NONE', *, *, #3385, .T. ) ;
#1709 = CARTESIAN_POINT ( 'NONE',  ( 3.100000000000000089, 1.000000000000000000, 2.600000000000000533 ) ) ;
#1710 = CARTESIAN_POINT ( 'NONE',  ( -2.539999999999999591, 0.000000000000000000, 2.299999999999998046 ) ) ;
#1711 = CARTESIAN_POINT ( 'NONE',  ( -2.949999999999999734, 1.199999999999999956, 1.892954891671768447 ) ) ;
#1712 = CARTESIAN_POINT ( 'NONE',  ( -3.239999999999999769, -0.1000000000000000056, -2.500000000000000000 ) ) ;
#1713 = DIRECTION ( 'NONE',  ( -0.000000000000000000, 1.000000000000000000, -0.000000000000000000 ) ) ;
#1714 = ORIENTED_EDGE ( 'NONE', *, *, #2884, .F. ) ;
#1715 = AXIS2_PLACEMENT_3D ( 'NONE', #1198, #3191, #954 ) ;
#1716 = ORIENTED_EDGE ( 'NONE', *, *, #2385, .T. ) ;
#1717 = CARTESIAN_POINT ( 'NONE',  ( 1.353084311261901961E-14, 1.000000000000000000, -2.599999999999981437 ) ) ;
#1718 = CARTESIAN_POINT ( 'NONE',  ( -2.400000000000000355, 1.300000000000000044, 1.149999999999997913 ) ) ;
#1719 = COLOUR_RGB ( '',0.9686274509803921573, 0.8784313725490195957, 0.5999999999999999778 ) ;
#1720 = SURFACE_SIDE_STYLE ('',( #583 ) ) ;
#1721 =( LENGTH_UNIT ( ) NAMED_UNIT ( * ) SI_UNIT ( .MILLI., .METRE. ) );
#1722 = MECHANICAL_DESIGN_GEOMETRIC_PRESENTATION_REPRESENTATION (  '', ( #3313 ), #591 ) ;
#1723 = CARTESIAN_POINT ( 'NONE',  ( -2.949999999999999734, 1.100000000000000089, -1.700000000000000622 ) ) ;
#1724 =( GEOMETRIC_REPRESENTATION_CONTEXT ( 3 ) GLOBAL_UNCERTAINTY_ASSIGNED_CONTEXT ( ( #2954 ) ) GLOBAL_UNIT_ASSIGNED_CONTEXT ( ( #2090, #3228, #2827 ) ) REPRESENTATION_CONTEXT ( 'NONE', 'WORKASPACE' ) );
#1725 = DIRECTION ( 'NONE',  ( -0.000000000000000000, 1.000000000000000000, -0.000000000000000000 ) ) ;
#1726 = ORIENTED_EDGE ( 'NONE', *, *, #771, .F. ) ;
#1727 = ORIENTED_EDGE ( 'NONE', *, *, #3503, .F. ) ;
#1728 =( NAMED_UNIT ( * ) SI_UNIT ( $, .STERADIAN. ) SOLID_ANGLE_UNIT ( ) );
#1729 = LINE ( 'NONE', #133, #1430 ) ;
#1730 = DIRECTION ( 'NONE',  ( 0.000000000000000000, -1.000000000000000000, 0.000000000000000000 ) ) ;
#1731 = DIRECTION ( 'NONE',  ( -0.000000000000000000, -1.000000000000000000, 0.000000000000000000 ) ) ;
#1732 = STYLED_ITEM ( 'NONE', ( #986 ), #317 ) ;
#1733 = EDGE_LOOP ( 'NONE', ( #2855, #3571, #471, #2367 ) ) ;
#1734 = ORIENTED_EDGE ( 'NONE', *, *, #3136, .T. ) ;
#1735 = AXIS2_PLACEMENT_3D ( 'NONE', #2603, #3208, #2086 ) ;
#1736 = LINE ( 'NONE', #2580, #284 ) ;
#1737 =( GEOMETRIC_REPRESENTATION_CONTEXT ( 3 ) GLOBAL_UNCERTAINTY_ASSIGNED_CONTEXT ( ( #1252 ) ) GLOBAL_UNIT_ASSIGNED_CONTEXT ( ( #2421, #1607, #3577 ) ) REPRESENTATION_CONTEXT ( 'NONE', 'WORKASPACE' ) );
#1738 = PRESENTATION_STYLE_ASSIGNMENT (( #1774 ) ) ;
#1739 = MANIFOLD_SOLID_BREP ( 'Boss-Extrude3[4]', #3592 ) ;
#1740 = AXIS2_PLACEMENT_3D ( 'NONE', #1477, #650, #296 ) ;
#1741 = CARTESIAN_POINT ( 'NONE',  ( -2.539999999999999591, -0.1000000000000000056, 2.972666666666665236 ) ) ;
#1742 = MECHANICAL_DESIGN_GEOMETRIC_PRESENTATION_REPRESENTATION (  '', ( #254 ), #2671 ) ;
#1743 = ADVANCED_FACE ( 'NONE', ( #1031 ), #1065, .F. ) ;
#1744 = UNCERTAINTY_MEASURE_WITH_UNIT (LENGTH_MEASURE( 1.000000000000000082E-05 ), #2316, 'distance_accuracy_value', 'NONE');
#1745 = EDGE_LOOP ( 'NONE', ( #2054, #3104, #1638, #3664 ) ) ;
#1746 = PLANE ( 'NONE',  #2868 ) ;
#1747 = COLOUR_RGB ( '',0.9686274509803921573, 0.8784313725490195957, 0.5999999999999999778 ) ;
#1748 = ORIENTED_EDGE ( 'NONE', *, *, #2385, .F. ) ;
#1749 = COLOUR_RGB ( '',0.9686274509803921573, 0.8784313725490195957, 0.5999999999999999778 ) ;
#1750 = PRESENTATION_STYLE_ASSIGNMENT (( #2350 ) ) ;
#1751 = FILL_AREA_STYLE ('',( #1203 ) ) ;
#1752 = FACE_OUTER_BOUND ( 'NONE', #3059, .T. ) ;
#1753 =( LENGTH_UNIT ( ) NAMED_UNIT ( * ) SI_UNIT ( .MILLI., .METRE. ) );
#1754 = VERTEX_POINT ( 'NONE', #1163 ) ;
#1755 = VECTOR ( 'NONE', #1374, 1000.000000000000000 ) ;
#1756 = VERTEX_POINT ( 'NONE', #569 ) ;
#1757 = DIRECTION ( 'NONE',  ( 0.000000000000000000, 0.000000000000000000, -1.000000000000000000 ) ) ;
#1758 = FILL_AREA_STYLE ('',( #2065 ) ) ;
#1759 = SURFACE_STYLE_USAGE ( .BOTH. , #900 ) ;
#1760 = COLOUR_RGB ( '',0.9686274509803921573, 0.8784313725490195957, 0.5999999999999999778 ) ;
#1761 = CARTESIAN_POINT ( 'NONE',  ( 3.239999999999999769, 0.000000000000000000, -2.500000000000000000 ) ) ;
#1762 = CARTESIAN_POINT ( 'NONE',  ( -3.346568877480706750, 1.000000000000000000, -1.700000000000000622 ) ) ;
#1763 = ORIENTED_EDGE ( 'NONE', *, *, #2973, .F. ) ;
#1764 = DIRECTION ( 'NONE',  ( 1.000000000000000000, -0.000000000000000000, -0.000000000000000000 ) ) ;
#1765 = ORIENTED_EDGE ( 'NONE', *, *, #2417, .F. ) ;
#1766 = FILL_AREA_STYLE ('',( #403 ) ) ;
#1767 = DIRECTION ( 'NONE',  ( 3.469446951953607878E-15, 0.000000000000000000, -1.000000000000000000 ) ) ;
#1768 = CARTESIAN_POINT ( 'NONE',  ( 3.239999999999999769, 0.000000000000000000, 2.500000000000000000 ) ) ;
#1769 = PRESENTATION_LAYER_ASSIGNMENT (  '', '', ( #1226 ) ) ;
#1770 = EDGE_LOOP ( 'NONE', ( #62, #1108, #1260, #884 ) ) ;
#1771 = CIRCLE ( 'NONE', #3670, 0.6999999999999998446 ) ;
#1772 = FILL_AREA_STYLE_COLOUR ( '', #1838 ) ;
#1773 =( NAMED_UNIT ( * ) SI_UNIT ( $, .STERADIAN. ) SOLID_ANGLE_UNIT ( ) );
#1774 = SURFACE_STYLE_USAGE ( .BOTH. , #2052 ) ;
#1775 = MECHANICAL_DESIGN_GEOMETRIC_PRESENTATION_REPRESENTATION (  '', ( #3551 ), #2409 ) ;
#1776 = AXIS2_PLACEMENT_3D ( 'NONE', #839, #2476, #1098 ) ;
#1777 = PRODUCT_RELATED_PRODUCT_CATEGORY ( 'part', '', ( #2936 ) ) ;
#1778 =( NAMED_UNIT ( * ) PLANE_ANGLE_UNIT ( ) SI_UNIT ( $, .RADIAN. ) );
#1779 = AXIS2_PLACEMENT_3D ( 'NONE', #2365, #1456, #1785 ) ;
#1780 =( GEOMETRIC_REPRESENTATION_CONTEXT ( 3 ) GLOBAL_UNCERTAINTY_ASSIGNED_CONTEXT ( ( #2039 ) ) GLOBAL_UNIT_ASSIGNED_CONTEXT ( ( #3092, #2812, #1659 ) ) REPRESENTATION_CONTEXT ( 'NONE', 'WORKASPACE' ) );
#1781 = UNCERTAINTY_MEASURE_WITH_UNIT (LENGTH_MEASURE( 1.000000000000000082E-05 ), #2169, 'distance_accuracy_value', 'NONE');
#1782 = STYLED_ITEM ( 'NONE', ( #1571 ), #2481 ) ;
#1783 = EDGE_LOOP ( 'NONE', ( #3509, #2261, #256, #2027 ) ) ;
#1784 = PRESENTATION_LAYER_ASSIGNMENT (  '', '', ( #3378 ) ) ;
#1785 = DIRECTION ( 'NONE',  ( 0.000000000000000000, 0.000000000000000000, -1.000000000000000000 ) ) ;
#1786 = EDGE_LOOP ( 'NONE', ( #1568, #3180, #3459, #2507 ) ) ;
#1787 = SURFACE_SIDE_STYLE ('',( #2057 ) ) ;
#1788 = FILL_AREA_STYLE_COLOUR ( '', #645 ) ;
#1789 = EDGE_LOOP ( 'NONE', ( #3254, #718, #2455, #2992 ) ) ;
#1790 = ORIENTED_EDGE ( 'NONE', *, *, #3211, .F. ) ;
#1791 = SURFACE_STYLE_USAGE ( .BOTH. , #2016 ) ;
#1792 = DIRECTION ( 'NONE',  ( 0.000000000000000000, 0.000000000000000000, -1.000000000000000000 ) ) ;
#1793 = FILL_AREA_STYLE ('',( #2880 ) ) ;
#1794 = FILL_AREA_STYLE ('',( #2345 ) ) ;
#1795 = EDGE_CURVE ( 'NONE', #1651, #904, #1702, .T. ) ;
#1796 = ORIENTED_EDGE ( 'NONE', *, *, #3029, .T. ) ;
#1797 = DIRECTION ( 'NONE',  ( 1.934156501956302959E-15, 0.000000000000000000, 1.000000000000000000 ) ) ;
#1798 = ADVANCED_FACE ( 'NONE', ( #1941 ), #2548, .T. ) ;
#1799 = AXIS2_PLACEMENT_3D ( 'NONE', #2356, #1469, #90 ) ;
#1800 = ORIENTED_EDGE ( 'NONE', *, *, #1131, .T. ) ;
#1801 = DIRECTION ( 'NONE',  ( 0.000000000000000000, 1.000000000000000000, -0.000000000000000000 ) ) ;
#1802 = SURFACE_SIDE_STYLE ('',( #1204 ) ) ;
#1803 =( GEOMETRIC_REPRESENTATION_CONTEXT ( 3 ) GLOBAL_UNCERTAINTY_ASSIGNED_CONTEXT ( ( #2000 ) ) GLOBAL_UNIT_ASSIGNED_CONTEXT ( ( #3000, #747, #985 ) ) REPRESENTATION_CONTEXT ( 'NONE', 'WORKASPACE' ) );
#1804 = EDGE_LOOP ( 'NONE', ( #1149, #1727, #2731, #3121 ) ) ;
#1805 = STYLED_ITEM ( 'NONE', ( #477 ), #130 ) ;
#1806 = VERTEX_POINT ( 'NONE', #611 ) ;
#1807 = PRESENTATION_STYLE_ASSIGNMENT (( #2896 ) ) ;
#1808 = SURFACE_STYLE_FILL_AREA ( #3164 ) ;
#1809 =( NAMED_UNIT ( * ) SI_UNIT ( $, .STERADIAN. ) SOLID_ANGLE_UNIT ( ) );
#1810 = PRESENTATION_LAYER_ASSIGNMENT (  '', '', ( #3050 ) ) ;
#1811 = UNCERTAINTY_MEASURE_WITH_UNIT (LENGTH_MEASURE( 1.000000000000000082E-05 ), #653, 'distance_accuracy_value', 'NONE');
#1812 = FILL_AREA_STYLE_COLOUR ( '', #1081 ) ;
#1813 = EDGE_CURVE ( 'NONE', #1934, #381, #733, .T. ) ;
#1814 = CARTESIAN_POINT ( 'NONE',  ( 3.246629794778796985, 1.096510050329749797, 1.699999999999999734 ) ) ;
#1815 = UNCERTAINTY_MEASURE_WITH_UNIT (LENGTH_MEASURE( 1.000000000000000082E-05 ), #3383, 'distance_accuracy_value', 'NONE');
#1816 = ORIENTED_EDGE ( 'NONE', *, *, #1071, .T. ) ;
#1817 = SURFACE_SIDE_STYLE ('',( #2635 ) ) ;
#1818 = VERTEX_POINT ( 'NONE', #3410 ) ;
#1819 = ADVANCED_FACE ( 'NONE', ( #1371 ), #2479, .T. ) ;
#1820 = LINE ( 'NONE', #3453, #55 ) ;
#1821 = FACE_OUTER_BOUND ( 'NONE', #929, .T. ) ;
#1822 = ADVANCED_FACE ( 'NONE', ( #1160 ), #2286, .F. ) ;
#1823 = ADVANCED_FACE ( 'NONE', ( #608 ), #2082, .F. ) ;
#1824 =( NAMED_UNIT ( * ) SI_UNIT ( $, .STERADIAN. ) SOLID_ANGLE_UNIT ( ) );
#1825 = ORIENTED_EDGE ( 'NONE', *, *, #1706, .F. ) ;
#1826 = ORIENTED_EDGE ( 'NONE', *, *, #1503, .F. ) ;
#1827 = FILL_AREA_STYLE ('',( #981 ) ) ;
#1828 = CARTESIAN_POINT ( 'NONE',  ( 2.539999999999999591, 0.000000000000000000, -2.300000000000002043 ) ) ;
#1829 = CARTESIAN_POINT ( 'NONE',  ( -3.349999999999998312, 1.000000000000000000, 2.599999999999999201 ) ) ;
#1830 = MECHANICAL_DESIGN_GEOMETRIC_PRESENTATION_REPRESENTATION (  '', ( #700 ), #1646 ) ;
#1831 = CARTESIAN_POINT ( 'NONE',  ( 3.600000000000000089, 1.000000000000000000, -2.349999999999998757 ) ) ;
#1832 = COLOUR_RGB ( '',0.9686274509803921573, 0.8784313725490195957, 0.5999999999999999778 ) ;
#1833 =( GEOMETRIC_REPRESENTATION_CONTEXT ( 3 ) GLOBAL_UNCERTAINTY_ASSIGNED_CONTEXT ( ( #1404 ) ) GLOBAL_UNIT_ASSIGNED_CONTEXT ( ( #2928, #3436, #3492 ) ) REPRESENTATION_CONTEXT ( 'NONE', 'WORKASPACE' ) );
#1834 = PRESENTATION_STYLE_ASSIGNMENT (( #95 ) ) ;
#1835 = AXIS2_PLACEMENT_3D ( 'NONE', #827, #3098, #1409 ) ;
#1836 = DIRECTION ( 'NONE',  ( -0.000000000000000000, -0.9993908270190956511, 0.03489949670250097613 ) ) ;
#1837 = CARTESIAN_POINT ( 'NONE',  ( -2.539999999999999591, 1.000000000000000000, 2.972666666666665236 ) ) ;
#1838 = COLOUR_RGB ( '',0.9686274509803921573, 0.8784313725490195957, 0.5999999999999999778 ) ;
#1839 = COLOUR_RGB ( '',0.2470588235294117752, 0.000000000000000000, 0.2549019607843137081 ) ;
#1840 = EDGE_LOOP ( 'NONE', ( #1341, #1165, #835, #3490 ) ) ;
#1841 = LINE ( 'NONE', #2965, #678 ) ;
#1842 = EDGE_LOOP ( 'NONE', ( #2782, #2832, #2678, #3604 ) ) ;
#1843 = ORIENTED_EDGE ( 'NONE', *, *, #932, .T. ) ;
#1844 = FILL_AREA_STYLE ('',( #982 ) ) ;
#1845 = SURFACE_STYLE_FILL_AREA ( #3608 ) ;
#1846 = PRESENTATION_STYLE_ASSIGNMENT (( #1554 ) ) ;
#1847 = UNCERTAINTY_MEASURE_WITH_UNIT (LENGTH_MEASURE( 1.000000000000000082E-05 ), #2572, 'distance_accuracy_value', 'NONE');
#1848 = ORIENTED_EDGE ( 'NONE', *, *, #1660, .F. ) ;
#1849 = CARTESIAN_POINT ( 'NONE',  ( -3.600000000000000089, 0.000000000000000000, 2.349999999999998312 ) ) ;
#1850 = FILL_AREA_STYLE_COLOUR ( '', #1444 ) ;
#1851 =( NAMED_UNIT ( * ) SI_UNIT ( $, .STERADIAN. ) SOLID_ANGLE_UNIT ( ) );
#1852 = UNCERTAINTY_MEASURE_WITH_UNIT (LENGTH_MEASURE( 1.000000000000000082E-05 ), #215, 'distance_accuracy_value', 'NONE');
#1853 = VECTOR ( 'NONE', #3089, 1000.000000000000000 ) ;
#1854 = EDGE_CURVE ( 'NONE', #2275, #1943, #2582, .T. ) ;
#1855 = CARTESIAN_POINT ( 'NONE',  ( -3.772743730481634028, 0.000000000000000000, 2.772743730481634028 ) ) ;
#1856 = FILL_AREA_STYLE ('',( #3261 ) ) ;
#1857 = VERTEX_POINT ( 'NONE', #3443 ) ;
#1858 = EDGE_CURVE ( 'NONE', #980, #2912, #433, .T. ) ;
#1859 = CARTESIAN_POINT ( 'NONE',  ( 1.839999999999999858, -0.1000000000000000056, -2.500000000000000000 ) ) ;
#1860 = CIRCLE ( 'NONE', #1199, 0.09999999999999982514 ) ;
#1861 = STYLED_ITEM ( 'NONE', ( #2290 ), #211 ) ;
#1862 = AXIS2_PLACEMENT_3D ( 'NONE', #1471, #2583, #2344 ) ;
#1863 = VERTEX_POINT ( 'NONE', #3185 ) ;
#1864 = ORIENTED_EDGE ( 'NONE', *, *, #1446, .F. ) ;
#1865 = SURFACE_SIDE_STYLE ('',( #2168 ) ) ;
#1866 =( NAMED_UNIT ( * ) SI_UNIT ( $, .STERADIAN. ) SOLID_ANGLE_UNIT ( ) );
#1867 = LINE ( 'NONE', #2170, #3494 ) ;
#1868 = DIRECTION ( 'NONE',  ( 0.000000000000000000, -0.000000000000000000, -1.000000000000000000 ) ) ;
#1869 = DIRECTION ( 'NONE',  ( -1.000000000000000000, 0.000000000000000000, 0.000000000000000000 ) ) ;
#1870 = VECTOR ( 'NONE', #973, 1000.000000000000000 ) ;
#1871 = EDGE_LOOP ( 'NONE', ( #1220, #3576, #1364, #3298 ) ) ;
#1872 =( NAMED_UNIT ( * ) PLANE_ANGLE_UNIT ( ) SI_UNIT ( $, .RADIAN. ) );
#1873 = ADVANCED_FACE ( 'NONE', ( #51 ), #2343, .T. ) ;
#1874 = ADVANCED_FACE ( 'NONE', ( #3273 ), #3581, .F. ) ;
#1875 =( GEOMETRIC_REPRESENTATION_CONTEXT ( 3 ) GLOBAL_UNCERTAINTY_ASSIGNED_CONTEXT ( ( #3564 ) ) GLOBAL_UNIT_ASSIGNED_CONTEXT ( ( #3060, #1649, #1393 ) ) REPRESENTATION_CONTEXT ( 'NONE', 'WORKASPACE' ) );
#1876 = FILL_AREA_STYLE ('',( #734 ) ) ;
#1877 = LINE ( 'NONE', #3007, #2464 ) ;
#1878 = SURFACE_STYLE_USAGE ( .BOTH. , #459 ) ;
#1879 = ORIENTED_EDGE ( 'NONE', *, *, #2891, .F. ) ;
#1880 = CARTESIAN_POINT ( 'NONE',  ( -3.100000000000000977, 0.000000000000000000, -2.599999999999997424 ) ) ;
#1881 = DIRECTION ( 'NONE',  ( -0.000000000000000000, -1.000000000000000000, -0.000000000000000000 ) ) ;
#1882 = ORIENTED_EDGE ( 'NONE', *, *, #1813, .F. ) ;
#1883 = CARTESIAN_POINT ( 'NONE',  ( 2.949999999999999734, 1.203489949670248915, -1.700000000000000622 ) ) ;
#1884 = LINE ( 'NONE', #2681, #903 ) ;
#1885 = CARTESIAN_POINT ( 'NONE',  ( 1.839999999999999858, -0.1000000000000000056, -2.500000000000000000 ) ) ;
#1886 = ADVANCED_FACE ( 'NONE', ( #1022 ), #746, .F. ) ;
#1887 = UNCERTAINTY_MEASURE_WITH_UNIT (LENGTH_MEASURE( 1.000000000000000082E-05 ), #1918, 'distance_accuracy_value', 'NONE');
#1888 =( NAMED_UNIT ( * ) SI_UNIT ( $, .STERADIAN. ) SOLID_ANGLE_UNIT ( ) );
#1889 = UNCERTAINTY_MEASURE_WITH_UNIT (LENGTH_MEASURE( 1.000000000000000082E-05 ), #1553, 'distance_accuracy_value', 'NONE');
#1890 = AXIS2_PLACEMENT_3D ( 'NONE', #3594, #776, #1037 ) ;
#1891 =( NAMED_UNIT ( * ) SI_UNIT ( $, .STERADIAN. ) SOLID_ANGLE_UNIT ( ) );
#1892 = LINE ( 'NONE', #974, #2013 ) ;
#1893 = CARTESIAN_POINT ( 'NONE',  ( 3.249999999999999556, 1.000000000000000000, -1.700000000000000622 ) ) ;
#1894 = COLOUR_RGB ( '',0.7921568627450980005, 0.8196078431372548767, 0.9333333333333333481 ) ;
#1895 = CIRCLE ( 'NONE', #2357, 0.09999999999999982514 ) ;
#1896 = ORIENTED_EDGE ( 'NONE', *, *, #3360, .F. ) ;
#1897 = MECHANICAL_DESIGN_GEOMETRIC_PRESENTATION_REPRESENTATION (  '', ( #1782 ), #3138 ) ;
#1898 = SURFACE_STYLE_FILL_AREA ( #1317 ) ;
#1899 = SURFACE_SIDE_STYLE ('',( #773 ) ) ;
#1900 = VECTOR ( 'NONE', #35, 1000.000000000000000 ) ;
#1901 = EDGE_LOOP ( 'NONE', ( #2207, #2823, #1843, #242 ) ) ;
#1902 = EDGE_CURVE ( 'NONE', #134, #3209, #3520, .T. ) ;
#1903 = FILL_AREA_STYLE ('',( #3624 ) ) ;
#1904 =( NAMED_UNIT ( * ) PLANE_ANGLE_UNIT ( ) SI_UNIT ( $, .RADIAN. ) );
#1905 = VECTOR ( 'NONE', #31, 1000.000000000000000 ) ;
#1906 =( NAMED_UNIT ( * ) SI_UNIT ( $, .STERADIAN. ) SOLID_ANGLE_UNIT ( ) );
#1907 =( NAMED_UNIT ( * ) PLANE_ANGLE_UNIT ( ) SI_UNIT ( $, .RADIAN. ) );
#1908 = FILL_AREA_STYLE ('',( #1578 ) ) ;
#1909 = CARTESIAN_POINT ( 'NONE',  ( 1.353084311261901961E-14, 1.000000000000000000, -2.599999999999981437 ) ) ;
#1910 = AXIS2_PLACEMENT_3D ( 'NONE', #3345, #230, #1136 ) ;
#1911 = EDGE_CURVE ( 'NONE', #2275, #889, #717, .T. ) ;
#1912 = AXIS2_PLACEMENT_3D ( 'NONE', #1059, #3001, #2668 ) ;
#1913 = ADVANCED_FACE ( 'NONE', ( #2392 ), #3555, .F. ) ;
#1914 = STYLED_ITEM ( 'NONE', ( #1949 ), #703 ) ;
#1915 = COLOUR_RGB ( '',0.2470588235294117752, 0.000000000000000000, 0.2549019607843137081 ) ;
#1916 = ORIENTED_EDGE ( 'NONE', *, *, #1959, .F. ) ;
#1917 = PRESENTATION_LAYER_ASSIGNMENT (  '', '', ( #2783 ) ) ;
#1918 =( LENGTH_UNIT ( ) NAMED_UNIT ( * ) SI_UNIT ( .MILLI., .METRE. ) );
#1919 = SURFACE_SIDE_STYLE ('',( #1356 ) ) ;
#1920 = DIRECTION ( 'NONE',  ( 0.000000000000000000, 1.000000000000000000, -0.000000000000000000 ) ) ;
#1921 = ORIENTED_EDGE ( 'NONE', *, *, #1576, .T. ) ;
#1922 = CARTESIAN_POINT ( 'NONE',  ( 2.061390904112066380, -0.1000000000000000056, 2.500000000000000444 ) ) ;
#1923 = DIRECTION ( 'NONE',  ( 0.000000000000000000, -0.000000000000000000, 1.000000000000000000 ) ) ;
#1924 = UNCERTAINTY_MEASURE_WITH_UNIT (LENGTH_MEASURE( 1.000000000000000082E-05 ), #2477, 'distance_accuracy_value', 'NONE');
#1925 = EDGE_CURVE ( 'NONE', #2449, #282, #3101, .T. ) ;
#1926 = SURFACE_SIDE_STYLE ('',( #526 ) ) ;
#1927 = COLOUR_RGB ( '',0.9686274509803921573, 0.8784313725490195957, 0.5999999999999999778 ) ;
#1928 = CARTESIAN_POINT ( 'NONE',  ( -3.242893974373678212, 1.203489949670250025, 1.699999999999999734 ) ) ;
#1929 = CIRCLE ( 'NONE', #1691, 0.4566756596122039658 ) ;
#1930 = ORIENTED_EDGE ( 'NONE', *, *, #76, .T. ) ;
#1931 = SURFACE_SIDE_STYLE ('',( #2744 ) ) ;
#1932 = PRESENTATION_STYLE_ASSIGNMENT (( #1128 ) ) ;
#1933 = MECHANICAL_DESIGN_GEOMETRIC_PRESENTATION_REPRESENTATION (  '', ( #3056 ), #1780 ) ;
#1934 = VERTEX_POINT ( 'NONE', #2454 ) ;
#1935 = EDGE_CURVE ( 'NONE', #381, #728, #1419, .T. ) ;
#1936 =( NAMED_UNIT ( * ) SI_UNIT ( $, .STERADIAN. ) SOLID_ANGLE_UNIT ( ) );
#1937 = ORIENTED_EDGE ( 'NONE', *, *, #1411, .F. ) ;
#1938 = CARTESIAN_POINT ( 'NONE',  ( 2.949999999999999734, 1.199999999999999956, -1.892954891671768447 ) ) ;
#1939 = SURFACE_SIDE_STYLE ('',( #1042 ) ) ;
#1940 = CARTESIAN_POINT ( 'NONE',  ( 2.540000000000000480, 1.000000000000000000, 2.972666666666667012 ) ) ;
#1941 = FACE_OUTER_BOUND ( 'NONE', #1871, .T. ) ;
#1942 = STYLED_ITEM ( 'NONE', ( #3139 ), #3173 ) ;
#1943 = VERTEX_POINT ( 'NONE', #2808 ) ;
#1944 = DIRECTION ( 'NONE',  ( -0.000000000000000000, -0.000000000000000000, 1.000000000000000000 ) ) ;
#1945 = PLANE ( 'NONE',  #564 ) ;
#1946 = COLOUR_RGB ( '',0.9686274509803921573, 0.8784313725490195957, 0.5999999999999999778 ) ;
#1947 = ORIENTED_EDGE ( 'NONE', *, *, #3133, .F. ) ;
#1948 =( LENGTH_UNIT ( ) NAMED_UNIT ( * ) SI_UNIT ( .MILLI., .METRE. ) );
#1949 = PRESENTATION_STYLE_ASSIGNMENT (( #3340 ) ) ;
#1950 = CARTESIAN_POINT ( 'NONE',  ( -2.949999999999999734, 1.300000000000000044, 1.892954891671768225 ) ) ;
#1951 = MECHANICAL_DESIGN_GEOMETRIC_PRESENTATION_REPRESENTATION (  '', ( #1232 ), #1600 ) ;
#1952 = AXIS2_PLACEMENT_3D ( 'NONE', #3108, #1700, #2211 ) ;
#1953 =( NAMED_UNIT ( * ) SI_UNIT ( $, .STERADIAN. ) SOLID_ANGLE_UNIT ( ) );
#1954 = DIRECTION ( 'NONE',  ( 0.000000000000000000, 0.03489949670250097613, 0.9993908270190957621 ) ) ;
#1955 = AXIS2_PLACEMENT_3D ( 'NONE', #3500, #1500, #104 ) ;
#1956 = EDGE_CURVE ( 'NONE', #1237, #1857, #667, .T. ) ;
#1957 = ORIENTED_EDGE ( 'NONE', *, *, #2152, .T. ) ;
#1958 = AXIS2_PLACEMENT_3D ( 'NONE', #1189, #2893, #3458 ) ;
#1959 = EDGE_CURVE ( 'NONE', #1436, #3075, #1860, .T. ) ;
#1960 = LINE ( 'NONE', #1717, #293 ) ;
#1961 = DIRECTION ( 'NONE',  ( 0.03489949670250097613, -0.9993908270190956511, -0.000000000000000000 ) ) ;
#1962 = DIRECTION ( 'NONE',  ( 0.000000000000000000, 0.000000000000000000, 1.000000000000000000 ) ) ;
#1963 = PLANE ( 'NONE',  #2465 ) ;
#1964 = LINE ( 'NONE', #2568, #3590 ) ;
#1965 =( LENGTH_UNIT ( ) NAMED_UNIT ( * ) SI_UNIT ( .MILLI., .METRE. ) );
#1966 = VERTEX_POINT ( 'NONE', #577 ) ;
#1967 = DIRECTION ( 'NONE',  ( -0.000000000000000000, -0.000000000000000000, -1.000000000000000000 ) ) ;
#1968 = DIRECTION ( 'NONE',  ( 1.000000000000000000, 0.000000000000000000, 6.570922257487906049E-16 ) ) ;
#1969 = VECTOR ( 'NONE', #3389, 1000.000000000000000 ) ;
#1970 = ORIENTED_EDGE ( 'NONE', *, *, #2177, .F. ) ;
#1971 = EDGE_CURVE ( 'NONE', #176, #984, #1669, .T. ) ;
#1972 = FILL_AREA_STYLE ('',( #1692 ) ) ;
#1973 =( NAMED_UNIT ( * ) PLANE_ANGLE_UNIT ( ) SI_UNIT ( $, .RADIAN. ) );
#1974 = LINE ( 'NONE', #1950, #1181 ) ;
#1975 = CARTESIAN_POINT ( 'NONE',  ( 0.000000000000000000, 1.000000000000000000, 0.000000000000000000 ) ) ;
#1976 = SURFACE_SIDE_STYLE ('',( #2241 ) ) ;
#1977 = VECTOR ( 'NONE', #69, 1000.000000000000000 ) ;
#1978 = EDGE_LOOP ( 'NONE', ( #1168, #2113, #1546, #2641 ) ) ;
#1979 =( NAMED_UNIT ( * ) SI_UNIT ( $, .STERADIAN. ) SOLID_ANGLE_UNIT ( ) );
#1980 = DIRECTION ( 'NONE',  ( 1.000000000000000000, 0.000000000000000000, 0.000000000000000000 ) ) ;
#1981 = CARTESIAN_POINT ( 'NONE',  ( 3.018609095887934579, 0.000000000000000000, 2.500000000000000000 ) ) ;
#1982 = MECHANICAL_DESIGN_GEOMETRIC_PRESENTATION_REPRESENTATION (  '', ( #1143 ), #1627 ) ;
#1983 = VECTOR ( 'NONE', #868, 1000.000000000000000 ) ;
#1984 = SURFACE_STYLE_USAGE ( .BOTH. , #841 ) ;
#1985 = VECTOR ( 'NONE', #169, 1000.000000000000000 ) ;
#1986 = ADVANCED_FACE ( 'NONE', ( #3085 ), #2830, .T. ) ;
#1987 = CLOSED_SHELL ( 'NONE', ( #912, #1555, #302, #1526, #1070, #2818, #1412, #3026 ) ) ;
#1988 = ADVANCED_FACE ( 'NONE', ( #3384 ), #834, .F. ) ;
#1989 = ORIENTED_EDGE ( 'NONE', *, *, #2684, .F. ) ;
#1990 = CARTESIAN_POINT ( 'NONE',  ( -3.239999999999997105, -0.1000000000000000056, 2.500000000000000888 ) ) ;
#1991 = VECTOR ( 'NONE', #2468, 1000.000000000000000 ) ;
#1992 = ORIENTED_EDGE ( 'NONE', *, *, #804, .T. ) ;
#1993 = SURFACE_SIDE_STYLE ('',( #262 ) ) ;
#1994 = SURFACE_SIDE_STYLE ('',( #2807 ) ) ;
#1995 = DIRECTION ( 'NONE',  ( -1.000000000000000000, 0.000000000000000000, 0.000000000000000000 ) ) ;
#1996 = ORIENTED_EDGE ( 'NONE', *, *, #2906, .F. ) ;
#1997 = DIRECTION ( 'NONE',  ( 0.000000000000000000, 0.000000000000000000, 1.000000000000000000 ) ) ;
#1998 = DIRECTION ( 'NONE',  ( 0.000000000000000000, 0.000000000000000000, -1.000000000000000000 ) ) ;
#1999 = CARTESIAN_POINT ( 'NONE',  ( -2.540000000000000480, -0.1000000000000000056, -2.972666666666664348 ) ) ;
#2000 = UNCERTAINTY_MEASURE_WITH_UNIT (LENGTH_MEASURE( 1.000000000000000082E-05 ), #3000, 'distance_accuracy_value', 'NONE');
#2001 = UNCERTAINTY_MEASURE_WITH_UNIT (LENGTH_MEASURE( 1.000000000000000082E-05 ), #3625, 'distance_accuracy_value', 'NONE');
#2002 = ORIENTED_EDGE ( 'NONE', *, *, #2459, .F. ) ;
#2003 = CARTESIAN_POINT ( 'NONE',  ( 3.239999999999999769, -0.1000000000000000056, 2.500000000000000000 ) ) ;
#2004 = FACE_OUTER_BOUND ( 'NONE', #3034, .T. ) ;
#2005 = VERTEX_POINT ( 'NONE', #2301 ) ;
#2006 = CARTESIAN_POINT ( 'NONE',  ( -1.840000000000000080, -0.1000000000000000056, -1.300000000000000266 ) ) ;
#2007 = DIRECTION ( 'NONE',  ( 1.934156501956300592E-15, 0.000000000000000000, 1.000000000000000000 ) ) ;
#2008 = CARTESIAN_POINT ( 'NONE',  ( -1.839999999999998304, 0.000000000000000000, 2.000000000000000444 ) ) ;
#2009 = VECTOR ( 'NONE', #537, 1000.000000000000000 ) ;
#2010 = AXIS2_PLACEMENT_3D ( 'NONE', #3090, #1060, #2248 ) ;
#2011 = EDGE_CURVE ( 'NONE', #755, #3413, #59, .T. ) ;
#2012 = ORIENTED_EDGE ( 'NONE', *, *, #1033, .T. ) ;
#2013 = VECTOR ( 'NONE', #735, 1000.000000000000000 ) ;
#2014 = VECTOR ( 'NONE', #1138, 1000.000000000000000 ) ;
#2015 = CARTESIAN_POINT ( 'NONE',  ( -2.949999999999999734, 1.300000000000000044, 1.892954891671768225 ) ) ;
#2016 = SURFACE_SIDE_STYLE ('',( #2283 ) ) ;
#2017 =( LENGTH_UNIT ( ) NAMED_UNIT ( * ) SI_UNIT ( .MILLI., .METRE. ) );
#2018 = AXIS2_PLACEMENT_3D ( 'NONE', #1639, #3647, #3661 ) ;
#2019 = DIRECTION ( 'NONE',  ( 0.000000000000000000, -1.000000000000000000, 0.000000000000000000 ) ) ;
#2020 = VECTOR ( 'NONE', #2591, 1000.000000000000000 ) ;
#2021 =( GEOMETRIC_REPRESENTATION_CONTEXT ( 3 ) GLOBAL_UNCERTAINTY_ASSIGNED_CONTEXT ( ( #2358 ) ) GLOBAL_UNIT_ASSIGNED_CONTEXT ( ( #914, #684, #1824 ) ) REPRESENTATION_CONTEXT ( 'NONE', 'WORKASPACE' ) );
#2022 =( NAMED_UNIT ( * ) PLANE_ANGLE_UNIT ( ) SI_UNIT ( $, .RADIAN. ) );
#2023 = DIRECTION ( 'NONE',  ( -0.000000000000000000, 1.000000000000000000, -0.000000000000000000 ) ) ;
#2024 = ORIENTED_EDGE ( 'NONE', *, *, #3472, .T. ) ;
#2025 = CARTESIAN_POINT ( 'NONE',  ( 2.061390904112067268, -0.1000000000000000056, -2.500000000000000000 ) ) ;
#2026 = EDGE_CURVE ( 'NONE', #1943, #454, #869, .T. ) ;
#2027 = ORIENTED_EDGE ( 'NONE', *, *, #163, .T. ) ;
#2028 = FILL_AREA_STYLE ('',( #1169 ) ) ;
#2029 = CARTESIAN_POINT ( 'NONE',  ( -1.839999999999998304, 0.000000000000000000, 2.500000000000000000 ) ) ;
#2030 = FILL_AREA_STYLE ('',( #315 ) ) ;
#2031 = FILL_AREA_STYLE_COLOUR ( '', #232 ) ;
#2032 = CIRCLE ( 'NONE', #1910, 0.6726666666666673011 ) ;
#2033 = ORIENTED_EDGE ( 'NONE', *, *, #829, .T. ) ;
#2034 =( NAMED_UNIT ( * ) SI_UNIT ( $, .STERADIAN. ) SOLID_ANGLE_UNIT ( ) );
#2035 = FACE_OUTER_BOUND ( 'NONE', #2258, .T. ) ;
#2036 = DIRECTION ( 'NONE',  ( -0.000000000000000000, -0.000000000000000000, 1.000000000000000000 ) ) ;
#2037 = COLOUR_RGB ( '',0.2470588235294117752, 0.000000000000000000, 0.2549019607843137081 ) ;
#2038 = FILL_AREA_STYLE_COLOUR ( '', #2377 ) ;
#2039 = UNCERTAINTY_MEASURE_WITH_UNIT (LENGTH_MEASURE( 1.000000000000000082E-05 ), #3092, 'distance_accuracy_value', 'NONE');
#2040 = CARTESIAN_POINT ( 'NONE',  ( 3.239999999999999769, -0.1000000000000000056, 1.300000000000000266 ) ) ;
#2041 = ADVANCED_FACE ( 'NONE', ( #2851 ), #333, .T. ) ;
#2042 =( NAMED_UNIT ( * ) PLANE_ANGLE_UNIT ( ) SI_UNIT ( $, .RADIAN. ) );
#2043 = CIRCLE ( 'NONE', #2675, 0.6726666666666656358 ) ;
#2044 = VERTEX_POINT ( 'NONE', #81 ) ;
#2045 = COLOUR_RGB ( '',0.2470588235294117752, 0.000000000000000000, 0.2549019607843137081 ) ;
#2046 = SURFACE_STYLE_USAGE ( .BOTH. , #957 ) ;
#2047 =( LENGTH_UNIT ( ) NAMED_UNIT ( * ) SI_UNIT ( .MILLI., .METRE. ) );
#2048 = EDGE_LOOP ( 'NONE', ( #98, #1714, #2751, #1528 ) ) ;
#2049 = CIRCLE ( 'NONE', #446, 0.09999999999999982514 ) ;
#2050 = PRESENTATION_STYLE_ASSIGNMENT (( #2599 ) ) ;
#2051 = SURFACE_STYLE_USAGE ( .BOTH. , #1720 ) ;
#2052 = SURFACE_SIDE_STYLE ('',( #2376 ) ) ;
#2053 = SURFACE_SIDE_STYLE ('',( #1179 ) ) ;
#2054 = ORIENTED_EDGE ( 'NONE', *, *, #2433, .F. ) ;
#2055 = DIRECTION ( 'NONE',  ( 0.000000000000000000, 1.000000000000000000, -0.000000000000000000 ) ) ;
#2056 = ORIENTED_EDGE ( 'NONE', *, *, #363, .F. ) ;
#2057 = SURFACE_STYLE_FILL_AREA ( #1751 ) ;
#2058 = SURFACE_STYLE_USAGE ( .BOTH. , #2321 ) ;
#2059 = CIRCLE ( 'NONE', #580, 0.6726666666666656358 ) ;
#2060 = EDGE_LOOP ( 'NONE', ( #2281, #2197, #1879, #592, #670, #976, #460, #1132, #895, #385, #1671, #2712, #664, #2440, #2674, #603, #3267, #3243 ) ) ;
#2061 = ORIENTED_EDGE ( 'NONE', *, *, #2446, .F. ) ;
#2062 =( NAMED_UNIT ( * ) SI_UNIT ( $, .STERADIAN. ) SOLID_ANGLE_UNIT ( ) );
#2063 = CIRCLE ( 'NONE', #2589, 0.2966297947787979727 ) ;
#2064 = CARTESIAN_POINT ( 'NONE',  ( -3.600000000000000089, 0.000000000000000000, -0.000000000000000000 ) ) ;
#2065 = FILL_AREA_STYLE_COLOUR ( '', #1719 ) ;
#2066 = ADVANCED_FACE ( 'NONE', ( #2592 ), #946, .F. ) ;
#2067 = VECTOR ( 'NONE', #1045, 1000.000000000000000 ) ;
#2068 = SURFACE_SIDE_STYLE ('',( #2615 ) ) ;
#2069 = STYLED_ITEM ( 'NONE', ( #2050 ), #2317 ) ;
#2070 =( NAMED_UNIT ( * ) PLANE_ANGLE_UNIT ( ) SI_UNIT ( $, .RADIAN. ) );
#2071 =( GEOMETRIC_REPRESENTATION_CONTEXT ( 3 ) GLOBAL_UNCERTAINTY_ASSIGNED_CONTEXT ( ( #1556 ) ) GLOBAL_UNIT_ASSIGNED_CONTEXT ( ( #3202, #2390, #2372 ) ) REPRESENTATION_CONTEXT ( 'NONE', 'WORKASPACE' ) );
#2072 = COLOUR_RGB ( '',0.9686274509803921573, 0.8784313725490195957, 0.5999999999999999778 ) ;
#2073 = PRESENTATION_LAYER_ASSIGNMENT (  '', '', ( #824 ) ) ;
#2074 = PLANE ( 'NONE',  #1684 ) ;
#2075 = SURFACE_SIDE_STYLE ('',( #75 ) ) ;
#2076 = ORIENTED_EDGE ( 'NONE', *, *, #751, .T. ) ;
#2077 = EDGE_CURVE ( 'NONE', #852, #615, #1403, .T. ) ;
#2078 = ORIENTED_EDGE ( 'NONE', *, *, #1446, .T. ) ;
#2079 = ORIENTED_EDGE ( 'NONE', *, *, #3387, .T. ) ;
#2080 =( LENGTH_UNIT ( ) NAMED_UNIT ( * ) SI_UNIT ( .MILLI., .METRE. ) );
#2081 = FACE_OUTER_BOUND ( 'NONE', #290, .T. ) ;
#2082 = CYLINDRICAL_SURFACE ( 'NONE', #1799, 0.09999999999999982514 ) ;
#2083 = MECHANICAL_DESIGN_GEOMETRIC_PRESENTATION_REPRESENTATION (  '', ( #1560 ), #902 ) ;
#2084 = CIRCLE ( 'NONE', #3155, 0.09999999999999982514 ) ;
#2085 = CARTESIAN_POINT ( 'NONE',  ( 3.346568877480707194, 1.000000000000000000, 1.699999999999999734 ) ) ;
#2086 = DIRECTION ( 'NONE',  ( 0.000000000000000000, 0.000000000000000000, 1.000000000000000000 ) ) ;
#2087 = AXIS2_PLACEMENT_3D ( 'NONE', #636, #1767, #3476 ) ;
#2088 = PRESENTATION_STYLE_ASSIGNMENT (( #952 ) ) ;
#2089 = FILL_AREA_STYLE ('',( #57 ) ) ;
#2090 =( LENGTH_UNIT ( ) NAMED_UNIT ( * ) SI_UNIT ( .MILLI., .METRE. ) );
#2091 = EDGE_CURVE ( 'NONE', #2662, #3011, #2953, .T. ) ;
#2092 = AXIS2_PLACEMENT_3D ( 'NONE', #3663, #2788, #1696 ) ;
#2093 = VERTEX_POINT ( 'NONE', #1718 ) ;
#2094 = CARTESIAN_POINT ( 'NONE',  ( 3.772743730481633140, 1.000000000000000000, 2.772743730481635804 ) ) ;
#2095 = PRESENTATION_STYLE_ASSIGNMENT (( #194 ) ) ;
#2096 = DIRECTION ( 'NONE',  ( 0.000000000000000000, 0.000000000000000000, -1.000000000000000000 ) ) ;
#2097 = MECHANICAL_DESIGN_GEOMETRIC_PRESENTATION_REPRESENTATION (  '', ( #2623 ), #1148 ) ;
#2098 = ORIENTED_EDGE ( 'NONE', *, *, #1507, .T. ) ;
#2099 = ORIENTED_EDGE ( 'NONE', *, *, #659, .F. ) ;
#2100 = DIRECTION ( 'NONE',  ( -0.000000000000000000, 1.000000000000000000, -0.000000000000000000 ) ) ;
#2101 = CARTESIAN_POINT ( 'NONE',  ( 3.349999999999997424, 1.000000000000000000, -2.600000000000000533 ) ) ;
#2102 = FILL_AREA_STYLE_COLOUR ( '', #2650 ) ;
#2103 = UNCERTAINTY_MEASURE_WITH_UNIT (LENGTH_MEASURE( 1.000000000000000082E-05 ), #1948, 'distance_accuracy_value', 'NONE');
#2104 = PRESENTATION_LAYER_ASSIGNMENT (  '', '', ( #2160 ) ) ;
#2105 = CYLINDRICAL_SURFACE ( 'NONE', #1255, 0.6726666666666668570 ) ;
#2106 = COLOUR_RGB ( '',0.9686274509803921573, 0.8784313725490195957, 0.5999999999999999778 ) ;
#2107 =( NAMED_UNIT ( * ) PLANE_ANGLE_UNIT ( ) SI_UNIT ( $, .RADIAN. ) );
#2108 = APPLICATION_PROTOCOL_DEFINITION ( 'draft international standard', 'automotive_design', 1998, #3086 ) ;
#2109 = CARTESIAN_POINT ( 'NONE',  ( 3.142954891671768003, 1.300000000000000044, -1.700000000000000622 ) ) ;
#2110 = ORIENTED_EDGE ( 'NONE', *, *, #2026, .T. ) ;
#2111 = DIRECTION ( 'NONE',  ( 1.807003620809174139E-16, 0.000000000000000000, -1.000000000000000000 ) ) ;
#2112 = ORIENTED_EDGE ( 'NONE', *, *, #1088, .T. ) ;
#2113 = ORIENTED_EDGE ( 'NONE', *, *, #236, .F. ) ;
#2114 =( NAMED_UNIT ( * ) PLANE_ANGLE_UNIT ( ) SI_UNIT ( $, .RADIAN. ) );
#2115 = ORIENTED_EDGE ( 'NONE', *, *, #253, .T. ) ;
#2116 =( GEOMETRIC_REPRESENTATION_CONTEXT ( 3 ) GLOBAL_UNCERTAINTY_ASSIGNED_CONTEXT ( ( #1588 ) ) GLOBAL_UNIT_ASSIGNED_CONTEXT ( ( #2857, #3440, #1116 ) ) REPRESENTATION_CONTEXT ( 'NONE', 'WORKASPACE' ) );
#2117 = FILL_AREA_STYLE_COLOUR ( '', #2322 ) ;
#2118 =( NAMED_UNIT ( * ) PLANE_ANGLE_UNIT ( ) SI_UNIT ( $, .RADIAN. ) );
#2119 = CIRCLE ( 'NONE', #229, 0.3965688774807073491 ) ;
#2120 = STYLED_ITEM ( 'NONE', ( #2910 ), #2041 ) ;
#2121 = AXIS2_PLACEMENT_3D ( 'NONE', #3303, #3597, #142 ) ;
#2122 = LINE ( 'NONE', #3297, #969 ) ;
#2123 = STYLED_ITEM ( 'NONE', ( #1417 ), #2584 ) ;
#2124 = PRESENTATION_LAYER_ASSIGNMENT (  '', '', ( #3141 ) ) ;
#2125 = EDGE_LOOP ( 'NONE', ( #2555, #3151, #2590, #737 ) ) ;
#2126 = CIRCLE ( 'NONE', #885, 0.6726666666666668570 ) ;
#2127 = LINE ( 'NONE', #3263, #3018 ) ;
#2128 =( NAMED_UNIT ( * ) PLANE_ANGLE_UNIT ( ) SI_UNIT ( $, .RADIAN. ) );
#2129 = ORIENTED_EDGE ( 'NONE', *, *, #3161, .F. ) ;
#2130 = VERTEX_POINT ( 'NONE', #14 ) ;
#2131 = DIRECTION ( 'NONE',  ( 1.000000000000000000, 0.000000000000000000, -1.734723475976807094E-15 ) ) ;
#2132 = DIRECTION ( 'NONE',  ( -1.000000000000000000, 0.000000000000000000, 1.548860246407863829E-16 ) ) ;
#2133 = PLANE ( 'NONE',  #766 ) ;
#2134 = EDGE_CURVE ( 'NONE', #3479, #1455, #465, .T. ) ;
#2135 = UNCERTAINTY_MEASURE_WITH_UNIT (LENGTH_MEASURE( 1.000000000000000082E-05 ), #644, 'distance_accuracy_value', 'NONE');
#2136 =( NAMED_UNIT ( * ) PLANE_ANGLE_UNIT ( ) SI_UNIT ( $, .RADIAN. ) );
#2137 = PRESENTATION_LAYER_ASSIGNMENT (  '', '', ( #609 ) ) ;
#2138 = DIRECTION ( 'NONE',  ( 0.000000000000000000, 1.000000000000000000, -0.000000000000000000 ) ) ;
#2139 = DIRECTION ( 'NONE',  ( -0.000000000000000000, -1.000000000000000000, 0.000000000000000000 ) ) ;
#2140 = DIRECTION ( 'NONE',  ( 0.000000000000000000, 0.000000000000000000, -1.000000000000000000 ) ) ;
#2141 = MECHANICAL_DESIGN_GEOMETRIC_PRESENTATION_REPRESENTATION (  '', ( #2845 ), #77 ) ;
#2142 = ORIENTED_EDGE ( 'NONE', *, *, #2935, .T. ) ;
#2143 = EDGE_CURVE ( 'NONE', #1077, #3075, #3346, .T. ) ;
#2144 = MECHANICAL_DESIGN_GEOMETRIC_PRESENTATION_REPRESENTATION (  '', ( #1676 ), #3017 ) ;
#2145 = ORIENTED_EDGE ( 'NONE', *, *, #2499, .T. ) ;
#2146 = EDGE_LOOP ( 'NONE', ( #318, #3100, #741, #201 ) ) ;
#2147 = FILL_AREA_STYLE_COLOUR ( '', #2702 ) ;
#2148 = DIRECTION ( 'NONE',  ( 0.000000000000000000, 0.000000000000000000, 1.000000000000000000 ) ) ;
#2149 = CARTESIAN_POINT ( 'NONE',  ( -3.239999999999999769, -0.1000000000000000056, -2.500000000000000000 ) ) ;
#2150 = SURFACE_SIDE_STYLE ('',( #3580 ) ) ;
#2151 = COLOUR_RGB ( '',0.7921568627450980005, 0.8196078431372548767, 0.9333333333333333481 ) ;
#2152 = EDGE_CURVE ( 'NONE', #1156, #1436, #704, .T. ) ;
#2153 = CLOSED_SHELL ( 'NONE', ( #3081, #2317, #2175, #2250, #3189, #101, #1822, #1205, #3582 ) ) ;
#2154 = ORIENTED_EDGE ( 'NONE', *, *, #804, .F. ) ;
#2155 = CARTESIAN_POINT ( 'NONE',  ( 1.353084311261901961E-14, 0.000000000000000000, -2.599999999999981437 ) ) ;
#2156 =( NAMED_UNIT ( * ) SI_UNIT ( $, .STERADIAN. ) SOLID_ANGLE_UNIT ( ) );
#2157 =( LENGTH_UNIT ( ) NAMED_UNIT ( * ) SI_UNIT ( .MILLI., .METRE. ) );
#2158 = MECHANICAL_DESIGN_GEOMETRIC_PRESENTATION_REPRESENTATION (  '', ( #306 ), #3409 ) ;
#2159 = AXIS2_PLACEMENT_3D ( 'NONE', #1940, #238, #3654 ) ;
#2160 = STYLED_ITEM ( 'NONE', ( #3354 ), #912 ) ;
#2161 = DIRECTION ( 'NONE',  ( 0.000000000000000000, 0.000000000000000000, 1.000000000000000000 ) ) ;
#2162 = CARTESIAN_POINT ( 'NONE',  ( 1.840000000000000080, 0.000000000000000000, 1.300000000000000266 ) ) ;
#2163 = FILL_AREA_STYLE_COLOUR ( '', #1004 ) ;
#2164 = VERTEX_POINT ( 'NONE', #1981 ) ;
#2165 = CYLINDRICAL_SURFACE ( 'NONE', #3200, 0.09999999999999982514 ) ;
#2166 = CARTESIAN_POINT ( 'NONE',  ( 2.949999999999999734, 1.096510050329749797, 1.996629794778797207 ) ) ;
#2167 = VERTEX_POINT ( 'NONE', #3406 ) ;
#2168 = SURFACE_STYLE_FILL_AREA ( #729 ) ;
#2169 =( LENGTH_UNIT ( ) NAMED_UNIT ( * ) SI_UNIT ( .MILLI., .METRE. ) );
#2170 = CARTESIAN_POINT ( 'NONE',  ( -2.400000000000000355, 1.289999999999999813, 1.649999999999998579 ) ) ;
#2171 = CARTESIAN_POINT ( 'NONE',  ( -2.400000000000000355, 1.289999999999999813, 1.399999999999998357 ) ) ;
#2172 =( NAMED_UNIT ( * ) PLANE_ANGLE_UNIT ( ) SI_UNIT ( $, .RADIAN. ) );
#2173 = ORIENTED_EDGE ( 'NONE', *, *, #1683, .F. ) ;
#2174 =( LENGTH_UNIT ( ) NAMED_UNIT ( * ) SI_UNIT ( .MILLI., .METRE. ) );
#2175 = ADVANCED_FACE ( 'NONE', ( #1384 ), #286, .F. ) ;
#2176 = SURFACE_SIDE_STYLE ('',( #1009 ) ) ;
#2177 = EDGE_CURVE ( 'NONE', #1000, #176, #3614, .T. ) ;
#2178 = STYLED_ITEM ( 'NONE', ( #639 ), #2962 ) ;
#2179 = CARTESIAN_POINT ( 'NONE',  ( 2.949999999999999734, 1.096510050329749131, 1.699999999999999734 ) ) ;
#2180 = CARTESIAN_POINT ( 'NONE',  ( 2.061390904112067268, 0.000000000000000000, -2.500000000000000000 ) ) ;
#2181 =( NAMED_UNIT ( * ) SI_UNIT ( $, .STERADIAN. ) SOLID_ANGLE_UNIT ( ) );
#2182 = STYLED_ITEM ( 'NONE', ( #738 ), #3281 ) ;
#2183 = CIRCLE ( 'NONE', #878, 0.3965688774807069605 ) ;
#2184 = CIRCLE ( 'NONE', #3616, 0.4566756596122039658 ) ;
#2185 =( GEOMETRIC_REPRESENTATION_CONTEXT ( 3 ) GLOBAL_UNCERTAINTY_ASSIGNED_CONTEXT ( ( #3525 ) ) GLOBAL_UNIT_ASSIGNED_CONTEXT ( ( #1247, #919, #1773 ) ) REPRESENTATION_CONTEXT ( 'NONE', 'WORKASPACE' ) );
#2186 = VECTOR ( 'NONE', #2665, 1000.000000000000000 ) ;
#2187 = DIRECTION ( 'NONE',  ( -1.000000000000000000, 0.000000000000000000, 0.000000000000000000 ) ) ;
#2188 = FACE_OUTER_BOUND ( 'NONE', #1840, .T. ) ;
#2189 = VECTOR ( 'NONE', #314, 1000.000000000000000 ) ;
#2190 = VERTEX_POINT ( 'NONE', #3652 ) ;
#2191 = DIRECTION ( 'NONE',  ( 0.000000000000000000, 0.000000000000000000, -1.000000000000000000 ) ) ;
#2192 = DIRECTION ( 'NONE',  ( 0.000000000000000000, 0.000000000000000000, -1.000000000000000000 ) ) ;
#2193 = DIRECTION ( 'NONE',  ( -1.807003620809174139E-16, 0.000000000000000000, 1.000000000000000000 ) ) ;
#2194 = CYLINDRICAL_SURFACE ( 'NONE', #707, 0.2500000000000004441 ) ;
#2195 =( NAMED_UNIT ( * ) PLANE_ANGLE_UNIT ( ) SI_UNIT ( $, .RADIAN. ) );
#2196 = EDGE_CURVE ( 'NONE', #282, #3425, #2183, .T. ) ;
#2197 = ORIENTED_EDGE ( 'NONE', *, *, #888, .F. ) ;
#2198 = DIRECTION ( 'NONE',  ( -0.03489949670250097613, -0.9993908270190956511, -0.000000000000000000 ) ) ;
#2199 = SURFACE_STYLE_USAGE ( .BOTH. , #799 ) ;
#2200 = EDGE_CURVE ( 'NONE', #1655, #191, #586, .T. ) ;
#2201 = CARTESIAN_POINT ( 'NONE',  ( -2.061390904112061939, 0.000000000000000000, -2.500000000000000000 ) ) ;
#2202 = ORIENTED_EDGE ( 'NONE', *, *, #1602, .T. ) ;
#2203 = FACE_OUTER_BOUND ( 'NONE', #3397, .T. ) ;
#2204 = CARTESIAN_POINT ( 'NONE',  ( 2.949999999999999734, 1.199999999999999956, 1.892954891671768003 ) ) ;
#2205 =( LENGTH_UNIT ( ) NAMED_UNIT ( * ) SI_UNIT ( .MILLI., .METRE. ) );
#2206 = DIRECTION ( 'NONE',  ( -1.000000000000000000, 0.000000000000000000, 0.000000000000000000 ) ) ;
#2207 = ORIENTED_EDGE ( 'NONE', *, *, #386, .F. ) ;
#2208 = STYLED_ITEM ( 'NONE', ( #1046 ), #1699 ) ;
#2209 = DIRECTION ( 'NONE',  ( -0.000000000000000000, 1.000000000000000000, -0.000000000000000000 ) ) ;
#2210 = CARTESIAN_POINT ( 'NONE',  ( 3.246629794778796985, 1.096510050329749797, 1.699999999999999734 ) ) ;
#2211 = DIRECTION ( 'NONE',  ( 0.000000000000000000, 0.9993908270190956511, 0.03489949670250096919 ) ) ;
#2212 = STYLED_ITEM ( 'NONE', ( #1532 ), #1823 ) ;
#2213 = CARTESIAN_POINT ( 'NONE',  ( 2.061390904112066824, -0.1000000000000000056, 2.500000000000000000 ) ) ;
#2214 = CIRCLE ( 'NONE', #3348, 0.6726666666666668570 ) ;
#2215 = ORIENTED_EDGE ( 'NONE', *, *, #3332, .F. ) ;
#2216 = CARTESIAN_POINT ( 'NONE',  ( -1.979999999999999538, 0.000000000000000000, 2.599999999999998312 ) ) ;
#2217 = DIRECTION ( 'NONE',  ( 0.000000000000000000, 0.000000000000000000, -1.000000000000000000 ) ) ;
#2218 = EDGE_CURVE ( 'NONE', #1573, #1077, #1597, .T. ) ;
#2219 = EDGE_LOOP ( 'NONE', ( #499, #805, #195, #2129, #2801, #2804, #409, #2658, #3415, #727, #2621, #1298, #2270, #364, #3162, #2606, #2371, #154 ) ) ;
#2220 = DIRECTION ( 'NONE',  ( 1.000000000000000000, 0.000000000000000000, 0.000000000000000000 ) ) ;
#2221 = CARTESIAN_POINT ( 'NONE',  ( 3.249999999999999556, 1.000000000000000000, 1.699999999999999734 ) ) ;
#2222 = VERTEX_POINT ( 'NONE', #2793 ) ;
#2223 = PRESENTATION_STYLE_ASSIGNMENT (( #3665 ) ) ;
#2224 = CARTESIAN_POINT ( 'NONE',  ( 3.239999999999999769, -0.1000000000000000056, -2.500000000000000000 ) ) ;
#2225 = SURFACE_STYLE_FILL_AREA ( #33 ) ;
#2226 = DIRECTION ( 'NONE',  ( -0.000000000000000000, -1.000000000000000000, -0.000000000000000000 ) ) ;
#2227 = DIRECTION ( 'NONE',  ( 1.000000000000000000, 0.000000000000000000, 0.000000000000000000 ) ) ;
#2228 =( NAMED_UNIT ( * ) PLANE_ANGLE_UNIT ( ) SI_UNIT ( $, .RADIAN. ) );
#2229 =( GEOMETRIC_REPRESENTATION_CONTEXT ( 3 ) GLOBAL_UNCERTAINTY_ASSIGNED_CONTEXT ( ( #3287 ) ) GLOBAL_UNIT_ASSIGNED_CONTEXT ( ( #335, #1210, #369 ) ) REPRESENTATION_CONTEXT ( 'NONE', 'WORKASPACE' ) );
#2230 = EDGE_CURVE ( 'NONE', #426, #1863, #1538, .T. ) ;
#2231 = MECHANICAL_DESIGN_GEOMETRIC_PRESENTATION_REPRESENTATION (  '', ( #3489 ), #341 ) ;
#2232 = ORIENTED_EDGE ( 'NONE', *, *, #1902, .F. ) ;
#2233 = LINE ( 'NONE', #1990, #1423 ) ;
#2234 = DIRECTION ( 'NONE',  ( -0.000000000000000000, -0.9993908270190956511, -0.03489949670250097613 ) ) ;
#2235 = STYLED_ITEM ( 'NONE', ( #602 ), #1988 ) ;
#2236 = ORIENTED_EDGE ( 'NONE', *, *, #3125, .T. ) ;
#2237 = MECHANICAL_DESIGN_GEOMETRIC_PRESENTATION_REPRESENTATION (  '', ( #3428 ), #3194 ) ;
#2238 = LINE ( 'NONE', #2535, #877 ) ;
#2239 = COLOUR_RGB ( '',0.9686274509803921573, 0.8784313725490195957, 0.5999999999999999778 ) ;
#2240 = COLOUR_RGB ( '',0.9686274509803921573, 0.8784313725490195957, 0.5999999999999999778 ) ;
#2241 = SURFACE_STYLE_FILL_AREA ( #796 ) ;
#2242 = CIRCLE ( 'NONE', #405, 0.4566756596122039658 ) ;
#2243 = EDGE_CURVE ( 'NONE', #980, #177, #1895, .T. ) ;
#2244 = VERTEX_POINT ( 'NONE', #509 ) ;
#2245 =( GEOMETRIC_REPRESENTATION_CONTEXT ( 3 ) GLOBAL_UNCERTAINTY_ASSIGNED_CONTEXT ( ( #1847 ) ) GLOBAL_UNIT_ASSIGNED_CONTEXT ( ( #2572, #596, #43 ) ) REPRESENTATION_CONTEXT ( 'NONE', 'WORKASPACE' ) );
#2246 = EDGE_CURVE ( 'NONE', #2005, #1651, #3615, .T. ) ;
#2247 = CARTESIAN_POINT ( 'NONE',  ( -1.839999999999999858, -0.1000000000000000056, -2.500000000000000000 ) ) ;
#2248 = DIRECTION ( 'NONE',  ( 0.000000000000000000, 0.000000000000000000, 1.000000000000000000 ) ) ;
#2249 = SURFACE_STYLE_USAGE ( .BOTH. , #3668 ) ;
#2250 = ADVANCED_FACE ( 'NONE', ( #2035 ), #322, .F. ) ;
#2251 = UNCERTAINTY_MEASURE_WITH_UNIT (LENGTH_MEASURE( 1.000000000000000082E-05 ), #2047, 'distance_accuracy_value', 'NONE');
#2252 = ORIENTED_EDGE ( 'NONE', *, *, #815, .F. ) ;
#2253 = PRESENTATION_LAYER_ASSIGNMENT (  '', '', ( #1732 ) ) ;
#2254 = CARTESIAN_POINT ( 'NONE',  ( 3.239999999999999769, 0.000000000000000000, -1.300000000000000266 ) ) ;
#2255 = DIRECTION ( 'NONE',  ( -0.000000000000000000, 1.000000000000000000, -0.000000000000000000 ) ) ;
#2256 = MECHANICAL_DESIGN_GEOMETRIC_PRESENTATION_REPRESENTATION (  '', ( #3630 ), #2718 ) ;
#2257 = MECHANICAL_DESIGN_GEOMETRIC_PRESENTATION_REPRESENTATION (  '', ( #2429 ), #3512 ) ;
#2258 = EDGE_LOOP ( 'NONE', ( #1222, #2561, #2687, #2771 ) ) ;
#2259 = PRESENTATION_STYLE_ASSIGNMENT (( #3361 ) ) ;
#2260 =( NAMED_UNIT ( * ) SI_UNIT ( $, .STERADIAN. ) SOLID_ANGLE_UNIT ( ) );
#2261 = ORIENTED_EDGE ( 'NONE', *, *, #1350, .F. ) ;
#2262 = DIRECTION ( 'NONE',  ( 0.000000000000000000, 1.000000000000000000, -0.000000000000000000 ) ) ;
#2263 = LINE ( 'NONE', #248, #2971 ) ;
#2264 = DIRECTION ( 'NONE',  ( 0.000000000000000000, 1.000000000000000000, 0.000000000000000000 ) ) ;
#2265 = FILL_AREA_STYLE_COLOUR ( '', #1054 ) ;
#2266 =( NAMED_UNIT ( * ) SI_UNIT ( $, .STERADIAN. ) SOLID_ANGLE_UNIT ( ) );
#2267 = SURFACE_STYLE_USAGE ( .BOTH. , #1406 ) ;
#2268 = CARTESIAN_POINT ( 'NONE',  ( 2.540000000000000480, -0.1000000000000000056, 2.972666666666667012 ) ) ;
#2269 = VECTOR ( 'NONE', #1590, 1000.000000000000000 ) ;
#2270 = ORIENTED_EDGE ( 'NONE', *, *, #1033, .F. ) ;
#2271 = DIRECTION ( 'NONE',  ( 1.000000000000000000, 0.000000000000000000, -1.734723475976810053E-15 ) ) ;
#2272 = CARTESIAN_POINT ( 'NONE',  ( 1.839999999999999858, -0.1000000000000000056, -2.500000000000000000 ) ) ;
#2273 = ADVANCED_FACE ( 'NONE', ( #2081 ), #371, .T. ) ;
#2274 = MECHANICAL_DESIGN_GEOMETRIC_PRESENTATION_REPRESENTATION (  '', ( #2160 ), #3174 ) ;
#2275 = VERTEX_POINT ( 'NONE', #2327 ) ;
#2276 = STYLED_ITEM ( 'NONE', ( #3036 ), #1150 ) ;
#2277 = CARTESIAN_POINT ( 'NONE',  ( 2.949999999999999734, 1.000000000000000000, 1.699999999999999734 ) ) ;
#2278 = FILL_AREA_STYLE_COLOUR ( '', #2831 ) ;
#2279 = DIRECTION ( 'NONE',  ( -0.000000000000000000, -1.000000000000000000, -0.000000000000000000 ) ) ;
#2280 = ORIENTED_EDGE ( 'NONE', *, *, #2398, .F. ) ;
#2281 = ORIENTED_EDGE ( 'NONE', *, *, #1208, .F. ) ;
#2282 = DIRECTION ( 'NONE',  ( 0.000000000000000000, 0.000000000000000000, -1.000000000000000000 ) ) ;
#2283 = SURFACE_STYLE_FILL_AREA ( #2326 ) ;
#2284 = SURFACE_STYLE_FILL_AREA ( #3463 ) ;
#2285 = FILL_AREA_STYLE_COLOUR ( '', #2106 ) ;
#2286 = PLANE ( 'NONE',  #152 ) ;
#2287 = UNCERTAINTY_MEASURE_WITH_UNIT (LENGTH_MEASURE( 1.000000000000000082E-05 ), #3653, 'distance_accuracy_value', 'NONE');
#2288 = EDGE_CURVE ( 'NONE', #852, #1459, #606, .T. ) ;
#2289 = SURFACE_STYLE_FILL_AREA ( #2937 ) ;
#2290 = PRESENTATION_STYLE_ASSIGNMENT (( #2503 ) ) ;
#2291 = UNCERTAINTY_MEASURE_WITH_UNIT (LENGTH_MEASURE( 1.000000000000000082E-05 ), #3239, 'distance_accuracy_value', 'NONE');
#2292 = ORIENTED_EDGE ( 'NONE', *, *, #1706, .T. ) ;
#2293 = DIRECTION ( 'NONE',  ( -0.000000000000000000, -1.000000000000000000, 0.000000000000000000 ) ) ;
#2294 = CARTESIAN_POINT ( 'NONE',  ( -2.539999999999999591, -0.1000000000000000056, 2.972666666666665236 ) ) ;
#2295 = COLOUR_RGB ( '',0.9686274509803921573, 0.8784313725490195957, 0.5999999999999999778 ) ;
#2296 = ORIENTED_EDGE ( 'NONE', *, *, #3613, .T. ) ;
#2297 = DIRECTION ( 'NONE',  ( -1.807003620809174139E-16, 0.000000000000000000, 1.000000000000000000 ) ) ;
#2298 = SURFACE_STYLE_USAGE ( .BOTH. , #1787 ) ;
#2299 = DIRECTION ( 'NONE',  ( -1.000000000000000000, 0.000000000000000000, 0.000000000000000000 ) ) ;
#2300 = SURFACE_STYLE_FILL_AREA ( #2030 ) ;
#2301 = CARTESIAN_POINT ( 'NONE',  ( -2.540000000000000480, -0.1000000000000000056, -2.299999999999996714 ) ) ;
#2302 = AXIS2_PLACEMENT_3D ( 'NONE', #219, #269, #1079 ) ;
#2303 = ORIENTED_EDGE ( 'NONE', *, *, #2026, .F. ) ;
#2304 = MECHANICAL_DESIGN_GEOMETRIC_PRESENTATION_REPRESENTATION (  '', ( #345 ), #646 ) ;
#2305 = EDGE_LOOP ( 'NONE', ( #3344, #3438, #1019, #464 ) ) ;
#2306 =( LENGTH_UNIT ( ) NAMED_UNIT ( * ) SI_UNIT ( .MILLI., .METRE. ) );
#2307 = DIRECTION ( 'NONE',  ( -0.000000000000000000, -1.000000000000000000, -0.000000000000000000 ) ) ;
#2308 = PLANE ( 'NONE',  #997 ) ;
#2309 = CIRCLE ( 'NONE', #2898, 0.4566756596122039658 ) ;
#2310 =( NAMED_UNIT ( * ) PLANE_ANGLE_UNIT ( ) SI_UNIT ( $, .RADIAN. ) );
#2311 = AXIS2_PLACEMENT_3D ( 'NONE', #3316, #787, #495 ) ;
#2312 = FACE_OUTER_BOUND ( 'NONE', #1783, .T. ) ;
#2313 = PRESENTATION_STYLE_ASSIGNMENT (( #2267 ) ) ;
#2314 = DIRECTION ( 'NONE',  ( -3.469446951953617344E-15, 0.000000000000000000, -1.000000000000000000 ) ) ;
#2315 = SURFACE_STYLE_FILL_AREA ( #111 ) ;
#2316 =( LENGTH_UNIT ( ) NAMED_UNIT ( * ) SI_UNIT ( .MILLI., .METRE. ) );
#2317 = ADVANCED_FACE ( 'NONE', ( #2631 ), #2308, .F. ) ;
#2318 = EDGE_LOOP ( 'NONE', ( #1049, #2882, #1641, #2846 ) ) ;
#2319 = SURFACE_SIDE_STYLE ('',( #2848 ) ) ;
#2320 =( NAMED_UNIT ( * ) SI_UNIT ( $, .STERADIAN. ) SOLID_ANGLE_UNIT ( ) );
#2321 = SURFACE_SIDE_STYLE ('',( #3143 ) ) ;
#2322 = COLOUR_RGB ( '',0.9686274509803921573, 0.8784313725490195957, 0.5999999999999999778 ) ;
#2323 = VERTEX_POINT ( 'NONE', #141 ) ;
#2324 = DIRECTION ( 'NONE',  ( 0.000000000000000000, 0.000000000000000000, 1.000000000000000000 ) ) ;
#2325 = CIRCLE ( 'NONE', #3037, 0.1000000000000000472 ) ;
#2326 = FILL_AREA_STYLE ('',( #1529 ) ) ;
#2327 = CARTESIAN_POINT ( 'NONE',  ( -3.349999999999998312, 1.000000000000000000, 2.599999999999999201 ) ) ;
#2328 = PRESENTATION_STYLE_ASSIGNMENT (( #628 ) ) ;
#2329 = CARTESIAN_POINT ( 'NONE',  ( 9.020562075079360603E-15, 1.000000000000000000, 2.599999999999987210 ) ) ;
#2330 = PRESENTATION_STYLE_ASSIGNMENT (( #358 ) ) ;
#2331 = FACE_OUTER_BOUND ( 'NONE', #1306, .T. ) ;
#2332 = TOROIDAL_SURFACE ( 'NONE', #3040, 0.3965688774807068495, 0.1000000000000000056 ) ;
#2333 =( NAMED_UNIT ( * ) SI_UNIT ( $, .STERADIAN. ) SOLID_ANGLE_UNIT ( ) );
#2334 =( GEOMETRIC_REPRESENTATION_CONTEXT ( 3 ) GLOBAL_UNCERTAINTY_ASSIGNED_CONTEXT ( ( #2878 ) ) GLOBAL_UNIT_ASSIGNED_CONTEXT ( ( #1389, #2228, #823 ) ) REPRESENTATION_CONTEXT ( 'NONE', 'WORKASPACE' ) );
#2335 = ORIENTED_EDGE ( 'NONE', *, *, #1959, .T. ) ;
#2336 =( NAMED_UNIT ( * ) SI_UNIT ( $, .STERADIAN. ) SOLID_ANGLE_UNIT ( ) );
#2337 = CARTESIAN_POINT ( 'NONE',  ( 3.346568877480706306, 1.000000000000000000, -1.700000000000000622 ) ) ;
#2338 = SURFACE_SIDE_STYLE ('',( #2800 ) ) ;
#2339 = SURFACE_STYLE_USAGE ( .BOTH. , #3214 ) ;
#2340 = ORIENTED_EDGE ( 'NONE', *, *, #3351, .F. ) ;
#2341 = AXIS2_PLACEMENT_3D ( 'NONE', #2867, #329, #1457 ) ;
#2342 = FILL_AREA_STYLE_COLOUR ( '', #54 ) ;
#2343 = PLANE ( 'NONE',  #2501 ) ;
#2344 = DIRECTION ( 'NONE',  ( 0.000000000000000000, 0.000000000000000000, 1.000000000000000000 ) ) ;
#2345 = FILL_AREA_STYLE_COLOUR ( '', #20 ) ;
#2346 = CARTESIAN_POINT ( 'NONE',  ( -3.142954891671768003, 1.300000000000000044, -1.700000000000000622 ) ) ;
#2347 = SURFACE_STYLE_USAGE ( .BOTH. , #379 ) ;
#2348 = EDGE_CURVE ( 'NONE', #67, #2244, #2644, .T. ) ;
#2349 = ORIENTED_EDGE ( 'NONE', *, *, #1133, .T. ) ;
#2350 = SURFACE_STYLE_USAGE ( .BOTH. , #890 ) ;
#2351 =( NAMED_UNIT ( * ) PLANE_ANGLE_UNIT ( ) SI_UNIT ( $, .RADIAN. ) );
#2352 = CARTESIAN_POINT ( 'NONE',  ( -3.250000000000000000, 1.000000000000000000, 1.699999999999999734 ) ) ;
#2353 = VECTOR ( 'NONE', #2450, 1000.000000000000000 ) ;
#2354 = ORIENTED_EDGE ( 'NONE', *, *, #2973, .T. ) ;
#2355 = DIRECTION ( 'NONE',  ( -0.000000000000000000, 1.000000000000000000, -0.000000000000000000 ) ) ;
#2356 = CARTESIAN_POINT ( 'NONE',  ( 3.346568877480706306, 1.100000000000000089, 1.699999999999999734 ) ) ;
#2357 = AXIS2_PLACEMENT_3D ( 'NONE', #781, #1923, #3052 ) ;
#2358 = UNCERTAINTY_MEASURE_WITH_UNIT (LENGTH_MEASURE( 1.000000000000000082E-05 ), #914, 'distance_accuracy_value', 'NONE');
#2359 = PRESENTATION_LAYER_ASSIGNMENT (  '', '', ( #345 ) ) ;
#2360 = PRESENTATION_LAYER_ASSIGNMENT (  '', '', ( #1782 ) ) ;
#2361 =( LENGTH_UNIT ( ) NAMED_UNIT ( * ) SI_UNIT ( .MILLI., .METRE. ) );
#2362 = EDGE_CURVE ( 'NONE', #3011, #2579, #1867, .T. ) ;
#2363 = MECHANICAL_DESIGN_GEOMETRIC_PRESENTATION_REPRESENTATION (  '', ( #2960 ), #883 ) ;
#2364 =( GEOMETRIC_REPRESENTATION_CONTEXT ( 3 ) GLOBAL_UNCERTAINTY_ASSIGNED_CONTEXT ( ( #393 ) ) GLOBAL_UNIT_ASSIGNED_CONTEXT ( ( #2306, #1657, #1979 ) ) REPRESENTATION_CONTEXT ( 'NONE', 'WORKASPACE' ) );
#2365 = CARTESIAN_POINT ( 'NONE',  ( -2.949999999999999734, 1.199999999999999956, -1.700000000000000622 ) ) ;
#2366 = CARTESIAN_POINT ( 'NONE',  ( -2.400000000000000355, 1.289999999999999813, 1.149999999999997913 ) ) ;
#2367 = ORIENTED_EDGE ( 'NONE', *, *, #1482, .T. ) ;
#2368 = DIRECTION ( 'NONE',  ( 0.000000000000000000, 1.000000000000000000, -0.000000000000000000 ) ) ;
#2369 = CARTESIAN_POINT ( 'NONE',  ( 1.980000000000000426, 0.000000000000000000, -2.600000000000001421 ) ) ;
#2370 = ORIENTED_EDGE ( 'NONE', *, *, #114, .T. ) ;
#2371 = ORIENTED_EDGE ( 'NONE', *, *, #1637, .T. ) ;
#2372 =( NAMED_UNIT ( * ) SI_UNIT ( $, .STERADIAN. ) SOLID_ANGLE_UNIT ( ) );
#2373 = DIRECTION ( 'NONE',  ( 1.000000000000000000, 0.000000000000000000, 0.000000000000000000 ) ) ;
#2374 = DIRECTION ( 'NONE',  ( 0.000000000000000000, 0.000000000000000000, 1.000000000000000000 ) ) ;
#2375 = MECHANICAL_DESIGN_GEOMETRIC_PRESENTATION_REPRESENTATION (  '', ( #609 ), #1068 ) ;
#2376 = SURFACE_STYLE_FILL_AREA ( #641 ) ;
#2377 = COLOUR_RGB ( '',0.9686274509803921573, 0.8784313725490195957, 0.5999999999999999778 ) ;
#2378 =( NAMED_UNIT ( * ) SI_UNIT ( $, .STERADIAN. ) SOLID_ANGLE_UNIT ( ) );
#2379 = MECHANICAL_DESIGN_GEOMETRIC_PRESENTATION_REPRESENTATION (  '', ( #489 ), #1451 ) ;
#2380 =( LENGTH_UNIT ( ) NAMED_UNIT ( * ) SI_UNIT ( .MILLI., .METRE. ) );
#2381 = CARTESIAN_POINT ( 'NONE',  ( -3.239999999999999769, 0.000000000000000000, -1.300000000000000266 ) ) ;
#2382 = TOROIDAL_SURFACE ( 'NONE', #1862, 0.3965688774807072381, 0.1000000000000000056 ) ;
#2383 = ORIENTED_EDGE ( 'NONE', *, *, #1133, .F. ) ;
#2384 = PRESENTATION_LAYER_ASSIGNMENT (  '', '', ( #620 ) ) ;
#2385 = EDGE_CURVE ( 'NONE', #3645, #2698, #2533, .T. ) ;
#2386 = PRESENTATION_LAYER_ASSIGNMENT (  '', '', ( #319 ) ) ;
#2387 = PRESENTATION_STYLE_ASSIGNMENT (( #961 ) ) ;
#2388 = EDGE_LOOP ( 'NONE', ( #2397, #2232, #573, #2511 ) ) ;
#2389 = VERTEX_POINT ( 'NONE', #2933 ) ;
#2390 =( NAMED_UNIT ( * ) PLANE_ANGLE_UNIT ( ) SI_UNIT ( $, .RADIAN. ) );
#2391 = DIRECTION ( 'NONE',  ( -0.000000000000000000, 1.000000000000000000, -0.000000000000000000 ) ) ;
#2392 = FACE_OUTER_BOUND ( 'NONE', #266, .T. ) ;
#2393 = UNCERTAINTY_MEASURE_WITH_UNIT (LENGTH_MEASURE( 1.000000000000000082E-05 ), #905, 'distance_accuracy_value', 'NONE');
#2394 = MECHANICAL_DESIGN_GEOMETRIC_PRESENTATION_REPRESENTATION (  '', ( #2276 ), #2576 ) ;
#2395 = DIRECTION ( 'NONE',  ( 1.000000000000000000, 0.000000000000000000, 0.000000000000000000 ) ) ;
#2396 = SURFACE_SIDE_STYLE ('',( #221 ) ) ;
#2397 = ORIENTED_EDGE ( 'NONE', *, *, #724, .T. ) ;
#2398 = EDGE_CURVE ( 'NONE', #367, #1024, #744, .T. ) ;
#2399 = DIRECTION ( 'NONE',  ( 0.000000000000000000, 0.000000000000000000, 1.000000000000000000 ) ) ;
#2400 = CARTESIAN_POINT ( 'NONE',  ( -3.242893974373677768, 1.203489949670250025, 1.699999999999999734 ) ) ;
#2401 = EDGE_LOOP ( 'NONE', ( #579, #2833, #655, #2340 ) ) ;
#2402 = EDGE_LOOP ( 'NONE', ( #2335, #613, #334, #1825 ) ) ;
#2403 = FACE_OUTER_BOUND ( 'NONE', #2966, .T. ) ;
#2404 = SURFACE_STYLE_USAGE ( .BOTH. , #1321 ) ;
#2405 = CARTESIAN_POINT ( 'NONE',  ( 3.142954891671768003, 1.199999999999999956, -1.700000000000000622 ) ) ;
#2406 =( LENGTH_UNIT ( ) NAMED_UNIT ( * ) SI_UNIT ( .MILLI., .METRE. ) );
#2407 = AXIS2_PLACEMENT_3D ( 'NONE', #3569, #1313, #2444 ) ;
#2408 = CARTESIAN_POINT ( 'NONE',  ( 2.949999999999999734, 1.100000000000000089, -2.096568877480707194 ) ) ;
#2409 =( GEOMETRIC_REPRESENTATION_CONTEXT ( 3 ) GLOBAL_UNCERTAINTY_ASSIGNED_CONTEXT ( ( #693 ) ) GLOBAL_UNIT_ASSIGNED_CONTEXT ( ( #2696, #992, #1048 ) ) REPRESENTATION_CONTEXT ( 'NONE', 'WORKASPACE' ) );
#2410 = EDGE_CURVE ( 'NONE', #1806, #1422, #1003, .T. ) ;
#2411 = AXIS2_PLACEMENT_3D ( 'NONE', #1525, #2096, #522 ) ;
#2412 = LINE ( 'NONE', #3568, #210 ) ;
#2413 = AXIS2_PLACEMENT_3D ( 'NONE', #1664, #2271, #2551 ) ;
#2414 = DIRECTION ( 'NONE',  ( -1.807003620809174139E-16, 0.000000000000000000, 1.000000000000000000 ) ) ;
#2415 = VECTOR ( 'NONE', #2132, 1000.000000000000000 ) ;
#2416 = ORIENTED_EDGE ( 'NONE', *, *, #2575, .T. ) ;
#2417 = EDGE_CURVE ( 'NONE', #984, #2695, #1270, .T. ) ;
#2418 = VERTEX_POINT ( 'NONE', #3596 ) ;
#2419 = ORIENTED_EDGE ( 'NONE', *, *, #171, .T. ) ;
#2420 = PRESENTATION_STYLE_ASSIGNMENT (( #712 ) ) ;
#2421 =( LENGTH_UNIT ( ) NAMED_UNIT ( * ) SI_UNIT ( .MILLI., .METRE. ) );
#2422 = DIRECTION ( 'NONE',  ( 1.000000000000000000, 0.000000000000000000, 0.000000000000000000 ) ) ;
#2423 =( NAMED_UNIT ( * ) SI_UNIT ( $, .STERADIAN. ) SOLID_ANGLE_UNIT ( ) );
#2424 = PRODUCT_DEFINITION_CONTEXT ( 'detailed design', #3086, 'design' ) ;
#2425 = SURFACE_STYLE_FILL_AREA ( #456 ) ;
#2426 = SURFACE_STYLE_USAGE ( .BOTH. , #1061 ) ;
#2427 = UNCERTAINTY_MEASURE_WITH_UNIT (LENGTH_MEASURE( 1.000000000000000082E-05 ), #128, 'distance_accuracy_value', 'NONE');
#2428 = PRODUCT_CONTEXT ( 'NONE', #2581, 'mechanical' ) ;
#2429 = STYLED_ITEM ( 'NONE', ( #125 ), #598 ) ;
#2430 = ORIENTED_EDGE ( 'NONE', *, *, #3004, .T. ) ;
#2431 = DIRECTION ( 'NONE',  ( 0.000000000000000000, 0.000000000000000000, 1.000000000000000000 ) ) ;
#2432 = COLOUR_RGB ( '',0.9686274509803921573, 0.8784313725490195957, 0.5999999999999999778 ) ;
#2433 = EDGE_CURVE ( 'NONE', #615, #212, #1608, .T. ) ;
#2434 = ORIENTED_EDGE ( 'NONE', *, *, #2840, .T. ) ;
#2435 = CYLINDRICAL_SURFACE ( 'NONE', #1890, 0.6726666666666668570 ) ;
#2436 = CARTESIAN_POINT ( 'NONE',  ( 3.239999999999999769, -0.1000000000000000056, -1.300000000000000266 ) ) ;
#2437 = FILL_AREA_STYLE ('',( #3598 ) ) ;
#2438 =( GEOMETRIC_REPRESENTATION_CONTEXT ( 3 ) GLOBAL_UNCERTAINTY_ASSIGNED_CONTEXT ( ( #2756 ) ) GLOBAL_UNIT_ASSIGNED_CONTEXT ( ( #1721, #3093, #1099 ) ) REPRESENTATION_CONTEXT ( 'NONE', 'WORKASPACE' ) );
#2439 = EDGE_CURVE ( 'NONE', #44, #367, #2714, .T. ) ;
#2440 = ORIENTED_EDGE ( 'NONE', *, *, #3187, .F. ) ;
#2441 = CARTESIAN_POINT ( 'NONE',  ( 2.949999999999999734, 1.199999999999999956, 1.699999999999999734 ) ) ;
#2442 = CIRCLE ( 'NONE', #324, 0.6726666666666660799 ) ;
#2443 = SURFACE_STYLE_USAGE ( .BOTH. , #2396 ) ;
#2444 = DIRECTION ( 'NONE',  ( 1.000000000000000000, 0.000000000000000000, 0.000000000000000000 ) ) ;
#2445 = ORIENTED_EDGE ( 'NONE', *, *, #1632, .F. ) ;
#2446 = EDGE_CURVE ( 'NONE', #1000, #1966, #1038, .T. ) ;
#2447 = SURFACE_SIDE_STYLE ('',( #1016 ) ) ;
#2448 = CARTESIAN_POINT ( 'NONE',  ( -2.539999999999999591, 0.000000000000000000, 2.972666666666665236 ) ) ;
#2449 = VERTEX_POINT ( 'NONE', #1530 ) ;
#2450 = DIRECTION ( 'NONE',  ( 0.000000000000000000, 0.000000000000000000, -1.000000000000000000 ) ) ;
#2451 = DIRECTION ( 'NONE',  ( 0.000000000000000000, 0.000000000000000000, 1.000000000000000000 ) ) ;
#2452 = FILL_AREA_STYLE ('',( #263 ) ) ;
#2453 = FACE_BOUND ( 'NONE', #1267, .T. ) ;
#2454 = CARTESIAN_POINT ( 'NONE',  ( 3.018609095887934579, -0.1000000000000000056, 2.500000000000000000 ) ) ;
#2455 = ORIENTED_EDGE ( 'NONE', *, *, #2736, .T. ) ;
#2456 = SURFACE_STYLE_FILL_AREA ( #1630 ) ;
#2457 = EDGE_CURVE ( 'NONE', #1459, #212, #451, .T. ) ;
#2458 = EDGE_CURVE ( 'NONE', #643, #3548, #689, .T. ) ;
#2459 = EDGE_CURVE ( 'NONE', #3514, #1818, #2309, .T. ) ;
#2460 = CARTESIAN_POINT ( 'NONE',  ( -3.239999999999999769, -0.1000000000000000056, -1.300000000000000266 ) ) ;
#2461 =( NAMED_UNIT ( * ) PLANE_ANGLE_UNIT ( ) SI_UNIT ( $, .RADIAN. ) );
#2462 = VECTOR ( 'NONE', #295, 1000.000000000000000 ) ;
#2463 = AXIS2_PLACEMENT_3D ( 'NONE', #1118, #1426, #249 ) ;
#2464 = VECTOR ( 'NONE', #1542, 1000.000000000000000 ) ;
#2465 = AXIS2_PLACEMENT_3D ( 'NONE', #1999, #2019, #2543 ) ;
#2466 =( GEOMETRIC_REPRESENTATION_CONTEXT ( 3 ) GLOBAL_UNCERTAINTY_ASSIGNED_CONTEXT ( ( #470 ) ) GLOBAL_UNIT_ASSIGNED_CONTEXT ( ( #3220, #3578, #1809 ) ) REPRESENTATION_CONTEXT ( 'NONE', 'WORKASPACE' ) );
#2467 = CARTESIAN_POINT ( 'NONE',  ( 3.142954891671768003, 1.300000000000000044, 1.699999999999999734 ) ) ;
#2468 = DIRECTION ( 'NONE',  ( 1.000000000000000000, 0.000000000000000000, -1.734723475976807094E-15 ) ) ;
#2469 = PRESENTATION_LAYER_ASSIGNMENT (  '', '', ( #2960 ) ) ;
#2470 = AXIS2_PLACEMENT_3D ( 'NONE', #1723, #3444, #1450 ) ;
#2471 = ORIENTED_EDGE ( 'NONE', *, *, #3091, .F. ) ;
#2472 = PRESENTATION_STYLE_ASSIGNMENT (( #2785 ) ) ;
#2473 =( NAMED_UNIT ( * ) PLANE_ANGLE_UNIT ( ) SI_UNIT ( $, .RADIAN. ) );
#2474 = EDGE_LOOP ( 'NONE', ( #1527, #908, #2865, #1514, #2296, #685, #3538 ) ) ;
#2475 = CARTESIAN_POINT ( 'NONE',  ( 2.061390904112066380, -0.1000000000000000056, 2.500000000000000444 ) ) ;
#2476 = DIRECTION ( 'NONE',  ( -0.000000000000000000, -1.000000000000000000, 0.000000000000000000 ) ) ;
#2477 =( LENGTH_UNIT ( ) NAMED_UNIT ( * ) SI_UNIT ( .MILLI., .METRE. ) );
#2478 =( LENGTH_UNIT ( ) NAMED_UNIT ( * ) SI_UNIT ( .MILLI., .METRE. ) );
#2479 = PLANE ( 'NONE',  #788 ) ;
#2480 = MECHANICAL_DESIGN_GEOMETRIC_PRESENTATION_REPRESENTATION (  '', ( #3271 ), #3448 ) ;
#2481 = ADVANCED_FACE ( 'NONE', ( #730 ), #3540, .T. ) ;
#2482 =( GEOMETRIC_REPRESENTATION_CONTEXT ( 3 ) GLOBAL_UNCERTAINTY_ASSIGNED_CONTEXT ( ( #3292 ) ) GLOBAL_UNIT_ASSIGNED_CONTEXT ( ( #2361, #2070, #375 ) ) REPRESENTATION_CONTEXT ( 'NONE', 'WORKASPACE' ) );
#2483 = MECHANICAL_DESIGN_GEOMETRIC_PRESENTATION_REPRESENTATION (  '', ( #3213 ), #1737 ) ;
#2484 = VERTEX_POINT ( 'NONE', #3382 ) ;
#2485 = DIRECTION ( 'NONE',  ( -1.000000000000000000, 0.000000000000000000, 1.548860246407863829E-16 ) ) ;
#2486 = CARTESIAN_POINT ( 'NONE',  ( 4.510281037539708701E-15, 1.000000000000000000, 2.600000000000005862 ) ) ;
#2487 = STYLED_ITEM ( 'NONE', ( #313 ), #749 ) ;
#2488 = ORIENTED_EDGE ( 'NONE', *, *, #384, .F. ) ;
#2489 = EDGE_CURVE ( 'NONE', #2698, #158, #3619, .T. ) ;
#2490 = MECHANICAL_DESIGN_GEOMETRIC_PRESENTATION_REPRESENTATION (  '', ( #2783 ), #27 ) ;
#2491 = SURFACE_SIDE_STYLE ('',( #558 ) ) ;
#2492 = DIRECTION ( 'NONE',  ( -0.000000000000000000, -1.000000000000000000, -0.000000000000000000 ) ) ;
#2493 = SURFACE_STYLE_USAGE ( .BOTH. , #1994 ) ;
#2494 =( GEOMETRIC_REPRESENTATION_CONTEXT ( 3 ) GLOBAL_UNCERTAINTY_ASSIGNED_CONTEXT ( ( #2287 ) ) GLOBAL_UNIT_ASSIGNED_CONTEXT ( ( #3653, #585, #1101 ) ) REPRESENTATION_CONTEXT ( 'NONE', 'WORKASPACE' ) );
#2495 = ORIENTED_EDGE ( 'NONE', *, *, #1858, .T. ) ;
#2496 = AXIS2_PLACEMENT_3D ( 'NONE', #146, #3256, #1534 ) ;
#2497 = PRESENTATION_STYLE_ASSIGNMENT (( #837 ) ) ;
#2498 = DIRECTION ( 'NONE',  ( 1.000000000000000000, -0.000000000000000000, -0.000000000000000000 ) ) ;
#2499 = EDGE_CURVE ( 'NONE', #686, #3087, #2242, .T. ) ;
#2500 = UNCERTAINTY_MEASURE_WITH_UNIT (LENGTH_MEASURE( 1.000000000000000082E-05 ), #2972, 'distance_accuracy_value', 'NONE');
#2501 = AXIS2_PLACEMENT_3D ( 'NONE', #1324, #2952, #432 ) ;
#2502 =( NAMED_UNIT ( * ) SI_UNIT ( $, .STERADIAN. ) SOLID_ANGLE_UNIT ( ) );
#2503 = SURFACE_STYLE_USAGE ( .BOTH. , #803 ) ;
#2504 = SURFACE_SIDE_STYLE ('',( #1662 ) ) ;
#2505 = MECHANICAL_DESIGN_GEOMETRIC_PRESENTATION_REPRESENTATION (  '', ( #1216 ), #1875 ) ;
#2506 = FILL_AREA_STYLE_COLOUR ( '', #1365 ) ;
#2507 = ORIENTED_EDGE ( 'NONE', *, *, #3125, .F. ) ;
#2508 = DIRECTION ( 'NONE',  ( -0.000000000000000000, -1.000000000000000000, 0.000000000000000000 ) ) ;
#2509 =( NAMED_UNIT ( * ) PLANE_ANGLE_UNIT ( ) SI_UNIT ( $, .RADIAN. ) );
#2510 = EDGE_CURVE ( 'NONE', #454, #755, #2958, .T. ) ;
#2511 = ORIENTED_EDGE ( 'NONE', *, *, #1349, .T. ) ;
#2512 = EDGE_CURVE ( 'NONE', #176, #44, #2806, .T. ) ;
#2513 = DIRECTION ( 'NONE',  ( -1.000000000000000000, 0.000000000000000000, 0.000000000000000000 ) ) ;
#2514 = DIRECTION ( 'NONE',  ( 0.9993908270190957621, 0.03489949670250097613, 0.000000000000000000 ) ) ;
#2515 =( NAMED_UNIT ( * ) PLANE_ANGLE_UNIT ( ) SI_UNIT ( $, .RADIAN. ) );
#2516 = CARTESIAN_POINT ( 'NONE',  ( 2.061390904112066824, -0.1000000000000000056, 2.500000000000000000 ) ) ;
#2517 = EDGE_LOOP ( 'NONE', ( #2697, #1580, #1498, #926 ) ) ;
#2518 = SURFACE_SIDE_STYLE ('',( #1401 ) ) ;
#2519 = SURFACE_SIDE_STYLE ('',( #566 ) ) ;
#2520 = CARTESIAN_POINT ( 'NONE',  ( 2.949999999999999734, 1.203489949670248915, 1.699999999999999734 ) ) ;
#2521 = PRESENTATION_STYLE_ASSIGNMENT (( #1984 ) ) ;
#2522 = PRESENTATION_STYLE_ASSIGNMENT (( #3055 ) ) ;
#2523 = DIRECTION ( 'NONE',  ( 0.000000000000000000, 0.000000000000000000, -1.000000000000000000 ) ) ;
#2524 = EDGE_CURVE ( 'NONE', #2484, #2044, #1052, .T. ) ;
#2525 = STYLED_ITEM ( 'NONE', ( #2223 ), #2905 ) ;
#2526 = STYLED_ITEM ( 'NONE', ( #1750 ), #3231 ) ;
#2527 = EDGE_LOOP ( 'NONE', ( #2894, #3115, #1129, #3599 ) ) ;
#2528 = FILL_AREA_STYLE ('',( #3376 ) ) ;
#2529 = FILL_AREA_STYLE_COLOUR ( '', #213 ) ;
#2530 = PRESENTATION_LAYER_ASSIGNMENT (  '', '', ( #3428 ) ) ;
#2531 = VECTOR ( 'NONE', #3241, 1000.000000000000000 ) ;
#2532 = ORIENTED_EDGE ( 'NONE', *, *, #1103, .F. ) ;
#2533 = CIRCLE ( 'NONE', #1304, 0.09999999999999982514 ) ;
#2534 = EDGE_CURVE ( 'NONE', #1315, #2222, #1093, .T. ) ;
#2535 = CARTESIAN_POINT ( 'NONE',  ( 1.840000000000000080, -0.1000000000000000056, -1.300000000000000266 ) ) ;
#2536 = STYLED_ITEM ( 'NONE', ( #3481 ), #2943 ) ;
#2537 = MECHANICAL_DESIGN_GEOMETRIC_PRESENTATION_REPRESENTATION (  '', ( #3617 ), #2956 ) ;
#2538 = PRESENTATION_LAYER_ASSIGNMENT (  '', '', ( #127 ) ) ;
#2539 = ORIENTED_EDGE ( 'NONE', *, *, #417, .T. ) ;
#2540 = STYLED_ITEM ( 'NONE', ( #2497 ), #2879 ) ;
#2541 = PRESENTATION_STYLE_ASSIGNMENT (( #1673 ) ) ;
#2542 = DIRECTION ( 'NONE',  ( 0.000000000000000000, 0.000000000000000000, 1.000000000000000000 ) ) ;
#2543 = DIRECTION ( 'NONE',  ( 0.000000000000000000, -0.000000000000000000, -1.000000000000000000 ) ) ;
#2544 = UNCERTAINTY_MEASURE_WITH_UNIT (LENGTH_MEASURE( 1.000000000000000082E-05 ), #3511, 'distance_accuracy_value', 'NONE');
#2545 = PLANE ( 'NONE',  #3225 ) ;
#2546 = EDGE_CURVE ( 'NONE', #2912, #1756, #1974, .T. ) ;
#2547 = CARTESIAN_POINT ( 'NONE',  ( -2.949999999999999734, 1.300000000000000044, -1.700000000000000622 ) ) ;
#2548 = CYLINDRICAL_SURFACE ( 'NONE', #1272, 0.09999999999999982514 ) ;
#2549 = ORIENTED_EDGE ( 'NONE', *, *, #416, .T. ) ;
#2550 = CONICAL_SURFACE ( 'NONE', #1194, 0.3000000000000001554, 0.03490658503988659789 ) ;
#2551 = DIRECTION ( 'NONE',  ( -1.734723475976810053E-15, 0.000000000000000000, -1.000000000000000000 ) ) ;
#2552 = DIRECTION ( 'NONE',  ( 1.000000000000000000, 0.000000000000000000, 1.807003620809174139E-16 ) ) ;
#2553 =( GEOMETRIC_REPRESENTATION_CONTEXT ( 3 ) GLOBAL_UNCERTAINTY_ASSIGNED_CONTEXT ( ( #3224 ) ) GLOBAL_UNIT_ASSIGNED_CONTEXT ( ( #1504, #1778, #3523 ) ) REPRESENTATION_CONTEXT ( 'NONE', 'WORKASPACE' ) );
#2554 =( GEOMETRIC_REPRESENTATION_CONTEXT ( 3 ) GLOBAL_UNCERTAINTY_ASSIGNED_CONTEXT ( ( #2001 ) ) GLOBAL_UNIT_ASSIGNED_CONTEXT ( ( #3625, #1667, #1693 ) ) REPRESENTATION_CONTEXT ( 'NONE', 'WORKASPACE' ) );
#2555 = ORIENTED_EDGE ( 'NONE', *, *, #2134, .T. ) ;
#2556 = SURFACE_SIDE_STYLE ('',( #2825 ) ) ;
#2557 = FILL_AREA_STYLE_COLOUR ( '', #3160 ) ;
#2558 = DIRECTION ( 'NONE',  ( -0.000000000000000000, 1.000000000000000000, -0.000000000000000000 ) ) ;
#2559 = CARTESIAN_POINT ( 'NONE',  ( 1.839999999999999858, 0.000000000000000000, -2.500000000000000000 ) ) ;
#2560 = ORIENTED_EDGE ( 'NONE', *, *, #3109, .F. ) ;
#2561 = ORIENTED_EDGE ( 'NONE', *, *, #457, .F. ) ;
#2562 = CARTESIAN_POINT ( 'NONE',  ( 3.242893974373677324, 1.203489949670250025, 1.699999999999999734 ) ) ;
#2563 = FILL_AREA_STYLE_COLOUR ( '', #2072 ) ;
#2564 = DIRECTION ( 'NONE',  ( 0.000000000000000000, 1.000000000000000000, 0.000000000000000000 ) ) ;
#2565 = AXIS2_PLACEMENT_3D ( 'NONE', #657, #3465, #920 ) ;
#2566 = PRESENTATION_LAYER_ASSIGNMENT (  '', '', ( #91 ) ) ;
#2567 = DIRECTION ( 'NONE',  ( -1.000000000000000000, 0.000000000000000000, 0.000000000000000000 ) ) ;
#2568 = CARTESIAN_POINT ( 'NONE',  ( -2.540000000000000480, -0.1000000000000000056, -2.299999999999996714 ) ) ;
#2569 =( NAMED_UNIT ( * ) SI_UNIT ( $, .STERADIAN. ) SOLID_ANGLE_UNIT ( ) );
#2570 = AXIS2_PLACEMENT_3D ( 'NONE', #472, #2957, #1610 ) ;
#2571 = VERTEX_POINT ( 'NONE', #3084 ) ;
#2572 =( LENGTH_UNIT ( ) NAMED_UNIT ( * ) SI_UNIT ( .MILLI., .METRE. ) );
#2573 =( GEOMETRIC_REPRESENTATION_CONTEXT ( 3 ) GLOBAL_UNCERTAINTY_ASSIGNED_CONTEXT ( ( #1744 ) ) GLOBAL_UNIT_ASSIGNED_CONTEXT ( ( #2316, #3172, #2378 ) ) REPRESENTATION_CONTEXT ( 'NONE', 'WORKASPACE' ) );
#2574 = ORIENTED_EDGE ( 'NONE', *, *, #1660, .T. ) ;
#2575 = EDGE_CURVE ( 'NONE', #3120, #2942, #1342, .T. ) ;
#2576 =( GEOMETRIC_REPRESENTATION_CONTEXT ( 3 ) GLOBAL_UNCERTAINTY_ASSIGNED_CONTEXT ( ( #3446 ) ) GLOBAL_UNIT_ASSIGNED_CONTEXT ( ( #2157, #1872, #1888 ) ) REPRESENTATION_CONTEXT ( 'NONE', 'WORKASPACE' ) );
#2577 = DIRECTION ( 'NONE',  ( -0.000000000000000000, 1.000000000000000000, -0.000000000000000000 ) ) ;
#2578 = LINE ( 'NONE', #2381, #2189 ) ;
#2579 = VERTEX_POINT ( 'NONE', #3321 ) ;
#2580 = CARTESIAN_POINT ( 'NONE',  ( -1.840000000000000080, -0.1000000000000000056, -1.300000000000000266 ) ) ;
#2581 = APPLICATION_CONTEXT ( 'automotive_design' ) ;
#2582 = LINE ( 'NONE', #2329, #492 ) ;
#2583 = DIRECTION ( 'NONE',  ( 0.000000000000000000, 1.000000000000000000, -0.000000000000000000 ) ) ;
#2584 = ADVANCED_FACE ( 'NONE', ( #1073 ), #1609, .T. ) ;
#2585 = ADVANCED_FACE ( 'NONE', ( #515 ), #1462, .F. ) ;
#2586 = UNCERTAINTY_MEASURE_WITH_UNIT (LENGTH_MEASURE( 1.000000000000000082E-05 ), #383, 'distance_accuracy_value', 'NONE');
#2587 = ORIENTED_EDGE ( 'NONE', *, *, #2439, .F. ) ;
#2588 = LINE ( 'NONE', #2622, #1603 ) ;
#2589 = AXIS2_PLACEMENT_3D ( 'NONE', #1239, #2368, #2676 ) ;
#2590 = ORIENTED_EDGE ( 'NONE', *, *, #3136, .F. ) ;
#2591 = DIRECTION ( 'NONE',  ( 1.000000000000000000, 0.000000000000000000, 0.000000000000000000 ) ) ;
#2592 = FACE_OUTER_BOUND ( 'NONE', #3322, .T. ) ;
#2593 = PRESENTATION_LAYER_ASSIGNMENT (  '', '', ( #3489 ) ) ;
#2594 = MECHANICAL_DESIGN_GEOMETRIC_PRESENTATION_REPRESENTATION (  '', ( #2120 ), #2647 ) ;
#2595 = ORIENTED_EDGE ( 'NONE', *, *, #3411, .T. ) ;
#2596 = VECTOR ( 'NONE', #2485, 1000.000000000000000 ) ;
#2597 = FILL_AREA_STYLE ('',( #86 ) ) ;
#2598 = CARTESIAN_POINT ( 'NONE',  ( -2.061390904112062383, 0.000000000000000000, 2.500000000000000000 ) ) ;
#2599 = SURFACE_STYLE_USAGE ( .BOTH. , #1485 ) ;
#2600 = MECHANICAL_DESIGN_GEOMETRIC_PRESENTATION_REPRESENTATION (  '', ( #3076 ), #3198 ) ;
#2601 = COLOUR_RGB ( '',0.9686274509803921573, 0.8784313725490195957, 0.5999999999999999778 ) ;
#2602 = FACE_OUTER_BOUND ( 'NONE', #2318, .T. ) ;
#2603 = CARTESIAN_POINT ( 'NONE',  ( -2.949999999999999734, 1.100000000000000089, 2.096568877480707194 ) ) ;
#2604 = EDGE_CURVE ( 'NONE', #3339, #3526, #1729, .T. ) ;
#2605 = PLANE ( 'NONE',  #1715 ) ;
#2606 = ORIENTED_EDGE ( 'NONE', *, *, #1083, .T. ) ;
#2607 = CARTESIAN_POINT ( 'NONE',  ( -1.839999999999999858, -0.1000000000000000056, -2.500000000000000000 ) ) ;
#2608 = PRESENTATION_STYLE_ASSIGNMENT (( #1479 ) ) ;
#2609 =( GEOMETRIC_REPRESENTATION_CONTEXT ( 3 ) GLOBAL_UNCERTAINTY_ASSIGNED_CONTEXT ( ( #1332 ) ) GLOBAL_UNIT_ASSIGNED_CONTEXT ( ( #816, #1117, #1097 ) ) REPRESENTATION_CONTEXT ( 'NONE', 'WORKASPACE' ) );
#2610 = VERTEX_POINT ( 'NONE', #1171 ) ;
#2611 = AXIS2_PLACEMENT_3D ( 'NONE', #2772, #2513, #244 ) ;
#2612 =( LENGTH_UNIT ( ) NAMED_UNIT ( * ) SI_UNIT ( .MILLI., .METRE. ) );
#2613 = SURFACE_STYLE_FILL_AREA ( #930 ) ;
#2614 = UNCERTAINTY_MEASURE_WITH_UNIT (LENGTH_MEASURE( 1.000000000000000082E-05 ), #674, 'distance_accuracy_value', 'NONE');
#2615 = SURFACE_STYLE_FILL_AREA ( #1195 ) ;
#2616 = EDGE_CURVE ( 'NONE', #1422, #2164, #2849, .T. ) ;
#2617 = VECTOR ( 'NONE', #2666, 1000.000000000000000 ) ;
#2618 = PRESENTATION_LAYER_ASSIGNMENT (  '', '', ( #1861 ) ) ;
#2619 = UNCERTAINTY_MEASURE_WITH_UNIT (LENGTH_MEASURE( 1.000000000000000082E-05 ), #2174, 'distance_accuracy_value', 'NONE');
#2620 = PRESENTATION_LAYER_ASSIGNMENT (  '', '', ( #785 ) ) ;
#2621 = ORIENTED_EDGE ( 'NONE', *, *, #2011, .F. ) ;
#2622 = CARTESIAN_POINT ( 'NONE',  ( 3.239999999999999769, -0.1000000000000000056, 2.500000000000000000 ) ) ;
#2623 = STYLED_ITEM ( 'NONE', ( #3314 ), #1739 ) ;
#2624 = ORIENTED_EDGE ( 'NONE', *, *, #536, .T. ) ;
#2625 = CARTESIAN_POINT ( 'NONE',  ( 2.539999999999999591, -0.1000000000000000056, -2.300000000000002043 ) ) ;
#2626 = CIRCLE ( 'NONE', #1032, 0.6726666666666660799 ) ;
#2627 = EDGE_CURVE ( 'NONE', #1943, #633, #715, .T. ) ;
#2628 = EDGE_LOOP ( 'NONE', ( #2002, #1947, #2931, #870 ) ) ;
#2629 = EDGE_CURVE ( 'NONE', #2662, #2093, #398, .T. ) ;
#2630 =( LENGTH_UNIT ( ) NAMED_UNIT ( * ) SI_UNIT ( .MILLI., .METRE. ) );
#2631 = FACE_OUTER_BOUND ( 'NONE', #2388, .T. ) ;
#2632 = FACE_OUTER_BOUND ( 'NONE', #1978, .T. ) ;
#2633 = FACE_OUTER_BOUND ( 'NONE', #1786, .T. ) ;
#2634 = FACE_OUTER_BOUND ( 'NONE', #1056, .T. ) ;
#2635 = SURFACE_STYLE_FILL_AREA ( #331 ) ;
#2636 = EDGE_LOOP ( 'NONE', ( #1157, #23, #3659, #3065 ) ) ;
#2637 = LINE ( 'NONE', #2659, #757 ) ;
#2638 = MECHANICAL_DESIGN_GEOMETRIC_PRESENTATION_REPRESENTATION (  '', ( #1226 ), #2229 ) ;
#2639 = ORIENTED_EDGE ( 'NONE', *, *, #3398, .F. ) ;
#2640 = PRODUCT_DEFINITION_FORMATION_WITH_SPECIFIED_SOURCE ( 'ANY', '', #2936, .NOT_KNOWN. ) ;
#2641 = ORIENTED_EDGE ( 'NONE', *, *, #2200, .T. ) ;
#2642 = FILL_AREA_STYLE ('',( #2342 ) ) ;
#2643 = LINE ( 'NONE', #672, #2779 ) ;
#2644 = LINE ( 'NONE', #1246, #2186 ) ;
#2645 = FILL_AREA_STYLE ('',( #3166 ) ) ;
#2646 =( NAMED_UNIT ( * ) SI_UNIT ( $, .STERADIAN. ) SOLID_ANGLE_UNIT ( ) );
#2647 =( GEOMETRIC_REPRESENTATION_CONTEXT ( 3 ) GLOBAL_UNCERTAINTY_ASSIGNED_CONTEXT ( ( #2251 ) ) GLOBAL_UNIT_ASSIGNED_CONTEXT ( ( #2047, #619, #2874 ) ) REPRESENTATION_CONTEXT ( 'NONE', 'WORKASPACE' ) );
#2648 = UNCERTAINTY_MEASURE_WITH_UNIT (LENGTH_MEASURE( 1.000000000000000082E-05 ), #794, 'distance_accuracy_value', 'NONE');
#2649 = VECTOR ( 'NONE', #1967, 1000.000000000000000 ) ;
#2650 = COLOUR_RGB ( '',0.2470588235294117752, 0.000000000000000000, 0.2549019607843137081 ) ;
#2651 = CARTESIAN_POINT ( 'NONE',  ( 1.980000000000000870, 0.000000000000000000, 2.600000000000000533 ) ) ;
#2652 = VECTOR ( 'NONE', #2391, 1000.000000000000000 ) ;
#2653 = DIRECTION ( 'NONE',  ( 0.000000000000000000, 1.000000000000000000, -0.000000000000000000 ) ) ;
#2654 = CIRCLE ( 'NONE', #1125, 0.2500000000000004441 ) ;
#2655 = EDGE_CURVE ( 'NONE', #2222, #3082, #2578, .T. ) ;
#2656 = FACE_OUTER_BOUND ( 'NONE', #711, .T. ) ;
#2657 = DIRECTION ( 'NONE',  ( -0.000000000000000000, -1.000000000000000000, -0.000000000000000000 ) ) ;
#2658 = ORIENTED_EDGE ( 'NONE', *, *, #3530, .F. ) ;
#2659 = CARTESIAN_POINT ( 'NONE',  ( 1.839999999999999858, -0.1000000000000000056, 2.500000000000000000 ) ) ;
#2660 = FILL_AREA_STYLE ('',( #959 ) ) ;
#2661 = ORIENTED_EDGE ( 'NONE', *, *, #1935, .F. ) ;
#2662 = VERTEX_POINT ( 'NONE', #2366 ) ;
#2663 = SURFACE_STYLE_USAGE ( .BOTH. , #3498 ) ;
#2664 = CARTESIAN_POINT ( 'NONE',  ( 2.949999999999999734, 1.100000000000000089, 2.096568877480707194 ) ) ;
#2665 = DIRECTION ( 'NONE',  ( 0.000000000000000000, 0.000000000000000000, -1.000000000000000000 ) ) ;
#2666 = DIRECTION ( 'NONE',  ( -0.000000000000000000, 1.000000000000000000, -0.000000000000000000 ) ) ;
#2667 = MECHANICAL_DESIGN_GEOMETRIC_PRESENTATION_REPRESENTATION (  '', ( #1914 ), #3274 ) ;
#2668 = DIRECTION ( 'NONE',  ( 0.000000000000000000, 0.000000000000000000, 1.000000000000000000 ) ) ;
#2669 = FILL_AREA_STYLE ('',( #906 ) ) ;
#2670 = VECTOR ( 'NONE', #993, 1000.000000000000000 ) ;
#2671 =( GEOMETRIC_REPRESENTATION_CONTEXT ( 3 ) GLOBAL_UNCERTAINTY_ASSIGNED_CONTEXT ( ( #2500 ) ) GLOBAL_UNIT_ASSIGNED_CONTEXT ( ( #2972, #2172, #2423 ) ) REPRESENTATION_CONTEXT ( 'NONE', 'WORKASPACE' ) );
#2672 = CARTESIAN_POINT ( 'NONE',  ( -1.839999999999999858, -0.1000000000000000056, -2.500000000000000000 ) ) ;
#2673 = DIRECTION ( 'NONE',  ( 1.807003620809174139E-16, 0.000000000000000000, -1.000000000000000000 ) ) ;
#2674 = ORIENTED_EDGE ( 'NONE', *, *, #2348, .T. ) ;
#2675 = AXIS2_PLACEMENT_3D ( 'NONE', #3022, #190, #2140 ) ;
#2676 = DIRECTION ( 'NONE',  ( 0.000000000000000000, 0.000000000000000000, 1.000000000000000000 ) ) ;
#2677 = PRESENTATION_STYLE_ASSIGNMENT (( #1283 ) ) ;
#2678 = ORIENTED_EDGE ( 'NONE', *, *, #1312, .F. ) ;
#2679 = COLOUR_RGB ( '',0.9686274509803921573, 0.8784313725490195957, 0.5999999999999999778 ) ;
#2680 = ORIENTED_EDGE ( 'NONE', *, *, #996, .F. ) ;
#2681 = CARTESIAN_POINT ( 'NONE',  ( -1.708439786946855316E-15, 1.000000000000000000, 2.599999999999999645 ) ) ;
#2682 = DIRECTION ( 'NONE',  ( 1.000000000000000000, 0.000000000000000000, 3.469446951953607878E-15 ) ) ;
#2683 = SURFACE_SIDE_STYLE ('',( #1625 ) ) ;
#2684 = EDGE_CURVE ( 'NONE', #728, #2484, #601, .T. ) ;
#2685 = SURFACE_STYLE_USAGE ( .BOTH. , #414 ) ;
#2686 = UNCERTAINTY_MEASURE_WITH_UNIT (LENGTH_MEASURE( 1.000000000000000082E-05 ), #155, 'distance_accuracy_value', 'NONE');
#2687 = ORIENTED_EDGE ( 'NONE', *, *, #192, .F. ) ;
#2688 = CARTESIAN_POINT ( 'NONE',  ( -2.061390904112061939, -0.1000000000000000056, -2.500000000000000000 ) ) ;
#2689 =( LENGTH_UNIT ( ) NAMED_UNIT ( * ) SI_UNIT ( .MILLI., .METRE. ) );
#2690 = FILL_AREA_STYLE ('',( #1311 ) ) ;
#2691 = UNCERTAINTY_MEASURE_WITH_UNIT (LENGTH_MEASURE( 1.000000000000000082E-05 ), #2478, 'distance_accuracy_value', 'NONE');
#2692 = PRODUCT_DEFINITION ( 'UNKNOWN', '', #2640, #2424 ) ;
#2693 = DIRECTION ( 'NONE',  ( 0.000000000000000000, 0.000000000000000000, 1.000000000000000000 ) ) ;
#2694 = PRESENTATION_STYLE_ASSIGNMENT (( #754 ) ) ;
#2695 = VERTEX_POINT ( 'NONE', #3117 ) ;
#2696 =( LENGTH_UNIT ( ) NAMED_UNIT ( * ) SI_UNIT ( .MILLI., .METRE. ) );
#2697 = ORIENTED_EDGE ( 'NONE', *, *, #2534, .T. ) ;
#2698 = VERTEX_POINT ( 'NONE', #2109 ) ;
#2699 = CARTESIAN_POINT ( 'NONE',  ( -2.400000000000000355, 1.289999999999999813, 1.649999999999998579 ) ) ;
#2700 = FILL_AREA_STYLE_COLOUR ( '', #1545 ) ;
#2701 = SURFACE_STYLE_FILL_AREA ( #2437 ) ;
#2702 = COLOUR_RGB ( '',0.2470588235294117752, 0.000000000000000000, 0.2549019607843137081 ) ;
#2703 = ORIENTED_EDGE ( 'NONE', *, *, #3294, .F. ) ;
#2704 = CIRCLE ( 'NONE', #2949, 0.4566756596122039658 ) ;
#2705 = VECTOR ( 'NONE', #276, 1000.000000000000000 ) ;
#2706 = CARTESIAN_POINT ( 'NONE',  ( 1.980000000000000426, 1.000000000000000000, -2.600000000000001421 ) ) ;
#2707 = VECTOR ( 'NONE', #2492, 1000.000000000000000 ) ;
#2708 = ORIENTED_EDGE ( 'NONE', *, *, #1637, .F. ) ;
#2709 = VECTOR ( 'NONE', #575, 1000.000000000000000 ) ;
#2710 =( NAMED_UNIT ( * ) SI_UNIT ( $, .STERADIAN. ) SOLID_ANGLE_UNIT ( ) );
#2711 = DIRECTION ( 'NONE',  ( -0.000000000000000000, -1.000000000000000000, 0.000000000000000000 ) ) ;
#2712 = ORIENTED_EDGE ( 'NONE', *, *, #233, .T. ) ;
#2713 = DIRECTION ( 'NONE',  ( 0.000000000000000000, 1.000000000000000000, -0.000000000000000000 ) ) ;
#2714 = LINE ( 'NONE', #2436, #2415 ) ;
#2715 =( NAMED_UNIT ( * ) SI_UNIT ( $, .STERADIAN. ) SOLID_ANGLE_UNIT ( ) );
#2716 =( NAMED_UNIT ( * ) PLANE_ANGLE_UNIT ( ) SI_UNIT ( $, .RADIAN. ) );
#2717 = DIRECTION ( 'NONE',  ( 0.000000000000000000, 0.000000000000000000, -1.000000000000000000 ) ) ;
#2718 =( GEOMETRIC_REPRESENTATION_CONTEXT ( 3 ) GLOBAL_UNCERTAINTY_ASSIGNED_CONTEXT ( ( #2291 ) ) GLOBAL_UNIT_ASSIGNED_CONTEXT ( ( #3239, #1574, #3275 ) ) REPRESENTATION_CONTEXT ( 'NONE', 'WORKASPACE' ) );
#2719 = SURFACE_STYLE_USAGE ( .BOTH. , #1557 ) ;
#2720 = UNCERTAINTY_MEASURE_WITH_UNIT (LENGTH_MEASURE( 1.000000000000000082E-05 ), #1493, 'distance_accuracy_value', 'NONE');
#2721 = PRESENTATION_LAYER_ASSIGNMENT (  '', '', ( #1074 ) ) ;
#2722 = AXIS2_PLACEMENT_3D ( 'NONE', #411, #140, #1269 ) ;
#2723 = EDGE_CURVE ( 'NONE', #3129, #102, #850, .T. ) ;
#2724 = CARTESIAN_POINT ( 'NONE',  ( -3.239999999999999769, -0.1000000000000000056, -1.300000000000000266 ) ) ;
#2725 = FILL_AREA_STYLE_COLOUR ( '', #786 ) ;
#2726 = VECTOR ( 'NONE', #866, 1000.000000000000000 ) ;
#2727 = ORIENTED_EDGE ( 'NONE', *, *, #3293, .T. ) ;
#2728 = FILL_AREA_STYLE_COLOUR ( '', #3547 ) ;
#2729 = VECTOR ( 'NONE', #1713, 1000.000000000000000 ) ;
#2730 = MECHANICAL_DESIGN_GEOMETRIC_PRESENTATION_REPRESENTATION (  '', ( #1202 ), #554 ) ;
#2731 = ORIENTED_EDGE ( 'NONE', *, *, #2840, .F. ) ;
#2732 = EDGE_CURVE ( 'NONE', #2964, #3374, #3434, .T. ) ;
#2733 = FILL_AREA_STYLE ('',( #1623 ) ) ;
#2734 = CARTESIAN_POINT ( 'NONE',  ( -1.839999999999999858, 0.000000000000000000, -2.500000000000000000 ) ) ;
#2735 = DIRECTION ( 'NONE',  ( -0.000000000000000000, 0.000000000000000000, 1.000000000000000000 ) ) ;
#2736 = EDGE_CURVE ( 'NONE', #3339, #2912, #593, .T. ) ;
#2737 = CIRCLE ( 'NONE', #1634, 0.2966297947787975287 ) ;
#2738 = ORIENTED_EDGE ( 'NONE', *, *, #2077, .T. ) ;
#2739 = SURFACE_STYLE_FILL_AREA ( #1631 ) ;
#2740 = COLOUR_RGB ( '',0.9686274509803921573, 0.8784313725490195957, 0.5999999999999999778 ) ;
#2741 =( GEOMETRIC_REPRESENTATION_CONTEXT ( 3 ) GLOBAL_UNCERTAINTY_ASSIGNED_CONTEXT ( ( #360 ) ) GLOBAL_UNIT_ASSIGNED_CONTEXT ( ( #3310, #2118, #1159 ) ) REPRESENTATION_CONTEXT ( 'NONE', 'WORKASPACE' ) );
#2742 =( LENGTH_UNIT ( ) NAMED_UNIT ( * ) SI_UNIT ( .MILLI., .METRE. ) );
#2743 = SURFACE_STYLE_FILL_AREA ( #3621 ) ;
#2744 = SURFACE_STYLE_FILL_AREA ( #2528 ) ;
#2745 =( LENGTH_UNIT ( ) NAMED_UNIT ( * ) SI_UNIT ( .MILLI., .METRE. ) );
#2746 = ORIENTED_EDGE ( 'NONE', *, *, #2512, .F. ) ;
#2747 = DIRECTION ( 'NONE',  ( 0.000000000000000000, -0.000000000000000000, -1.000000000000000000 ) ) ;
#2748 = FILL_AREA_STYLE_COLOUR ( '', #3451 ) ;
#2749 = DIRECTION ( 'NONE',  ( 0.000000000000000000, 1.000000000000000000, -0.000000000000000000 ) ) ;
#2750 = FILL_AREA_STYLE_COLOUR ( '', #1508 ) ;
#2751 = ORIENTED_EDGE ( 'NONE', *, *, #1276, .F. ) ;
#2752 = ORIENTED_EDGE ( 'NONE', *, *, #2534, .F. ) ;
#2753 = DIRECTION ( 'NONE',  ( 0.000000000000000000, 0.000000000000000000, -1.000000000000000000 ) ) ;
#2754 = CARTESIAN_POINT ( 'NONE',  ( 3.099999999999999201, 1.000000000000000000, -2.600000000000001421 ) ) ;
#2755 = SURFACE_STYLE_USAGE ( .BOTH. , #2176 ) ;
#2756 = UNCERTAINTY_MEASURE_WITH_UNIT (LENGTH_MEASURE( 1.000000000000000082E-05 ), #1721, 'distance_accuracy_value', 'NONE');
#2757 = DIRECTION ( 'NONE',  ( -1.000000000000000000, 0.000000000000000000, 0.000000000000000000 ) ) ;
#2758 = DIRECTION ( 'NONE',  ( -0.000000000000000000, 1.000000000000000000, -0.000000000000000000 ) ) ;
#2759 = SURFACE_STYLE_USAGE ( .BOTH. , #1314 ) ;
#2760 = AXIS2_PLACEMENT_3D ( 'NONE', #1109, #849, #261 ) ;
#2761 = EDGE_CURVE ( 'NONE', #2579, #2093, #2654, .T. ) ;
#2762 = AXIS2_PLACEMENT_3D ( 'NONE', #2520, #3390, #1137 ) ;
#2763 = VECTOR ( 'NONE', #1085, 1000.000000000000000 ) ;
#2764 = CIRCLE ( 'NONE', #2121, 0.4566756596122039658 ) ;
#2765 = VERTEX_POINT ( 'NONE', #2029 ) ;
#2766 = VECTOR ( 'NONE', #1111, 1000.000000000000000 ) ;
#2767 = LINE ( 'NONE', #2467, #2649 ) ;
#2768 =( NAMED_UNIT ( * ) SI_UNIT ( $, .STERADIAN. ) SOLID_ANGLE_UNIT ( ) );
#2769 = AXIS2_PLACEMENT_3D ( 'NONE', #618, #3142, #3435 ) ;
#2770 = MECHANICAL_DESIGN_GEOMETRIC_PRESENTATION_REPRESENTATION (  '', ( #127 ), #1724 ) ;
#2771 = ORIENTED_EDGE ( 'NONE', *, *, #1795, .T. ) ;
#2772 = CARTESIAN_POINT ( 'NONE',  ( -3.600000000000000089, 1.000000000000000000, 0.000000000000000000 ) ) ;
#2773 = CARTESIAN_POINT ( 'NONE',  ( -3.772743730481634028, 1.000000000000000000, -2.772743730481633140 ) ) ;
#2774 = FILL_AREA_STYLE_COLOUR ( '', #2601 ) ;
#2775 = ORIENTED_EDGE ( 'NONE', *, *, #652, .T. ) ;
#2776 = DIRECTION ( 'NONE',  ( -0.000000000000000000, -1.000000000000000000, -0.000000000000000000 ) ) ;
#2777 =( NAMED_UNIT ( * ) PLANE_ANGLE_UNIT ( ) SI_UNIT ( $, .RADIAN. ) );
#2778 = COLOUR_RGB ( '',0.9686274509803921573, 0.8784313725490195957, 0.5999999999999999778 ) ;
#2779 = VECTOR ( 'NONE', #3203, 1000.000000000000000 ) ;
#2780 = ORIENTED_EDGE ( 'NONE', *, *, #1902, .T. ) ;
#2781 = CARTESIAN_POINT ( 'NONE',  ( -2.949999999999999734, 1.000000000000000000, -2.096568877480707194 ) ) ;
#2782 = ORIENTED_EDGE ( 'NONE', *, *, #3638, .T. ) ;
#2783 = STYLED_ITEM ( 'NONE', ( #3401 ), #1913 ) ;
#2784 = LINE ( 'NONE', #1376, #2462 ) ;
#2785 = SURFACE_STYLE_USAGE ( .BOTH. , #514 ) ;
#2786 = DIRECTION ( 'NONE',  ( -0.000000000000000000, -1.000000000000000000, 0.000000000000000000 ) ) ;
#2787 =( NAMED_UNIT ( * ) SI_UNIT ( $, .STERADIAN. ) SOLID_ANGLE_UNIT ( ) );
#2788 = DIRECTION ( 'NONE',  ( -0.000000000000000000, -1.000000000000000000, -0.000000000000000000 ) ) ;
#2789 = COLOUR_RGB ( '',0.9686274509803921573, 0.8784313725490195957, 0.5999999999999999778 ) ;
#2790 = ORIENTED_EDGE ( 'NONE', *, *, #12, .F. ) ;
#2791 = ADVANCED_FACE ( 'NONE', ( #1752 ), #1242, .F. ) ;
#2792 = LINE ( 'NONE', #2247, #1969 ) ;
#2793 = CARTESIAN_POINT ( 'NONE',  ( -1.840000000000000080, 0.000000000000000000, -1.300000000000000266 ) ) ;
#2794 =( GEOMETRIC_REPRESENTATION_CONTEXT ( 3 ) GLOBAL_UNCERTAINTY_ASSIGNED_CONTEXT ( ( #589 ) ) GLOBAL_UNIT_ASSIGNED_CONTEXT ( ( #2742, #1278, #1891 ) ) REPRESENTATION_CONTEXT ( 'NONE', 'WORKASPACE' ) );
#2795 = UNCERTAINTY_MEASURE_WITH_UNIT (LENGTH_MEASURE( 1.000000000000000082E-05 ), #246, 'distance_accuracy_value', 'NONE');
#2796 = SURFACE_SIDE_STYLE ('',( #3127 ) ) ;
#2797 = CARTESIAN_POINT ( 'NONE',  ( -3.239999999999997105, -0.1000000000000000056, 2.500000000000000888 ) ) ;
#2798 = DIRECTION ( 'NONE',  ( 0.000000000000000000, 0.000000000000000000, -1.000000000000000000 ) ) ;
#2799 = AXIS2_PLACEMENT_3D ( 'NONE', #2448, #3041, #2217 ) ;
#2800 = SURFACE_STYLE_FILL_AREA ( #3372 ) ;
#2801 = ORIENTED_EDGE ( 'NONE', *, *, #858, .F. ) ;
#2802 = DIRECTION ( 'NONE',  ( -0.000000000000000000, 1.000000000000000000, -0.000000000000000000 ) ) ;
#2803 = FILL_AREA_STYLE ('',( #3099 ) ) ;
#2804 = ORIENTED_EDGE ( 'NONE', *, *, #2459, .T. ) ;
#2805 = LINE ( 'NONE', #1377, #778 ) ;
#2806 = LINE ( 'NONE', #3359, #708 ) ;
#2807 = SURFACE_STYLE_FILL_AREA ( #1075 ) ;
#2808 = CARTESIAN_POINT ( 'NONE',  ( -3.100000000000000533, 1.000000000000000000, 2.599999999999998312 ) ) ;
#2809 = ORIENTED_EDGE ( 'NONE', *, *, #3658, .T. ) ;
#2810 = FILL_AREA_STYLE ('',( #1096 ) ) ;
#2811 = CARTESIAN_POINT ( 'NONE',  ( -2.949999999999999734, 1.203489949670248915, -1.700000000000000622 ) ) ;
#2812 =( NAMED_UNIT ( * ) PLANE_ANGLE_UNIT ( ) SI_UNIT ( $, .RADIAN. ) );
#2813 = SURFACE_STYLE_USAGE ( .BOTH. , #1926 ) ;
#2814 = CIRCLE ( 'NONE', #1413, 0.2928939743736774792 ) ;
#2815 = ORIENTED_EDGE ( 'NONE', *, *, #3238, .T. ) ;
#2816 = LINE ( 'NONE', #2254, #2596 ) ;
#2817 = DIRECTION ( 'NONE',  ( 0.000000000000000000, 0.000000000000000000, 1.000000000000000000 ) ) ;
#2818 = ADVANCED_FACE ( 'NONE', ( #2946 ), #406, .F. ) ;
#2819 = STYLED_ITEM ( 'NONE', ( #637 ), #2066 ) ;
#2820 = VECTOR ( 'NONE', #2866, 1000.000000000000000 ) ;
#2821 = STYLED_ITEM ( 'NONE', ( #89 ), #1262 ) ;
#2822 = ADVANCED_FACE ( 'NONE', ( #240 ), #3501, .F. ) ;
#2823 = ORIENTED_EDGE ( 'NONE', *, *, #384, .T. ) ;
#2824 = VECTOR ( 'NONE', #50, 1000.000000000000000 ) ;
#2825 = SURFACE_STYLE_FILL_AREA ( #2733 ) ;
#2826 = CARTESIAN_POINT ( 'NONE',  ( 2.539999999999999591, -0.1000000000000000056, -2.972666666666667901 ) ) ;
#2827 =( NAMED_UNIT ( * ) SI_UNIT ( $, .STERADIAN. ) SOLID_ANGLE_UNIT ( ) );
#2828 = VECTOR ( 'NONE', #1398, 1000.000000000000000 ) ;
#2829 = PRESENTATION_STYLE_ASSIGNMENT (( #2493 ) ) ;
#2830 = PLANE ( 'NONE',  #759 ) ;
#2831 = COLOUR_RGB ( '',0.2470588235294117752, 0.000000000000000000, 0.2549019607843137081 ) ;
#2832 = ORIENTED_EDGE ( 'NONE', *, *, #1911, .F. ) ;
#2833 = ORIENTED_EDGE ( 'NONE', *, *, #861, .F. ) ;
#2834 = DIRECTION ( 'NONE',  ( 1.000000000000000000, 0.000000000000000000, 5.204170427930429961E-15 ) ) ;
#2835 = CARTESIAN_POINT ( 'NONE',  ( -3.100000000000000533, 0.000000000000000000, 2.599999999999998312 ) ) ;
#2836 = FACE_OUTER_BOUND ( 'NONE', #2474, .T. ) ;
#2837 = FILL_AREA_STYLE_COLOUR ( '', #3103 ) ;
#2838 =( NAMED_UNIT ( * ) PLANE_ANGLE_UNIT ( ) SI_UNIT ( $, .RADIAN. ) );
#2839 = UNCERTAINTY_MEASURE_WITH_UNIT (LENGTH_MEASURE( 1.000000000000000082E-05 ), #1348, 'distance_accuracy_value', 'NONE');
#2840 = EDGE_CURVE ( 'NONE', #643, #84, #3126, .T. ) ;
#2841 = VERTEX_POINT ( 'NONE', #3168 ) ;
#2842 = VECTOR ( 'NONE', #2209, 1000.000000000000000 ) ;
#2843 =( NAMED_UNIT ( * ) PLANE_ANGLE_UNIT ( ) SI_UNIT ( $, .RADIAN. ) );
#2844 = DIRECTION ( 'NONE',  ( 1.807003620809174139E-16, 0.000000000000000000, -1.000000000000000000 ) ) ;
#2845 = STYLED_ITEM ( 'NONE', ( #3660 ), #736 ) ;
#2846 = ORIENTED_EDGE ( 'NONE', *, *, #363, .T. ) ;
#2847 =( NAMED_UNIT ( * ) PLANE_ANGLE_UNIT ( ) SI_UNIT ( $, .RADIAN. ) );
#2848 = SURFACE_STYLE_FILL_AREA ( #2909 ) ;
#2849 = LINE ( 'NONE', #3416, #352 ) ;
#2850 = CARTESIAN_POINT ( 'NONE',  ( 3.349999999999997424, 1.000000000000000000, -2.600000000000000533 ) ) ;
#2851 = FACE_OUTER_BOUND ( 'NONE', #1733, .T. ) ;
#2852 = PRESENTATION_LAYER_ASSIGNMENT (  '', '', ( #428 ) ) ;
#2853 = EDGE_CURVE ( 'NONE', #3284, #3352, #2126, .T. ) ;
#2854 = STYLED_ITEM ( 'NONE', ( #931 ), #1873 ) ;
#2855 = ORIENTED_EDGE ( 'NONE', *, *, #2856, .F. ) ;
#2856 = EDGE_CURVE ( 'NONE', #177, #1237, #3072, .T. ) ;
#2857 =( LENGTH_UNIT ( ) NAMED_UNIT ( * ) SI_UNIT ( .MILLI., .METRE. ) );
#2858 = DIRECTION ( 'NONE',  ( 0.000000000000000000, 0.000000000000000000, -1.000000000000000000 ) ) ;
#2859 = CARTESIAN_POINT ( 'NONE',  ( 9.020562075079423712E-15, 1.000000000000000000, -2.600000000000012523 ) ) ;
#2860 = CARTESIAN_POINT ( 'NONE',  ( -3.239999999999997105, -0.1000000000000000056, 2.500000000000000888 ) ) ;
#2861 = PRESENTATION_LAYER_ASSIGNMENT (  '', '', ( #3105 ) ) ;
#2862 = DIRECTION ( 'NONE',  ( -0.000000000000000000, 1.000000000000000000, -0.000000000000000000 ) ) ;
#2863 = DIRECTION ( 'NONE',  ( -0.000000000000000000, 1.000000000000000000, -0.000000000000000000 ) ) ;
#2864 =( GEOMETRIC_REPRESENTATION_CONTEXT ( 3 ) GLOBAL_UNCERTAINTY_ASSIGNED_CONTEXT ( ( #2720 ) ) GLOBAL_UNIT_ASSIGNED_CONTEXT ( ( #1493, #2107, #2333 ) ) REPRESENTATION_CONTEXT ( 'NONE', 'WORKASPACE' ) );
#2865 = ORIENTED_EDGE ( 'NONE', *, *, #2246, .T. ) ;
#2866 = DIRECTION ( 'NONE',  ( -0.000000000000000000, 1.000000000000000000, -0.000000000000000000 ) ) ;
#2867 = CARTESIAN_POINT ( 'NONE',  ( 2.061390904112067268, -0.1000000000000000056, -2.500000000000000000 ) ) ;
#2868 = AXIS2_PLACEMENT_3D ( 'NONE', #3131, #2552, #2844 ) ;
#2869 = EDGE_LOOP ( 'NONE', ( #1921, #1475, #1970, #518 ) ) ;
#2870 = PRESENTATION_LAYER_ASSIGNMENT (  '', '', ( #3412 ) ) ;
#2871 = DIRECTION ( 'NONE',  ( -0.000000000000000000, -1.000000000000000000, 0.000000000000000000 ) ) ;
#2872 = PRESENTATION_STYLE_ASSIGNMENT (( #2298 ) ) ;
#2873 = FILL_AREA_STYLE_COLOUR ( '', #188 ) ;
#2874 =( NAMED_UNIT ( * ) SI_UNIT ( $, .STERADIAN. ) SOLID_ANGLE_UNIT ( ) );
#2875 = ORIENTED_EDGE ( 'NONE', *, *, #16, .T. ) ;
#2876 = SURFACE_SIDE_STYLE ('',( #356 ) ) ;
#2877 = DIRECTION ( 'NONE',  ( -0.000000000000000000, 0.000000000000000000, -1.000000000000000000 ) ) ;
#2878 = UNCERTAINTY_MEASURE_WITH_UNIT (LENGTH_MEASURE( 1.000000000000000082E-05 ), #1389, 'distance_accuracy_value', 'NONE');
#2879 = ADVANCED_FACE ( 'NONE', ( #784 ), #3122, .F. ) ;
#2880 = FILL_AREA_STYLE_COLOUR ( '', #2432 ) ;
#2881 = UNCERTAINTY_MEASURE_WITH_UNIT (LENGTH_MEASURE( 1.000000000000000082E-05 ), #1080, 'distance_accuracy_value', 'NONE');
#2882 = ORIENTED_EDGE ( 'NONE', *, *, #2458, .F. ) ;
#2883 =( NAMED_UNIT ( * ) SI_UNIT ( $, .STERADIAN. ) SOLID_ANGLE_UNIT ( ) );
#2884 = EDGE_CURVE ( 'NONE', #1754, #2765, #3088, .T. ) ;
#2885 = EDGE_LOOP ( 'NONE', ( #2624, #3355, #2661, #2549 ) ) ;
#2886 = FACE_OUTER_BOUND ( 'NONE', #2517, .T. ) ;
#2887 = LINE ( 'NONE', #349, #1621 ) ;
#2888 = LINE ( 'NONE', #1496, #1983 ) ;
#2889 = CARTESIAN_POINT ( 'NONE',  ( -3.239999999999997105, -0.1000000000000000056, 2.500000000000000888 ) ) ;
#2890 = PRESENTATION_LAYER_ASSIGNMENT (  '', '', ( #3551 ) ) ;
#2891 = EDGE_CURVE ( 'NONE', #3087, #2389, #1960, .T. ) ;
#2892 = PRESENTATION_LAYER_ASSIGNMENT (  '', '', ( #2819 ) ) ;
#2893 = DIRECTION ( 'NONE',  ( -1.548860246407864076E-16, 0.000000000000000000, -1.000000000000000000 ) ) ;
#2894 = ORIENTED_EDGE ( 'NONE', *, *, #1023, .T. ) ;
#2895 = VECTOR ( 'NONE', #3335, 1000.000000000000000 ) ;
#2896 = SURFACE_STYLE_USAGE ( .BOTH. , #671 ) ;
#2897 =( NAMED_UNIT ( * ) PLANE_ANGLE_UNIT ( ) SI_UNIT ( $, .RADIAN. ) );
#2898 = AXIS2_PLACEMENT_3D ( 'NONE', #3248, #1552, #3270 ) ;
#2899 =( NAMED_UNIT ( * ) PLANE_ANGLE_UNIT ( ) SI_UNIT ( $, .RADIAN. ) );
#2900 = DIRECTION ( 'NONE',  ( 0.000000000000000000, 0.000000000000000000, 1.000000000000000000 ) ) ;
#2901 = CYLINDRICAL_SURFACE ( 'NONE', #3327, 0.09999999999999982514 ) ;
#2902 = EDGE_CURVE ( 'NONE', #3363, #1455, #3651, .T. ) ;
#2903 = FILL_AREA_STYLE ('',( #132 ) ) ;
#2904 = LINE ( 'NONE', #2025, #2820 ) ;
#2905 = ADVANCED_FACE ( 'NONE', ( #604 ), #897, .F. ) ;
#2906 = EDGE_CURVE ( 'NONE', #1756, #2841, #113, .T. ) ;
#2907 = VERTEX_POINT ( 'NONE', #3420 ) ;
#2908 = SURFACE_STYLE_FILL_AREA ( #2028 ) ;
#2909 = FILL_AREA_STYLE ('',( #2557 ) ) ;
#2910 = PRESENTATION_STYLE_ASSIGNMENT (( #1497 ) ) ;
#2911 = AXIS2_PLACEMENT_3D ( 'NONE', #872, #1499, #3219 ) ;
#2912 = VERTEX_POINT ( 'NONE', #2015 ) ;
#2913 = EDGE_LOOP ( 'NONE', ( #1916, #1320, #775, #1400 ) ) ;
#2914 = AXIS2_PLACEMENT_3D ( 'NONE', #486, #3552, #1287 ) ;
#2915 = LINE ( 'NONE', #2598, #1977 ) ;
#2916 =( LENGTH_UNIT ( ) NAMED_UNIT ( * ) SI_UNIT ( .MILLI., .METRE. ) );
#2917 =( LENGTH_UNIT ( ) NAMED_UNIT ( * ) SI_UNIT ( .MILLI., .METRE. ) );
#2918 = UNCERTAINTY_MEASURE_WITH_UNIT (LENGTH_MEASURE( 1.000000000000000082E-05 ), #1489, 'distance_accuracy_value', 'NONE');
#2919 = MECHANICAL_DESIGN_GEOMETRIC_PRESENTATION_REPRESENTATION (  '', ( #2212 ), #442 ) ;
#2920 = VECTOR ( 'NONE', #220, 1000.000000000000000 ) ;
#2921 = DIRECTION ( 'NONE',  ( -1.000000000000000000, 0.000000000000000000, 3.469446951953617344E-15 ) ) ;
#2922 = VECTOR ( 'NONE', #1614, 1000.000000000000227 ) ;
#2923 = AXIS2_PLACEMENT_3D ( 'NONE', #3620, #150, #2161 ) ;
#2924 = ORIENTED_EDGE ( 'NONE', *, *, #3566, .T. ) ;
#2925 = DIRECTION ( 'NONE',  ( 0.000000000000000000, 0.000000000000000000, -1.000000000000000000 ) ) ;
#2926 = DIRECTION ( 'NONE',  ( -0.000000000000000000, 1.000000000000000000, -0.000000000000000000 ) ) ;
#2927 = VECTOR ( 'NONE', #1968, 1000.000000000000000 ) ;
#2928 =( LENGTH_UNIT ( ) NAMED_UNIT ( * ) SI_UNIT ( .MILLI., .METRE. ) );
#2929 = ORIENTED_EDGE ( 'NONE', *, *, #2524, .F. ) ;
#2930 = COLOUR_RGB ( '',0.9686274509803921573, 0.8784313725490195957, 0.5999999999999999778 ) ;
#2931 = ORIENTED_EDGE ( 'NONE', *, *, #3187, .T. ) ;
#2932 = DIRECTION ( 'NONE',  ( 0.000000000000000000, 0.000000000000000000, -1.000000000000000000 ) ) ;
#2933 = CARTESIAN_POINT ( 'NONE',  ( -3.100000000000000977, 1.000000000000000000, -2.599999999999997424 ) ) ;
#2934 = FACE_OUTER_BOUND ( 'NONE', #138, .T. ) ;
#2935 = EDGE_CURVE ( 'NONE', #3129, #2222, #1736, .T. ) ;
#2936 = PRODUCT ( 'LFSPXO018038', 'LFSPXO018038', '', ( #2428 ) ) ;
#2937 = FILL_AREA_STYLE ('',( #1812 ) ) ;
#2938 = LINE ( 'NONE', #1435, #740 ) ;
#2939 = SURFACE_SIDE_STYLE ('',( #362 ) ) ;
#2940 = CARTESIAN_POINT ( 'NONE',  ( -3.239999999999999769, 0.000000000000000000, -2.500000000000000000 ) ) ;
#2941 = DIRECTION ( 'NONE',  ( 0.000000000000000000, 1.000000000000000000, 0.000000000000000000 ) ) ;
#2942 = VERTEX_POINT ( 'NONE', #1466 ) ;
#2943 = ADVANCED_FACE ( 'NONE', ( #49 ), #1175, .F. ) ;
#2944 = DIRECTION ( 'NONE',  ( 0.000000000000000000, 0.000000000000000000, 1.000000000000000000 ) ) ;
#2945 =( LENGTH_UNIT ( ) NAMED_UNIT ( * ) SI_UNIT ( .MILLI., .METRE. ) );
#2946 = FACE_OUTER_BOUND ( 'NONE', #847, .T. ) ;
#2947 = EDGE_LOOP ( 'NONE', ( #2680, #1796, #401, #943 ) ) ;
#2948 = VERTEX_POINT ( 'NONE', #1551 ) ;
#2949 = AXIS2_PLACEMENT_3D ( 'NONE', #865, #1461, #831 ) ;
#2950 = CARTESIAN_POINT ( 'NONE',  ( -3.018609095887938132, -0.1000000000000000056, 2.500000000000000888 ) ) ;
#2951 = PRESENTATION_STYLE_ASSIGNMENT (( #763 ) ) ;
#2952 = DIRECTION ( 'NONE',  ( 0.000000000000000000, -1.000000000000000000, 0.000000000000000000 ) ) ;
#2953 = CIRCLE ( 'NONE', #3371, 0.2500000000000004441 ) ;
#2954 = UNCERTAINTY_MEASURE_WITH_UNIT (LENGTH_MEASURE( 1.000000000000000082E-05 ), #2090, 'distance_accuracy_value', 'NONE');
#2955 = PRESENTATION_LAYER_ASSIGNMENT (  '', '', ( #3134 ) ) ;
#2956 =( GEOMETRIC_REPRESENTATION_CONTEXT ( 3 ) GLOBAL_UNCERTAINTY_ASSIGNED_CONTEXT ( ( #109 ) ) GLOBAL_UNIT_ASSIGNED_CONTEXT ( ( #2916, #690, #3464 ) ) REPRESENTATION_CONTEXT ( 'NONE', 'WORKASPACE' ) );
#2957 = DIRECTION ( 'NONE',  ( 6.570922257487907035E-16, 0.000000000000000000, -1.000000000000000000 ) ) ;
#2958 = CIRCLE ( 'NONE', #63, 0.6726666666666668570 ) ;
#2959 =( NAMED_UNIT ( * ) SI_UNIT ( $, .STERADIAN. ) SOLID_ANGLE_UNIT ( ) );
#2960 = STYLED_ITEM ( 'NONE', ( #2829 ), #1366 ) ;
#2961 = COLOUR_RGB ( '',0.9686274509803921573, 0.8784313725490195957, 0.5999999999999999778 ) ;
#2962 = MANIFOLD_SOLID_BREP ( 'Boss-Extrude3[2]', #1987 ) ;
#2963 = CARTESIAN_POINT ( 'NONE',  ( -3.239999999999999769, -0.1000000000000000056, -1.300000000000000266 ) ) ;
#2964 = VERTEX_POINT ( 'NONE', #3181 ) ;
#2965 = CARTESIAN_POINT ( 'NONE',  ( 3.600000000000000089, 0.000000000000000000, 0.000000000000000000 ) ) ;
#2966 = EDGE_LOOP ( 'NONE', ( #789, #2727, #3611, #3574 ) ) ;
#2967 = ORIENTED_EDGE ( 'NONE', *, *, #3226, .T. ) ;
#2968 =( NAMED_UNIT ( * ) SI_UNIT ( $, .STERADIAN. ) SOLID_ANGLE_UNIT ( ) );
#2969 = CARTESIAN_POINT ( 'NONE',  ( -2.949999999999999734, 1.100000000000000089, 1.699999999999999734 ) ) ;
#2970 = SURFACE_STYLE_FILL_AREA ( #1844 ) ;
#2971 = VECTOR ( 'NONE', #1961, 1000.000000000000227 ) ;
#2972 =( LENGTH_UNIT ( ) NAMED_UNIT ( * ) SI_UNIT ( .MILLI., .METRE. ) );
#2973 = EDGE_CURVE ( 'NONE', #1550, #1285, #2059, .T. ) ;
#2974 = ORIENTED_EDGE ( 'NONE', *, *, #1925, .F. ) ;
#2975 = ADVANCED_FACE ( 'NONE', ( #68 ), #410, .T. ) ;
#2976 = PRESENTATION_LAYER_ASSIGNMENT (  '', '', ( #1560 ) ) ;
#2977 = CIRCLE ( 'NONE', #2914, 0.6726666666666660799 ) ;
#2978 = CARTESIAN_POINT ( 'NONE',  ( 2.539999999999999591, 0.000000000000000000, -2.972666666666667901 ) ) ;
#2979 = CYLINDRICAL_SURFACE ( 'NONE', #3095, 0.09999999999999982514 ) ;
#2980 = CYLINDRICAL_SURFACE ( 'NONE', #380, 0.4566756596122039658 ) ;
#2981 =( GEOMETRIC_REPRESENTATION_CONTEXT ( 3 ) GLOBAL_UNCERTAINTY_ASSIGNED_CONTEXT ( ( #632 ) ) GLOBAL_UNIT_ASSIGNED_CONTEXT ( ( #1438, #2351, #2336 ) ) REPRESENTATION_CONTEXT ( 'NONE', 'WORKASPACE' ) );
#2982 =( NAMED_UNIT ( * ) PLANE_ANGLE_UNIT ( ) SI_UNIT ( $, .RADIAN. ) );
#2983 =( GEOMETRIC_REPRESENTATION_CONTEXT ( 3 ) GLOBAL_UNCERTAINTY_ASSIGNED_CONTEXT ( ( #3003 ) ) GLOBAL_UNIT_ASSIGNED_CONTEXT ( ( #1661, #2777, #3094 ) ) REPRESENTATION_CONTEXT ( 'NONE', 'WORKASPACE' ) );
#2984 = LINE ( 'NONE', #2180, #120 ) ;
#2985 = STYLED_ITEM ( 'NONE', ( #2522 ), #1555 ) ;
#2986 = EDGE_LOOP ( 'NONE', ( #826, #622, #1372, #2112 ) ) ;
#2987 =( GEOMETRIC_REPRESENTATION_CONTEXT ( 3 ) GLOBAL_UNCERTAINTY_ASSIGNED_CONTEXT ( ( #3186 ) ) GLOBAL_UNIT_ASSIGNED_CONTEXT ( ( #1965, #2838, #2569 ) ) REPRESENTATION_CONTEXT ( 'NONE', 'WORKASPACE' ) );
#2988 = CIRCLE ( 'NONE', #1690, 0.6726666666666660799 ) ;
#2989 = SURFACE_STYLE_USAGE ( .BOTH. , #2447 ) ;
#2990 = FILL_AREA_STYLE_COLOUR ( '', #779 ) ;
#2991 = PRESENTATION_LAYER_ASSIGNMENT (  '', '', ( #254 ) ) ;
#2992 = ORIENTED_EDGE ( 'NONE', *, *, #1858, .F. ) ;
#2993 = ORIENTED_EDGE ( 'NONE', *, *, #932, .F. ) ;
#2994 = SURFACE_STYLE_USAGE ( .BOTH. , #1865 ) ;
#2995 = SURFACE_SIDE_STYLE ('',( #2970 ) ) ;
#2996 = FACE_BOUND ( 'NONE', #1244, .T. ) ;
#2997 = SURFACE_SIDE_STYLE ('',( #3304 ) ) ;
#2998 = AXIS2_PLACEMENT_3D ( 'NONE', #174, #1881, #3264 ) ;
#2999 = ORIENTED_EDGE ( 'NONE', *, *, #751, .F. ) ;
#3000 =( LENGTH_UNIT ( ) NAMED_UNIT ( * ) SI_UNIT ( .MILLI., .METRE. ) );
#3001 = DIRECTION ( 'NONE',  ( -0.000000000000000000, 1.000000000000000000, -0.000000000000000000 ) ) ;
#3002 = FILL_AREA_STYLE_COLOUR ( '', #568 ) ;
#3003 = UNCERTAINTY_MEASURE_WITH_UNIT (LENGTH_MEASURE( 1.000000000000000082E-05 ), #1661, 'distance_accuracy_value', 'NONE');
#3004 = EDGE_CURVE ( 'NONE', #407, #686, #1584, .T. ) ;
#3005 = DIRECTION ( 'NONE',  ( 0.000000000000000000, 0.000000000000000000, -1.000000000000000000 ) ) ;
#3006 = SURFACE_STYLE_USAGE ( .BOTH. , #3312 ) ;
#3007 = CARTESIAN_POINT ( 'NONE',  ( 0.000000000000000000, 1.000000000000000000, -2.096568877480707194 ) ) ;
#3008 = ORIENTED_EDGE ( 'NONE', *, *, #971, .T. ) ;
#3009 = LINE ( 'NONE', #1859, #588 ) ;
#3010 = CARTESIAN_POINT ( 'NONE',  ( -2.061390904112062383, 0.000000000000000000, 2.500000000000000000 ) ) ;
#3011 = VERTEX_POINT ( 'NONE', #2699 ) ;
#3012 = DIRECTION ( 'NONE',  ( -1.807003620809174139E-16, -0.000000000000000000, -1.000000000000000000 ) ) ;
#3013 = FACE_OUTER_BOUND ( 'NONE', #843, .T. ) ;
#3014 = PRESENTATION_LAYER_ASSIGNMENT (  '', '', ( #2525 ) ) ;
#3015 = EDGE_CURVE ( 'NONE', #102, #3082, #1072, .T. ) ;
#3016 = ORIENTED_EDGE ( 'NONE', *, *, #58, .F. ) ;
#3017 =( GEOMETRIC_REPRESENTATION_CONTEXT ( 3 ) GLOBAL_UNCERTAINTY_ASSIGNED_CONTEXT ( ( #2795 ) ) GLOBAL_UNIT_ASSIGNED_CONTEXT ( ( #246, #2195, #1640 ) ) REPRESENTATION_CONTEXT ( 'NONE', 'WORKASPACE' ) );
#3018 = VECTOR ( 'NONE', #725, 1000.000000000000000 ) ;
#3019 =( NAMED_UNIT ( * ) SI_UNIT ( $, .STERADIAN. ) SOLID_ANGLE_UNIT ( ) );
#3020 = AXIS2_PLACEMENT_3D ( 'NONE', #3319, #3268, #2191 ) ;
#3021 =( GEOMETRIC_REPRESENTATION_CONTEXT ( 3 ) GLOBAL_UNCERTAINTY_ASSIGNED_CONTEXT ( ( #2427 ) ) GLOBAL_UNIT_ASSIGNED_CONTEXT ( ( #128, #2899, #1212 ) ) REPRESENTATION_CONTEXT ( 'NONE', 'WORKASPACE' ) );
#3022 = CARTESIAN_POINT ( 'NONE',  ( 2.539999999999999591, -0.1000000000000000056, -2.972666666666667901 ) ) ;
#3023 =( GEOMETRIC_REPRESENTATION_CONTEXT ( 3 ) GLOBAL_UNCERTAINTY_ASSIGNED_CONTEXT ( ( #106 ) ) GLOBAL_UNIT_ASSIGNED_CONTEXT ( ( #795, #1904, #245 ) ) REPRESENTATION_CONTEXT ( 'NONE', 'WORKASPACE' ) );
#3024 = ORIENTED_EDGE ( 'NONE', *, *, #2616, .F. ) ;
#3025 = AXIS2_PLACEMENT_3D ( 'NONE', #267, #853, #3163 ) ;
#3026 = ADVANCED_FACE ( 'NONE', ( #3607 ), #449, .F. ) ;
#3027 = SURFACE_STYLE_USAGE ( .BOTH. , #772 ) ;
#3028 = LINE ( 'NONE', #807, #1465 ) ;
#3029 = EDGE_CURVE ( 'NONE', #1337, #3645, #2814, .T. ) ;
#3030 = ORIENTED_EDGE ( 'NONE', *, *, #3618, .F. ) ;
#3031 = FACE_OUTER_BOUND ( 'NONE', #1698, .T. ) ;
#3032 = DIRECTION ( 'NONE',  ( 1.000000000000000000, -0.000000000000000000, -0.000000000000000000 ) ) ;
#3033 = SURFACE_STYLE_USAGE ( .BOTH. , #3554 ) ;
#3034 = EDGE_LOOP ( 'NONE', ( #3289, #669, #1989, #2815 ) ) ;
#3035 = CARTESIAN_POINT ( 'NONE',  ( -2.949999999999999734, 1.000000000000000000, -1.700000000000000622 ) ) ;
#3036 = PRESENTATION_STYLE_ASSIGNMENT (( #3276 ) ) ;
#3037 = AXIS2_PLACEMENT_3D ( 'NONE', #2204, #503, #2451 ) ;
#3038 = SURFACE_STYLE_FILL_AREA ( #1876 ) ;
#3039 = DIRECTION ( 'NONE',  ( 0.000000000000000000, 0.000000000000000000, -1.000000000000000000 ) ) ;
#3040 = AXIS2_PLACEMENT_3D ( 'NONE', #1431, #3329, #1452 ) ;
#3041 = DIRECTION ( 'NONE',  ( -0.000000000000000000, 1.000000000000000000, -0.000000000000000000 ) ) ;
#3042 = AXIS2_PLACEMENT_3D ( 'NONE', #1633, #1347, #3005 ) ;
#3043 = ORIENTED_EDGE ( 'NONE', *, *, #1349, .F. ) ;
#3044 = DIRECTION ( 'NONE',  ( -0.03489949670250096919, 0.9993908270190956511, 0.000000000000000000 ) ) ;
#3045 = FILL_AREA_STYLE ('',( #1094 ) ) ;
#3046 = SURFACE_STYLE_USAGE ( .BOTH. , #1976 ) ;
#3047 = PRESENTATION_LAYER_ASSIGNMENT (  '', '', ( #2623 ) ) ;
#3048 = VECTOR ( 'NONE', #418, 1000.000000000000000 ) ;
#3049 = EDGE_LOOP ( 'NONE', ( #3242, #1190, #2809, #2419 ) ) ;
#3050 = STYLED_ITEM ( 'NONE', ( #2313 ), #270 ) ;
#3051 = CARTESIAN_POINT ( 'NONE',  ( -2.061390904112062383, -0.1000000000000000056, 2.500000000000000000 ) ) ;
#3052 = DIRECTION ( 'NONE',  ( 1.000000000000000000, 0.000000000000000000, 0.000000000000000000 ) ) ;
#3053 = ADVANCED_FACE ( 'NONE', ( #2403 ), #2435, .F. ) ;
#3054 = CIRCLE ( 'NONE', #1577, 0.09999999999999982514 ) ;
#3055 = SURFACE_STYLE_USAGE ( .BOTH. , #2796 ) ;
#3056 = STYLED_ITEM ( 'NONE', ( #1119 ), #1205 ) ;
#3057 = FACE_OUTER_BOUND ( 'NONE', #241, .T. ) ;
#3058 = FACE_OUTER_BOUND ( 'NONE', #3236, .T. ) ;
#3059 = EDGE_LOOP ( 'NONE', ( #2079, #2560, #2587, #2078 ) ) ;
#3060 =( LENGTH_UNIT ( ) NAMED_UNIT ( * ) SI_UNIT ( .MILLI., .METRE. ) );
#3061 = ORIENTED_EDGE ( 'NONE', *, *, #2884, .T. ) ;
#3062 =( NAMED_UNIT ( * ) SI_UNIT ( $, .STERADIAN. ) SOLID_ANGLE_UNIT ( ) );
#3063 =( LENGTH_UNIT ( ) NAMED_UNIT ( * ) SI_UNIT ( .MILLI., .METRE. ) );
#3064 =( NAMED_UNIT ( * ) PLANE_ANGLE_UNIT ( ) SI_UNIT ( $, .RADIAN. ) );
#3065 = ORIENTED_EDGE ( 'NONE', *, *, #1482, .F. ) ;
#3066 = CARTESIAN_POINT ( 'NONE',  ( -2.949999999999999734, 1.100000000000000089, -2.096568877480707194 ) ) ;
#3067 = UNCERTAINTY_MEASURE_WITH_UNIT (LENGTH_MEASURE( 1.000000000000000082E-05 ), #2917, 'distance_accuracy_value', 'NONE');
#3068 = AXIS2_PLACEMENT_3D ( 'NONE', #2607, #79, #2297 ) ;
#3069 = DIRECTION ( 'NONE',  ( -1.734723475976810053E-15, 0.000000000000000000, -1.000000000000000000 ) ) ;
#3070 = AXIS2_PLACEMENT_3D ( 'NONE', #1282, #2187, #2399 ) ;
#3071 = MECHANICAL_DESIGN_GEOMETRIC_PRESENTATION_REPRESENTATION (  '', ( #2235 ), #1833 ) ;
#3072 = LINE ( 'NONE', #3158, #530 ) ;
#3073 =( GEOMETRIC_REPRESENTATION_CONTEXT ( 3 ) GLOBAL_UNCERTAINTY_ASSIGNED_CONTEXT ( ( #2135 ) ) GLOBAL_UNIT_ASSIGNED_CONTEXT ( ( #644, #2843, #661 ) ) REPRESENTATION_CONTEXT ( 'NONE', 'WORKASPACE' ) );
#3074 = MECHANICAL_DESIGN_GEOMETRIC_PRESENTATION_REPRESENTATION (  '', ( #995 ), #999 ) ;
#3075 = VERTEX_POINT ( 'NONE', #760 ) ;
#3076 = STYLED_ITEM ( 'NONE', ( #1176 ), #2250 ) ;
#3077 = PLANE ( 'NONE',  #2413 ) ;
#3078 = DIRECTION ( 'NONE',  ( 0.000000000000000000, 0.000000000000000000, 1.000000000000000000 ) ) ;
#3079 = STYLED_ITEM ( 'NONE', ( #3286 ), #1328 ) ;
#3080 = MECHANICAL_DESIGN_GEOMETRIC_PRESENTATION_REPRESENTATION (  '', ( #824 ), #473 ) ;
#3081 = ADVANCED_FACE ( 'NONE', ( #3031 ), #485, .F. ) ;
#3082 = VERTEX_POINT ( 'NONE', #600 ) ;
#3083 = CYLINDRICAL_SURFACE ( 'NONE', #1740, 0.4566756596122039658 ) ;
#3084 = CARTESIAN_POINT ( 'NONE',  ( -3.239999999999997993, -0.1000000000000000056, 2.000000000000001776 ) ) ;
#3085 = FACE_OUTER_BOUND ( 'NONE', #2305, .T. ) ;
#3086 = APPLICATION_CONTEXT ( 'automotive_design' ) ;
#3087 = VERTEX_POINT ( 'NONE', #3399 ) ;
#3088 = LINE ( 'NONE', #3388, #1905 ) ;
#3089 = DIRECTION ( 'NONE',  ( -0.000000000000000000, 1.000000000000000000, -0.000000000000000000 ) ) ;
#3090 = CARTESIAN_POINT ( 'NONE',  ( 2.540000000000000480, 0.000000000000000000, 2.972666666666667012 ) ) ;
#3091 = EDGE_CURVE ( 'NONE', #1754, #2190, #3116, .T. ) ;
#3092 =( LENGTH_UNIT ( ) NAMED_UNIT ( * ) SI_UNIT ( .MILLI., .METRE. ) );
#3093 =( NAMED_UNIT ( * ) PLANE_ANGLE_UNIT ( ) SI_UNIT ( $, .RADIAN. ) );
#3094 =( NAMED_UNIT ( * ) SI_UNIT ( $, .STERADIAN. ) SOLID_ANGLE_UNIT ( ) );
#3095 = AXIS2_PLACEMENT_3D ( 'NONE', #3066, #1980, #2753 ) ;
#3096 = CIRCLE ( 'NONE', #1379, 0.09999999999999982514 ) ;
#3097 = ORIENTED_EDGE ( 'NONE', *, *, #3318, .T. ) ;
#3098 = DIRECTION ( 'NONE',  ( 0.000000000000000000, 1.000000000000000000, -0.000000000000000000 ) ) ;
#3099 = FILL_AREA_STYLE_COLOUR ( '', #922 ) ;
#3100 = ORIENTED_EDGE ( 'NONE', *, *, #12, .T. ) ;
#3101 = CIRCLE ( 'NONE', #1386, 0.09999999999999982514 ) ;
#3102 = LINE ( 'NONE', #264, #710 ) ;
#3103 = COLOUR_RGB ( '',0.9686274509803921573, 0.8784313725490195957, 0.5999999999999999778 ) ;
#3104 = ORIENTED_EDGE ( 'NONE', *, *, #2077, .F. ) ;
#3105 = STYLED_ITEM ( 'NONE', ( #2521 ), #1819 ) ;
#3106 = CARTESIAN_POINT ( 'NONE',  ( -2.949999999999999734, 1.000000000000000000, 1.699999999999999734 ) ) ;
#3107 = PRESENTATION_STYLE_ASSIGNMENT (( #2199 ) ) ;
#3108 = CARTESIAN_POINT ( 'NONE',  ( -2.949999999999999734, 1.000000000000000000, -2.000000000000000000 ) ) ;
#3109 = EDGE_CURVE ( 'NONE', #367, #170, #2238, .T. ) ;
#3110 = FILL_AREA_STYLE_COLOUR ( '', #2789 ) ;
#3111 = DIRECTION ( 'NONE',  ( 0.000000000000000000, 0.000000000000000000, 1.000000000000000000 ) ) ;
#3112 = ORIENTED_EDGE ( 'NONE', *, *, #491, .F. ) ;
#3113 = DIRECTION ( 'NONE',  ( 0.000000000000000000, 0.000000000000000000, 1.000000000000000000 ) ) ;
#3114 = LINE ( 'NONE', #3524, #793 ) ;
#3115 = ORIENTED_EDGE ( 'NONE', *, *, #149, .F. ) ;
#3116 = LINE ( 'NONE', #28, #2009 ) ;
#3117 = CARTESIAN_POINT ( 'NONE',  ( 3.239999999999999769, 0.000000000000000000, -1.300000000000000266 ) ) ;
#3118 = DIRECTION ( 'NONE',  ( 0.000000000000000000, 0.000000000000000000, 1.000000000000000000 ) ) ;
#3119 = DIRECTION ( 'NONE',  ( 0.000000000000000000, -0.000000000000000000, -1.000000000000000000 ) ) ;
#3120 = VERTEX_POINT ( 'NONE', #1709 ) ;
#3121 = ORIENTED_EDGE ( 'NONE', *, *, #2458, .T. ) ;
#3122 = PLANE ( 'NONE',  #3025 ) ;
#3123 = FILL_AREA_STYLE_COLOUR ( '', #2778 ) ;
#3124 = FILL_AREA_STYLE ('',( #3632 ) ) ;
#3125 = EDGE_CURVE ( 'NONE', #1573, #2964, #3369, .T. ) ;
#3126 = LINE ( 'NONE', #2860, #1900 ) ;
#3127 = SURFACE_STYLE_FILL_AREA ( #1644 ) ;
#3128 = STYLED_ITEM ( 'NONE', ( #2420 ), #3026 ) ;
#3129 = VERTEX_POINT ( 'NONE', #2006 ) ;
#3130 = DIRECTION ( 'NONE',  ( -0.000000000000000000, 1.000000000000000000, -0.000000000000000000 ) ) ;
#3131 = CARTESIAN_POINT ( 'NONE',  ( 1.839999999999999858, -0.1000000000000000056, 2.500000000000000000 ) ) ;
#3132 = PRESENTATION_LAYER_ASSIGNMENT (  '', '', ( #2235 ) ) ;
#3133 = EDGE_CURVE ( 'NONE', #67, #3514, #2784, .T. ) ;
#3134 = STYLED_ITEM ( 'NONE', ( #308 ), #3513 ) ;
#3135 = AXIS2_PLACEMENT_3D ( 'NONE', #3184, #372, #1792 ) ;
#3136 = EDGE_CURVE ( 'NONE', #2571, #3363, #1771, .T. ) ;
#3137 = EDGE_LOOP ( 'NONE', ( #709, #1647, #1380, #3418 ) ) ;
#3138 =( GEOMETRIC_REPRESENTATION_CONTEXT ( 3 ) GLOBAL_UNCERTAINTY_ASSIGNED_CONTEXT ( ( #950 ) ) GLOBAL_UNIT_ASSIGNED_CONTEXT ( ( #161, #2473, #1397 ) ) REPRESENTATION_CONTEXT ( 'NONE', 'WORKASPACE' ) );
#3139 = PRESENTATION_STYLE_ASSIGNMENT (( #1091 ) ) ;
#3140 = CARTESIAN_POINT ( 'NONE',  ( -2.400000000000000355, 1.289999999999999813, 1.149999999999997913 ) ) ;
#3141 = STYLED_ITEM ( 'NONE', ( #2608 ), #1412 ) ;
#3142 = DIRECTION ( 'NONE',  ( -1.734723475976807094E-15, 0.000000000000000000, -1.000000000000000000 ) ) ;
#3143 = SURFACE_STYLE_FILL_AREA ( #47 ) ;
#3144 = VERTEX_POINT ( 'NONE', #3380 ) ;
#3145 = DIRECTION ( 'NONE',  ( -0.000000000000000000, 1.000000000000000000, -0.000000000000000000 ) ) ;
#3146 = PRESENTATION_STYLE_ASSIGNMENT (( #1791 ) ) ;
#3147 = DIRECTION ( 'NONE',  ( -1.000000000000000000, 0.000000000000000000, 1.095153709581317773E-15 ) ) ;
#3148 = PRESENTATION_STYLE_ASSIGNMENT (( #2249 ) ) ;
#3149 = DIRECTION ( 'NONE',  ( 1.934156501956302959E-15, 0.000000000000000000, 1.000000000000000000 ) ) ;
#3150 = UNCERTAINTY_MEASURE_WITH_UNIT (LENGTH_MEASURE( 1.000000000000000082E-05 ), #2745, 'distance_accuracy_value', 'NONE');
#3151 = ORIENTED_EDGE ( 'NONE', *, *, #2902, .F. ) ;
#3152 = CARTESIAN_POINT ( 'NONE',  ( -3.018609095887938132, 0.000000000000000000, 2.500000000000000888 ) ) ;
#3153 = DIRECTION ( 'NONE',  ( 0.000000000000000000, 1.000000000000000000, 0.000000000000000000 ) ) ;
#3154 = MECHANICAL_DESIGN_GEOMETRIC_PRESENTATION_REPRESENTATION (  '', ( #1074 ), #2482 ) ;
#3155 = AXIS2_PLACEMENT_3D ( 'NONE', #3302, #761, #1245 ) ;
#3156 = ORIENTED_EDGE ( 'NONE', *, *, #2177, .T. ) ;
#3157 = DIRECTION ( 'NONE',  ( 0.000000000000000000, 0.000000000000000000, 1.000000000000000000 ) ) ;
#3158 = CARTESIAN_POINT ( 'NONE',  ( -3.250000000000000444, 1.000000000000000000, 1.699999999999999734 ) ) ;
#3159 = LINE ( 'NONE', #438, #1146 ) ;
#3160 = COLOUR_RGB ( '',0.2470588235294117752, 0.000000000000000000, 0.2549019607843137081 ) ;
#3161 = EDGE_CURVE ( 'NONE', #1036, #212, #2704, .T. ) ;
#3162 = ORIENTED_EDGE ( 'NONE', *, *, #506, .T. ) ;
#3163 = DIRECTION ( 'NONE',  ( 0.000000000000000000, 0.000000000000000000, 1.000000000000000000 ) ) ;
#3164 = FILL_AREA_STYLE ('',( #321 ) ) ;
#3165 = SURFACE_STYLE_USAGE ( .BOTH. , #918 ) ;
#3166 = FILL_AREA_STYLE_COLOUR ( '', #2240 ) ;
#3167 = PRESENTATION_LAYER_ASSIGNMENT (  '', '', ( #1263 ) ) ;
#3168 = CARTESIAN_POINT ( 'NONE',  ( 3.142954891671768003, 1.300000000000000044, 1.699999999999999734 ) ) ;
#3169 = FILL_AREA_STYLE_COLOUR ( '', #1387 ) ;
#3170 = DIRECTION ( 'NONE',  ( 0.000000000000000000, 0.000000000000000000, 1.000000000000000000 ) ) ;
#3171 = DIRECTION ( 'NONE',  ( 0.000000000000000000, 0.000000000000000000, -1.000000000000000000 ) ) ;
#3172 =( NAMED_UNIT ( * ) PLANE_ANGLE_UNIT ( ) SI_UNIT ( $, .RADIAN. ) );
#3173 = ADVANCED_FACE ( 'NONE', ( #2203 ), #1537, .T. ) ;
#3174 =( GEOMETRIC_REPRESENTATION_CONTEXT ( 3 ) GLOBAL_UNCERTAINTY_ASSIGNED_CONTEXT ( ( #3150 ) ) GLOBAL_UNIT_ASSIGNED_CONTEXT ( ( #2745, #2509, #2768 ) ) REPRESENTATION_CONTEXT ( 'NONE', 'WORKASPACE' ) );
#3175 = VERTEX_POINT ( 'NONE', #3646 ) ;
#3176 = CARTESIAN_POINT ( 'NONE',  ( -2.400000000000000355, 1.289999999999999813, 1.399999999999998357 ) ) ;
#3177 = PLANE ( 'NONE',  #2087 ) ;
#3178 = CARTESIAN_POINT ( 'NONE',  ( -2.061390904112061939, 0.000000000000000000, -2.500000000000000000 ) ) ;
#3179 = SURFACE_STYLE_USAGE ( .BOTH. , #1802 ) ;
#3180 = ORIENTED_EDGE ( 'NONE', *, *, #171, .F. ) ;
#3181 = CARTESIAN_POINT ( 'NONE',  ( 2.949999999999999734, 1.000000000000000000, 2.096568877480707194 ) ) ;
#3182 =( NAMED_UNIT ( * ) SI_UNIT ( $, .STERADIAN. ) SOLID_ANGLE_UNIT ( ) );
#3183 = SURFACE_STYLE_USAGE ( .BOTH. , #2876 ) ;
#3184 = CARTESIAN_POINT ( 'NONE',  ( 2.540000000000000480, 1.000000000000000000, 2.972666666666667012 ) ) ;
#3185 = CARTESIAN_POINT ( 'NONE',  ( 2.949999999999999734, 1.203489949670250025, 1.992893974373677546 ) ) ;
#3186 = UNCERTAINTY_MEASURE_WITH_UNIT (LENGTH_MEASURE( 1.000000000000000082E-05 ), #1965, 'distance_accuracy_value', 'NONE');
#3187 = EDGE_CURVE ( 'NONE', #67, #224, #463, .T. ) ;
#3188 = PRESENTATION_STYLE_ASSIGNMENT (( #658 ) ) ;
#3189 = ADVANCED_FACE ( 'NONE', ( #2886 ), #665, .F. ) ;
#3190 = LINE ( 'NONE', #3507, #1870 ) ;
#3191 = DIRECTION ( 'NONE',  ( 0.000000000000000000, -1.000000000000000000, 0.000000000000000000 ) ) ;
#3192 = CIRCLE ( 'NONE', #1650, 0.09999999999999982514 ) ;
#3193 = ORIENTED_EDGE ( 'NONE', *, *, #3265, .F. ) ;
#3194 =( GEOMETRIC_REPRESENTATION_CONTEXT ( 3 ) GLOBAL_UNCERTAINTY_ASSIGNED_CONTEXT ( ( #1327 ) ) GLOBAL_UNIT_ASSIGNED_CONTEXT ( ( #1345, #567, #582 ) ) REPRESENTATION_CONTEXT ( 'NONE', 'WORKASPACE' ) );
#3195 = CARTESIAN_POINT ( 'NONE',  ( -3.018609095887939020, 0.000000000000000000, -2.500000000000000000 ) ) ;
#3196 = FACE_OUTER_BOUND ( 'NONE', #1842, .T. ) ;
#3197 = EDGE_CURVE ( 'NONE', #3526, #814, #1820, .T. ) ;
#3198 =( GEOMETRIC_REPRESENTATION_CONTEXT ( 3 ) GLOBAL_UNCERTAINTY_ASSIGNED_CONTEXT ( ( #3223 ) ) GLOBAL_UNIT_ASSIGNED_CONTEXT ( ( #2017, #2897, #1467 ) ) REPRESENTATION_CONTEXT ( 'NONE', 'WORKASPACE' ) );
#3199 = ORIENTED_EDGE ( 'NONE', *, *, #771, .T. ) ;
#3200 = AXIS2_PLACEMENT_3D ( 'NONE', #1581, #3039, #1635 ) ;
#3201 = EDGE_LOOP ( 'NONE', ( #1703, #3030, #2703, #1284, #896, #3024 ) ) ;
#3202 =( LENGTH_UNIT ( ) NAMED_UNIT ( * ) SI_UNIT ( .MILLI., .METRE. ) );
#3203 = DIRECTION ( 'NONE',  ( -1.000000000000000000, 0.000000000000000000, 0.000000000000000000 ) ) ;
#3204 = MECHANICAL_DESIGN_GEOMETRIC_PRESENTATION_REPRESENTATION (  '', ( #2123 ), #3023 ) ;
#3205 = PRESENTATION_LAYER_ASSIGNMENT (  '', '', ( #2123 ) ) ;
#3206 = PRESENTATION_STYLE_ASSIGNMENT (( #1214 ) ) ;
#3207 = EDGE_CURVE ( 'NONE', #3011, #2662, #1228, .T. ) ;
#3208 = DIRECTION ( 'NONE',  ( -1.000000000000000000, 0.000000000000000000, 0.000000000000000000 ) ) ;
#3209 = VERTEX_POINT ( 'NONE', #3195 ) ;
#3210 = DIRECTION ( 'NONE',  ( 1.000000000000000000, 0.000000000000000000, 0.000000000000000000 ) ) ;
#3211 = EDGE_CURVE ( 'NONE', #2130, #3425, #3192, .T. ) ;
#3212 = DIRECTION ( 'NONE',  ( -0.9993908270190957621, 0.03489949670250097613, 0.000000000000000000 ) ) ;
#3213 = STYLED_ITEM ( 'NONE', ( #3146 ), #565 ) ;
#3214 = SURFACE_SIDE_STYLE ('',( #3535 ) ) ;
#3215 = ORIENTED_EDGE ( 'NONE', *, *, #3472, .F. ) ;
#3216 = ORIENTED_EDGE ( 'NONE', *, *, #3387, .F. ) ;
#3217 = DIRECTION ( 'NONE',  ( -0.000000000000000000, 1.000000000000000000, -0.000000000000000000 ) ) ;
#3218 = MECHANICAL_DESIGN_GEOMETRIC_PRESENTATION_REPRESENTATION (  '', ( #428 ), #2981 ) ;
#3219 = DIRECTION ( 'NONE',  ( 0.000000000000000000, 0.000000000000000000, 1.000000000000000000 ) ) ;
#3220 =( LENGTH_UNIT ( ) NAMED_UNIT ( * ) SI_UNIT ( .MILLI., .METRE. ) );
#3221 = DIRECTION ( 'NONE',  ( 0.000000000000000000, 0.000000000000000000, -1.000000000000000000 ) ) ;
#3222 = DIRECTION ( 'NONE',  ( 1.000000000000000000, 0.000000000000000000, -0.000000000000000000 ) ) ;
#3223 = UNCERTAINTY_MEASURE_WITH_UNIT (LENGTH_MEASURE( 1.000000000000000082E-05 ), #2017, 'distance_accuracy_value', 'NONE');
#3224 = UNCERTAINTY_MEASURE_WITH_UNIT (LENGTH_MEASURE( 1.000000000000000082E-05 ), #1504, 'distance_accuracy_value', 'NONE');
#3225 = AXIS2_PLACEMENT_3D ( 'NONE', #2213, #821, #2757 ) ;
#3226 = EDGE_CURVE ( 'NONE', #3374, #1857, #2119, .T. ) ;
#3227 = COLOUR_RGB ( '',0.9686274509803921573, 0.8784313725490195957, 0.5999999999999999778 ) ;
#3228 =( NAMED_UNIT ( * ) PLANE_ANGLE_UNIT ( ) SI_UNIT ( $, .RADIAN. ) );
#3229 = MECHANICAL_DESIGN_GEOMETRIC_PRESENTATION_REPRESENTATION (  '', ( #1151 ), #2864 ) ;
#3230 = EDGE_LOOP ( 'NONE', ( #1442, #3016, #2430, #3266 ) ) ;
#3231 = MANIFOLD_SOLID_BREP ( 'Boss-Extrude3[1]', #2153 ) ;
#3232 = SURFACE_STYLE_FILL_AREA ( #2660 ) ;
#3233 = AXIS2_PLACEMENT_3D ( 'NONE', #462, #2711, #2431 ) ;
#3234 = ORIENTED_EDGE ( 'NONE', *, *, #3603, .F. ) ;
#3235 = CONICAL_SURFACE ( 'NONE', #975, 0.2999999999999994893, 0.03490658503988659789 ) ;
#3236 = EDGE_LOOP ( 'NONE', ( #2708, #2639, #1523, #1930 ) ) ;
#3237 = DIRECTION ( 'NONE',  ( -0.000000000000000000, -1.000000000000000000, -0.000000000000000000 ) ) ;
#3238 = EDGE_CURVE ( 'NONE', #728, #1329, #2637, .T. ) ;
#3239 =( LENGTH_UNIT ( ) NAMED_UNIT ( * ) SI_UNIT ( .MILLI., .METRE. ) );
#3240 = LINE ( 'NONE', #1831, #972 ) ;
#3241 = DIRECTION ( 'NONE',  ( 1.000000000000000000, -0.000000000000000000, 1.548860246407863829E-16 ) ) ;
#3242 = ORIENTED_EDGE ( 'NONE', *, *, #374, .F. ) ;
#3243 = ORIENTED_EDGE ( 'NONE', *, *, #971, .F. ) ;
#3244 = EDGE_LOOP ( 'NONE', ( #3606, #1254, #247, #979 ) ) ;
#3245 = CARTESIAN_POINT ( 'NONE',  ( -3.239999999999999769, -0.1000000000000000056, -1.300000000000000266 ) ) ;
#3246 = AXIS2_PLACEMENT_3D ( 'NONE', #2277, #312, #1666 ) ;
#3247 = CARTESIAN_POINT ( 'NONE',  ( -2.539999999999999591, 1.000000000000000000, 2.299999999999998046 ) ) ;
#3248 = CARTESIAN_POINT ( 'NONE',  ( 3.772743730481633140, 0.000000000000000000, 2.772743730481635804 ) ) ;
#3249 = FILL_AREA_STYLE_COLOUR ( '', #3429 ) ;
#3250 = FILL_AREA_STYLE_COLOUR ( '', #917 ) ;
#3251 = MECHANICAL_DESIGN_GEOMETRIC_PRESENTATION_REPRESENTATION (  '', ( #2819 ), #344 ) ;
#3252 = UNCERTAINTY_MEASURE_WITH_UNIT (LENGTH_MEASURE( 1.000000000000000082E-05 ), #214, 'distance_accuracy_value', 'NONE');
#3253 = CIRCLE ( 'NONE', #1491, 0.6726666666666660799 ) ;
#3254 = ORIENTED_EDGE ( 'NONE', *, *, #2243, .T. ) ;
#3255 = STYLED_ITEM ( 'NONE', ( #2951 ), #1296 ) ;
#3256 = DIRECTION ( 'NONE',  ( -1.000000000000000000, 0.000000000000000000, 0.000000000000000000 ) ) ;
#3257 = COLOUR_RGB ( '',0.9686274509803921573, 0.8784313725490195957, 0.5999999999999999778 ) ;
#3258 = MECHANICAL_DESIGN_GEOMETRIC_PRESENTATION_REPRESENTATION (  '', ( #3079 ), #408 ) ;
#3259 = UNCERTAINTY_MEASURE_WITH_UNIT (LENGTH_MEASURE( 1.000000000000000082E-05 ), #898, 'distance_accuracy_value', 'NONE');
#3260 = FACE_OUTER_BOUND ( 'NONE', #3049, .T. ) ;
#3261 = FILL_AREA_STYLE_COLOUR ( '', #2151 ) ;
#3262 = ORIENTED_EDGE ( 'NONE', *, *, #888, .T. ) ;
#3263 = CARTESIAN_POINT ( 'NONE',  ( -2.949999999999999734, 1.203489949670250025, -1.992893974373677990 ) ) ;
#3264 = DIRECTION ( 'NONE',  ( 0.000000000000000000, 0.000000000000000000, -1.000000000000000000 ) ) ;
#3265 = EDGE_CURVE ( 'NONE', #1237, #3526, #2063, .T. ) ;
#3266 = ORIENTED_EDGE ( 'NONE', *, *, #659, .T. ) ;
#3267 = ORIENTED_EDGE ( 'NONE', *, *, #2288, .F. ) ;
#3268 = DIRECTION ( 'NONE',  ( 1.000000000000000000, 0.000000000000000000, 0.000000000000000000 ) ) ;
#3269 = CARTESIAN_POINT ( 'NONE',  ( -3.600000000000000089, 1.000000000000000000, -2.349999999999997424 ) ) ;
#3270 = DIRECTION ( 'NONE',  ( 0.000000000000000000, 0.000000000000000000, 1.000000000000000000 ) ) ;
#3271 = STYLED_ITEM ( 'NONE', ( #3441 ), #481 ) ;
#3272 = CARTESIAN_POINT ( 'NONE',  ( -2.949999999999999734, 1.300000000000000044, 1.699999999999999734 ) ) ;
#3273 = FACE_OUTER_BOUND ( 'NONE', #3244, .T. ) ;
#3274 =( GEOMETRIC_REPRESENTATION_CONTEXT ( 3 ) GLOBAL_UNCERTAINTY_ASSIGNED_CONTEXT ( ( #73 ) ) GLOBAL_UNIT_ASSIGNED_CONTEXT ( ( #3063, #1973, #1110 ) ) REPRESENTATION_CONTEXT ( 'NONE', 'WORKASPACE' ) );
#3275 =( NAMED_UNIT ( * ) SI_UNIT ( $, .STERADIAN. ) SOLID_ANGLE_UNIT ( ) );
#3276 = SURFACE_STYLE_USAGE ( .BOTH. , #732 ) ;
#3277 = CARTESIAN_POINT ( 'NONE',  ( 3.239999999999999769, -0.1000000000000000056, -2.500000000000000000 ) ) ;
#3278 = MECHANICAL_DESIGN_GEOMETRIC_PRESENTATION_REPRESENTATION (  '', ( #2985 ), #3521 ) ;
#3279 = EDGE_LOOP ( 'NONE', ( #3549, #421, #1266, #1174, #3334, #1187 ) ) ;
#3280 = MECHANICAL_DESIGN_GEOMETRIC_PRESENTATION_REPRESENTATION (  '', ( #1029 ), #2334 ) ;
#3281 = ADVANCED_FACE ( 'NONE', ( #445 ), #193, .F. ) ;
#3282 = LINE ( 'NONE', #461, #185 ) ;
#3283 =( NAMED_UNIT ( * ) SI_UNIT ( $, .STERADIAN. ) SOLID_ANGLE_UNIT ( ) );
#3284 = VERTEX_POINT ( 'NONE', #1880 ) ;
#3285 = CARTESIAN_POINT ( 'NONE',  ( 4.510281037539708701E-15, 0.000000000000000000, 2.600000000000005862 ) ) ;
#3286 = PRESENTATION_STYLE_ASSIGNMENT (( #1039 ) ) ;
#3287 = UNCERTAINTY_MEASURE_WITH_UNIT (LENGTH_MEASURE( 1.000000000000000082E-05 ), #335, 'distance_accuracy_value', 'NONE');
#3288 = PRESENTATION_LAYER_ASSIGNMENT (  '', '', ( #1216 ) ) ;
#3289 = ORIENTED_EDGE ( 'NONE', *, *, #3294, .T. ) ;
#3290 = ADVANCED_FACE ( 'NONE', ( #1619 ), #2165, .T. ) ;
#3291 = FILL_AREA_STYLE_COLOUR ( '', #1760 ) ;
#3292 = UNCERTAINTY_MEASURE_WITH_UNIT (LENGTH_MEASURE( 1.000000000000000082E-05 ), #2361, 'distance_accuracy_value', 'NONE');
#3293 = EDGE_CURVE ( 'NONE', #633, #755, #1261, .T. ) ;
#3294 = EDGE_CURVE ( 'NONE', #1329, #1689, #173, .T. ) ;
#3295 = DIRECTION ( 'NONE',  ( -0.000000000000000000, -1.000000000000000000, -0.000000000000000000 ) ) ;
#3296 = CARTESIAN_POINT ( 'NONE',  ( -2.540000000000000480, 0.000000000000000000, -2.299999999999996714 ) ) ;
#3297 = CARTESIAN_POINT ( 'NONE',  ( 3.346568877480706306, 1.000000000000000000, 0.000000000000000000 ) ) ;
#3298 = ORIENTED_EDGE ( 'NONE', *, *, #933, .F. ) ;
#3299 = DIRECTION ( 'NONE',  ( -0.000000000000000000, -1.000000000000000000, -0.000000000000000000 ) ) ;
#3300 = CARTESIAN_POINT ( 'NONE',  ( 3.239999999999999769, 0.000000000000000000, -2.500000000000000000 ) ) ;
#3301 = EDGE_LOOP ( 'NONE', ( #2999, #2154, #3379, #2354 ) ) ;
#3302 = CARTESIAN_POINT ( 'NONE',  ( -3.142954891671768003, 1.199999999999999956, -1.700000000000000622 ) ) ;
#3303 = CARTESIAN_POINT ( 'NONE',  ( -3.772743730481634028, 1.000000000000000000, 2.772743730481634028 ) ) ;
#3304 = SURFACE_STYLE_FILL_AREA ( #1586 ) ;
#3305 = COLOUR_RGB ( '',0.9686274509803921573, 0.8784313725490195957, 0.5999999999999999778 ) ;
#3306 =( GEOMETRIC_REPRESENTATION_CONTEXT ( 3 ) GLOBAL_UNCERTAINTY_ASSIGNED_CONTEXT ( ( #1290 ) ) GLOBAL_UNIT_ASSIGNED_CONTEXT ( ( #2380, #3527, #419 ) ) REPRESENTATION_CONTEXT ( 'NONE', 'WORKASPACE' ) );
#3307 = AXIS2_PLACEMENT_3D ( 'NONE', #3357, #2871, #382 ) ;
#3308 = LINE ( 'NONE', #2155, #208 ) ;
#3309 = AXIS2_PLACEMENT_3D ( 'NONE', #3477, #1731, #100 ) ;
#3310 =( LENGTH_UNIT ( ) NAMED_UNIT ( * ) SI_UNIT ( .MILLI., .METRE. ) );
#3311 = PRESENTATION_LAYER_ASSIGNMENT (  '', '', ( #765 ) ) ;
#3312 = SURFACE_SIDE_STYLE ('',( #3038 ) ) ;
#3313 = STYLED_ITEM ( 'NONE', ( #2259 ), #1382 ) ;
#3314 = PRESENTATION_STYLE_ASSIGNMENT (( #1878 ) ) ;
#3315 = VECTOR ( 'NONE', #2558, 1000.000000000000000 ) ;
#3316 = CARTESIAN_POINT ( 'NONE',  ( 3.239999999999999769, -0.1000000000000000056, 1.300000000000000266 ) ) ;
#3317 = VERTEX_POINT ( 'NONE', #705 ) ;
#3318 = EDGE_CURVE ( 'NONE', #634, #1337, #2127, .T. ) ;
#3319 = CARTESIAN_POINT ( 'NONE',  ( -2.949999999999999734, 1.199999999999999956, -1.892954891671768225 ) ) ;
#3320 = FACE_OUTER_BOUND ( 'NONE', #3230, .T. ) ;
#3321 = CARTESIAN_POINT ( 'NONE',  ( -2.400000000000000355, 1.300000000000000044, 1.649999999999998579 ) ) ;
#3322 = EDGE_LOOP ( 'NONE', ( #3650, #2056, #2471, #3061 ) ) ;
#3323 = AXIS2_PLACEMENT_3D ( 'NONE', #1425, #1448, #838 ) ;
#3324 = FILL_AREA_STYLE_COLOUR ( '', #199 ) ;
#3325 = DIRECTION ( 'NONE',  ( -1.000000000000000000, 0.000000000000000000, 0.000000000000000000 ) ) ;
#3326 = CARTESIAN_POINT ( 'NONE',  ( 3.772743730481633140, 1.000000000000000000, 2.772743730481635804 ) ) ;
#3327 = AXIS2_PLACEMENT_3D ( 'NONE', #610, #3170, #1215 ) ;
#3328 = PRESENTATION_LAYER_ASSIGNMENT (  '', '', ( #3213 ) ) ;
#3329 = DIRECTION ( 'NONE',  ( 0.000000000000000000, 1.000000000000000000, -0.000000000000000000 ) ) ;
#3330 = DIRECTION ( 'NONE',  ( 1.548860246407864076E-16, 0.000000000000000000, -1.000000000000000000 ) ) ;
#3331 = SURFACE_STYLE_FILL_AREA ( #1012 ) ;
#3332 = EDGE_CURVE ( 'NONE', #1024, #1375, #3009, .T. ) ;
#3333 = COLOUR_RGB ( '',0.9686274509803921573, 0.8784313725490195957, 0.5999999999999999778 ) ;
#3334 = ORIENTED_EDGE ( 'NONE', *, *, #2684, .T. ) ;
#3335 = DIRECTION ( 'NONE',  ( -1.000000000000000000, 0.000000000000000000, 0.000000000000000000 ) ) ;
#3336 = MECHANICAL_DESIGN_GEOMETRIC_PRESENTATION_REPRESENTATION (  '', ( #1263 ), #1567 ) ;
#3337 = DIRECTION ( 'NONE',  ( 0.000000000000000000, 0.000000000000000000, 1.000000000000000000 ) ) ;
#3338 = AXIS2_PLACEMENT_3D ( 'NONE', #2268, #2863, #2798 ) ;
#3339 = VERTEX_POINT ( 'NONE', #3572 ) ;
#3340 = SURFACE_STYLE_USAGE ( .BOTH. , #1919 ) ;
#3341 = FILL_AREA_STYLE_COLOUR ( '', #3639 ) ;
#3342 = MECHANICAL_DESIGN_GEOMETRIC_PRESENTATION_REPRESENTATION (  '', ( #319 ), #1273 ) ;
#3343 = VECTOR ( 'NONE', #1336, 1000.000000000000000 ) ;
#3344 = ORIENTED_EDGE ( 'NONE', *, *, #3658, .F. ) ;
#3345 = CARTESIAN_POINT ( 'NONE',  ( -2.540000000000000480, 0.000000000000000000, -2.972666666666664348 ) ) ;
#3346 = LINE ( 'NONE', #2210, #1050 ) ;
#3347 = LINE ( 'NONE', #250, #2014 ) ;
#3348 = AXIS2_PLACEMENT_3D ( 'NONE', #3591, #497, #3078 ) ;
#3349 = PRESENTATION_LAYER_ASSIGNMENT (  '', '', ( #2276 ) ) ;
#3350 = CARTESIAN_POINT ( 'NONE',  ( 3.349999999999997868, 1.000000000000000000, 2.600000000000000533 ) ) ;
#3351 = EDGE_CURVE ( 'NONE', #78, #980, #3282, .T. ) ;
#3352 = VERTEX_POINT ( 'NONE', #553 ) ;
#3353 = CARTESIAN_POINT ( 'NONE',  ( -2.949999999999999734, 1.203489949670248915, 1.699999999999999734 ) ) ;
#3354 = PRESENTATION_STYLE_ASSIGNMENT (( #1410 ) ) ;
#3355 = ORIENTED_EDGE ( 'NONE', *, *, #3238, .F. ) ;
#3356 = ADVANCED_FACE ( 'NONE', ( #1127 ), #3077, .F. ) ;
#3357 = CARTESIAN_POINT ( 'NONE',  ( 2.949999999999999734, 1.199999999999999956, -1.700000000000000622 ) ) ;
#3358 = FILL_AREA_STYLE ('',( #2748 ) ) ;
#3359 = CARTESIAN_POINT ( 'NONE',  ( 3.239999999999999769, -0.1000000000000000056, -2.500000000000000000 ) ) ;
#3360 = EDGE_CURVE ( 'NONE', #2841, #2698, #2767, .T. ) ;
#3361 = SURFACE_STYLE_USAGE ( .BOTH. , #1695 ) ;
#3362 = CARTESIAN_POINT ( 'NONE',  ( 3.346568877480706750, 1.100000000000000089, -1.700000000000000622 ) ) ;
#3363 = VERTEX_POINT ( 'NONE', #512 ) ;
#3364 = VERTEX_POINT ( 'NONE', #1434 ) ;
#3365 = AXIS2_PLACEMENT_3D ( 'NONE', #1570, #1020, #2747 ) ;
#3366 = PLANE ( 'NONE',  #3323 ) ;
#3367 = CARTESIAN_POINT ( 'NONE',  ( -2.949999999999999734, 1.000000000000000000, -1.700000000000000622 ) ) ;
#3368 = UNCERTAINTY_MEASURE_WITH_UNIT (LENGTH_MEASURE( 1.000000000000000082E-05 ), #1076, 'distance_accuracy_value', 'NONE');
#3369 = CIRCLE ( 'NONE', #3246, 0.3965688774807073491 ) ;
#3370 = FACE_OUTER_BOUND ( 'NONE', #2125, .T. ) ;
#3371 = AXIS2_PLACEMENT_3D ( 'NONE', #231, #2264, #2542 ) ;
#3372 = FILL_AREA_STYLE ('',( #2506 ) ) ;
#3373 = VECTOR ( 'NONE', #3130, 1000.000000000000000 ) ;
#3374 = VERTEX_POINT ( 'NONE', #1373 ) ;
#3375 = VECTOR ( 'NONE', #2682, 1000.000000000000000 ) ;
#3376 = FILL_AREA_STYLE_COLOUR ( '', #2239 ) ;
#3377 = LINE ( 'NONE', #533, #1755 ) ;
#3378 = STYLED_ITEM ( 'NONE', ( #343 ), #2822 ) ;
#3379 = ORIENTED_EDGE ( 'NONE', *, *, #3556, .T. ) ;
#3380 = CARTESIAN_POINT ( 'NONE',  ( 2.061390904112066380, 0.000000000000000000, 2.500000000000000444 ) ) ;
#3381 = CARTESIAN_POINT ( 'NONE',  ( 3.772743730481633140, 1.000000000000000000, -2.772743730481634916 ) ) ;
#3382 = CARTESIAN_POINT ( 'NONE',  ( 1.840000000000000080, -0.1000000000000000056, 1.300000000000000266 ) ) ;
#3383 =( LENGTH_UNIT ( ) NAMED_UNIT ( * ) SI_UNIT ( .MILLI., .METRE. ) );
#3384 = FACE_OUTER_BOUND ( 'NONE', #1804, .T. ) ;
#3385 = EDGE_CURVE ( 'NONE', #2610, #2130, #1687, .T. ) ;
#3386 = ORIENTED_EDGE ( 'NONE', *, *, #253, .F. ) ;
#3387 = EDGE_CURVE ( 'NONE', #2695, #170, #2816, .T. ) ;
#3388 = CARTESIAN_POINT ( 'NONE',  ( -1.839999999999998304, -0.1000000000000000056, 2.500000000000000000 ) ) ;
#3389 = DIRECTION ( 'NONE',  ( -0.000000000000000000, 1.000000000000000000, -0.000000000000000000 ) ) ;
#3390 = DIRECTION ( 'NONE',  ( -0.000000000000000000, -1.000000000000000000, 0.000000000000000000 ) ) ;
#3391 =( NAMED_UNIT ( * ) PLANE_ANGLE_UNIT ( ) SI_UNIT ( $, .RADIAN. ) );
#3392 = FACE_OUTER_BOUND ( 'NONE', #1582, .T. ) ;
#3393 = VECTOR ( 'NONE', #2932, 1000.000000000000000 ) ;
#3394 = CIRCLE ( 'NONE', #2722, 0.6726666666666668570 ) ;
#3395 = ORIENTED_EDGE ( 'NONE', *, *, #2417, .T. ) ;
#3396 = CARTESIAN_POINT ( 'NONE',  ( -2.949999999999999734, 1.100000000000000089, 2.096568877480707194 ) ) ;
#3397 = EDGE_LOOP ( 'NONE', ( #1748, #124, #563, #1663 ) ) ;
#3398 = EDGE_CURVE ( 'NONE', #3087, #2418, #1352, .T. ) ;
#3399 = CARTESIAN_POINT ( 'NONE',  ( -3.349999999999998312, 1.000000000000000000, -2.599999999999998757 ) ) ;
#3400 = CARTESIAN_POINT ( 'NONE',  ( 1.839999999999999858, -0.1000000000000000056, 2.500000000000000000 ) ) ;
#3401 = PRESENTATION_STYLE_ASSIGNMENT (( #3046 ) ) ;
#3402 = PRESENTATION_LAYER_ASSIGNMENT (  '', '', ( #1202 ) ) ;
#3403 = VERTEX_POINT ( 'NONE', #3414 ) ;
#3404 = FILL_AREA_STYLE ('',( #2163 ) ) ;
#3405 = LINE ( 'NONE', #1383, #3579 ) ;
#3406 = CARTESIAN_POINT ( 'NONE',  ( -1.839999999999999858, -0.1000000000000000056, -2.500000000000000000 ) ) ;
#3407 = STYLED_ITEM ( 'NONE', ( #2088 ), #101 ) ;
#3408 = CARTESIAN_POINT ( 'NONE',  ( 2.539999999999999591, -0.1000000000000000056, -2.972666666666667901 ) ) ;
#3409 =( GEOMETRIC_REPRESENTATION_CONTEXT ( 3 ) GLOBAL_UNCERTAINTY_ASSIGNED_CONTEXT ( ( #696 ) ) GLOBAL_UNIT_ASSIGNED_CONTEXT ( ( #2945, #136, #3283 ) ) REPRESENTATION_CONTEXT ( 'NONE', 'WORKASPACE' ) );
#3410 = CARTESIAN_POINT ( 'NONE',  ( 3.349999999999997868, 0.000000000000000000, 2.600000000000000533 ) ) ;
#3411 = EDGE_CURVE ( 'NONE', #2484, #1689, #3642, .T. ) ;
#3412 = STYLED_ITEM ( 'NONE', ( #1612 ), #1196 ) ;
#3413 = VERTEX_POINT ( 'NONE', #2216 ) ;
#3414 = CARTESIAN_POINT ( 'NONE',  ( 3.239999999999999769, -0.1000000000000000056, 2.500000000000000000 ) ) ;
#3415 = ORIENTED_EDGE ( 'NONE', *, *, #2200, .F. ) ;
#3416 = CARTESIAN_POINT ( 'NONE',  ( 3.239999999999999769, 0.000000000000000000, 2.500000000000000000 ) ) ;
#3417 = DIRECTION ( 'NONE',  ( 0.000000000000000000, -0.000000000000000000, -1.000000000000000000 ) ) ;
#3418 = ORIENTED_EDGE ( 'NONE', *, *, #3265, .T. ) ;
#3419 = ORIENTED_EDGE ( 'NONE', *, *, #2655, .T. ) ;
#3420 = CARTESIAN_POINT ( 'NONE',  ( 2.061390904112067268, -0.1000000000000000056, -2.500000000000000000 ) ) ;
#3421 = DIRECTION ( 'NONE',  ( 0.000000000000000000, 0.000000000000000000, -1.000000000000000000 ) ) ;
#3422 = FILL_AREA_STYLE_COLOUR ( '', #3587 ) ;
#3423 = PRESENTATION_STYLE_ASSIGNMENT (( #3671 ) ) ;
#3424 =( GEOMETRIC_REPRESENTATION_CONTEXT ( 3 ) GLOBAL_UNCERTAINTY_ASSIGNED_CONTEXT ( ( #2648 ) ) GLOBAL_UNIT_ASSIGNED_CONTEXT ( ( #794, #2847, #3062 ) ) REPRESENTATION_CONTEXT ( 'NONE', 'WORKASPACE' ) );
#3425 = VERTEX_POINT ( 'NONE', #2781 ) ;
#3426 = CARTESIAN_POINT ( 'NONE',  ( 3.600000000000000089, 0.000000000000000000, 2.349999999999999645 ) ) ;
#3427 = DIRECTION ( 'NONE',  ( 0.000000000000000000, 0.000000000000000000, -1.000000000000000000 ) ) ;
#3428 = STYLED_ITEM ( 'NONE', ( #3107 ), #2175 ) ;
#3429 = COLOUR_RGB ( '',0.2470588235294117752, 0.000000000000000000, 0.2549019607843137081 ) ;
#3430 = ORIENTED_EDGE ( 'NONE', *, *, #692, .F. ) ;
#3431 = VECTOR ( 'NONE', #3237, 1000.000000000000000 ) ;
#3432 = SURFACE_STYLE_FILL_AREA ( #1766 ) ;
#3433 =( NAMED_UNIT ( * ) PLANE_ANGLE_UNIT ( ) SI_UNIT ( $, .RADIAN. ) );
#3434 = LINE ( 'NONE', #3508, #2709 ) ;
#3435 = DIRECTION ( 'NONE',  ( -1.000000000000000000, 0.000000000000000000, 1.734723475976807094E-15 ) ) ;
#3436 =( NAMED_UNIT ( * ) PLANE_ANGLE_UNIT ( ) SI_UNIT ( $, .RADIAN. ) );
#3437 = MECHANICAL_DESIGN_GEOMETRIC_PRESENTATION_REPRESENTATION (  '', ( #3378 ), #2245 ) ;
#3438 = ORIENTED_EDGE ( 'NONE', *, *, #933, .T. ) ;
#3439 = ORIENTED_EDGE ( 'NONE', *, *, #3583, .F. ) ;
#3440 =( NAMED_UNIT ( * ) PLANE_ANGLE_UNIT ( ) SI_UNIT ( $, .RADIAN. ) );
#3441 = PRESENTATION_STYLE_ASSIGNMENT (( #1211 ) ) ;
#3442 = CARTESIAN_POINT ( 'NONE',  ( 2.539999999999999591, 1.000000000000000000, -2.972666666666667901 ) ) ;
#3443 = CARTESIAN_POINT ( 'NONE',  ( -3.346568877480706750, 1.000000000000000000, 1.699999999999999734 ) ) ;
#3444 = DIRECTION ( 'NONE',  ( 0.000000000000000000, 1.000000000000000000, -0.000000000000000000 ) ) ;
#3445 = PLANE ( 'NONE',  #2570 ) ;
#3446 = UNCERTAINTY_MEASURE_WITH_UNIT (LENGTH_MEASURE( 1.000000000000000082E-05 ), #2157, 'distance_accuracy_value', 'NONE');
#3447 = SURFACE_STYLE_FILL_AREA ( #1183 ) ;
#3448 =( GEOMETRIC_REPRESENTATION_CONTEXT ( 3 ) GLOBAL_UNCERTAINTY_ASSIGNED_CONTEXT ( ( #3259 ) ) GLOBAL_UNIT_ASSIGNED_CONTEXT ( ( #898, #355, #3182 ) ) REPRESENTATION_CONTEXT ( 'NONE', 'WORKASPACE' ) );
#3449 = CARTESIAN_POINT ( 'NONE',  ( 3.018609095887932359, -0.1000000000000000056, -2.500000000000000000 ) ) ;
#3450 =( GEOMETRIC_REPRESENTATION_CONTEXT ( 3 ) GLOBAL_UNCERTAINTY_ASSIGNED_CONTEXT ( ( #1180 ) ) GLOBAL_UNIT_ASSIGNED_CONTEXT ( ( #1490, #3469, #1535 ) ) REPRESENTATION_CONTEXT ( 'NONE', 'WORKASPACE' ) );
#3451 = COLOUR_RGB ( '',0.2470588235294117752, 0.000000000000000000, 0.2549019607843137081 ) ;
#3452 = ORIENTED_EDGE ( 'NONE', *, *, #3226, .F. ) ;
#3453 = CARTESIAN_POINT ( 'NONE',  ( -2.949999999999999734, 1.096510050329749797, 1.996629794778797651 ) ) ;
#3454 = SURFACE_SIDE_STYLE ('',( #2300 ) ) ;
#3455 =( GEOMETRIC_REPRESENTATION_CONTEXT ( 3 ) GLOBAL_UNCERTAINTY_ASSIGNED_CONTEXT ( ( #1292 ) ) GLOBAL_UNIT_ASSIGNED_CONTEXT ( ( #1511, #891, #29 ) ) REPRESENTATION_CONTEXT ( 'NONE', 'WORKASPACE' ) );
#3456 = EDGE_CURVE ( 'NONE', #3403, #1422, #806, .T. ) ;
#3457 = VECTOR ( 'NONE', #517, 1000.000000000000000 ) ;
#3458 = DIRECTION ( 'NONE',  ( -1.000000000000000000, 0.000000000000000000, 1.548860246407864076E-16 ) ) ;
#3459 = ORIENTED_EDGE ( 'NONE', *, *, #624, .F. ) ;
#3460 = VECTOR ( 'NONE', #2227, 1000.000000000000000 ) ;
#3461 =( NAMED_UNIT ( * ) PLANE_ANGLE_UNIT ( ) SI_UNIT ( $, .RADIAN. ) );
#3462 = CARTESIAN_POINT ( 'NONE',  ( -3.346568877480706750, 1.000000000000000000, 0.000000000000000000 ) ) ;
#3463 = FILL_AREA_STYLE ('',( #1223 ) ) ;
#3464 =( NAMED_UNIT ( * ) SI_UNIT ( $, .STERADIAN. ) SOLID_ANGLE_UNIT ( ) );
#3465 = DIRECTION ( 'NONE',  ( 0.000000000000000000, 1.000000000000000000, -0.000000000000000000 ) ) ;
#3466 = AXIS2_PLACEMENT_3D ( 'NONE', #1741, #2862, #2900 ) ;
#3467 = PRESENTATION_LAYER_ASSIGNMENT (  '', '', ( #1029 ) ) ;
#3468 =( NAMED_UNIT ( * ) SI_UNIT ( $, .STERADIAN. ) SOLID_ANGLE_UNIT ( ) );
#3469 =( NAMED_UNIT ( * ) PLANE_ANGLE_UNIT ( ) SI_UNIT ( $, .RADIAN. ) );
#3470 = CIRCLE ( 'NONE', #677, 0.6726666666666673011 ) ;
#3471 = CARTESIAN_POINT ( 'NONE',  ( -3.239999999999997105, -0.1000000000000000056, 2.500000000000000888 ) ) ;
#3472 = EDGE_CURVE ( 'NONE', #3317, #3352, #291, .T. ) ;
#3473 = CIRCLE ( 'NONE', #3233, 0.4566756596122039658 ) ;
#3474 = ORIENTED_EDGE ( 'NONE', *, *, #2410, .T. ) ;
#3475 = DIRECTION ( 'NONE',  ( 0.000000000000000000, 1.000000000000000000, 0.000000000000000000 ) ) ;
#3476 = DIRECTION ( 'NONE',  ( -1.000000000000000000, 0.000000000000000000, -3.469446951953607878E-15 ) ) ;
#3477 = CARTESIAN_POINT ( 'NONE',  ( -2.539999999999999591, 0.000000000000000000, 2.972666666666665236 ) ) ;
#3478 = EDGE_CURVE ( 'NONE', #3339, #177, #1652, .T. ) ;
#3479 = VERTEX_POINT ( 'NONE', #532 ) ;
#3480 = VERTEX_POINT ( 'NONE', #1105 ) ;
#3481 = PRESENTATION_STYLE_ASSIGNMENT (( #2663 ) ) ;
#3482 = FACE_OUTER_BOUND ( 'NONE', #3301, .T. ) ;
#3483 = SURFACE_SIDE_STYLE ('',( #1193 ) ) ;
#3484 = FILL_AREA_STYLE_COLOUR ( '', #1747 ) ;
#3485 = SURFACE_STYLE_USAGE ( .BOTH. , #2053 ) ;
#3486 = UNCERTAINTY_MEASURE_WITH_UNIT (LENGTH_MEASURE( 1.000000000000000082E-05 ), #1753, 'distance_accuracy_value', 'NONE');
#3487 = CARTESIAN_POINT ( 'NONE',  ( -2.540000000000000480, -0.1000000000000000056, -2.972666666666664348 ) ) ;
#3488 = PRESENTATION_LAYER_ASSIGNMENT (  '', '', ( #2536 ) ) ;
#3489 = STYLED_ITEM ( 'NONE', ( #635 ), #3189 ) ;
#3490 = ORIENTED_EDGE ( 'NONE', *, *, #3332, .T. ) ;
#3491 = AXIS2_PLACEMENT_3D ( 'NONE', #1674, #855, #3325 ) ;
#3492 =( NAMED_UNIT ( * ) SI_UNIT ( $, .STERADIAN. ) SOLID_ANGLE_UNIT ( ) );
#3493 = AXIS2_PLACEMENT_3D ( 'NONE', #3442, #3502, #3221 ) ;
#3494 = VECTOR ( 'NONE', #198, 1000.000000000000000 ) ;
#3495 = ORIENTED_EDGE ( 'NONE', *, *, #3673, .F. ) ;
#3496 = AXIS2_PLACEMENT_3D ( 'NONE', #391, #162, #745 ) ;
#3497 = EDGE_LOOP ( 'NONE', ( #3419, #40, #327, #2142 ) ) ;
#3498 = SURFACE_SIDE_STYLE ('',( #964 ) ) ;
#3499 = CARTESIAN_POINT ( 'NONE',  ( -3.239999999999999769, -0.1000000000000000056, -2.500000000000000000 ) ) ;
#3500 = CARTESIAN_POINT ( 'NONE',  ( -2.061390904112061939, -0.1000000000000000056, -2.500000000000000000 ) ) ;
#3501 = TOROIDAL_SURFACE ( 'NONE', #2470, 0.3965688774807070716, 0.1000000000000000056 ) ;
#3502 = DIRECTION ( 'NONE',  ( -0.000000000000000000, -1.000000000000000000, -0.000000000000000000 ) ) ;
#3503 = EDGE_CURVE ( 'NONE', #84, #3364, #2233, .T. ) ;
#3504 = PRESENTATION_LAYER_ASSIGNMENT (  '', '', ( #2540 ) ) ;
#3505 = EDGE_CURVE ( 'NONE', #3075, #2610, #1053, .T. ) ;
#3506 = PRESENTATION_STYLE_ASSIGNMENT (( #3485 ) ) ;
#3507 = CARTESIAN_POINT ( 'NONE',  ( -3.600000000000000089, 1.000000000000000000, 2.349999999999998312 ) ) ;
#3508 = CARTESIAN_POINT ( 'NONE',  ( 0.000000000000000000, 1.000000000000000000, 2.096568877480707194 ) ) ;
#3509 = ORIENTED_EDGE ( 'NONE', *, *, #958, .T. ) ;
#3510 = CYLINDRICAL_SURFACE ( 'NONE', #2998, 0.6726666666666660799 ) ;
#3511 =( LENGTH_UNIT ( ) NAMED_UNIT ( * ) SI_UNIT ( .MILLI., .METRE. ) );
#3512 =( GEOMETRIC_REPRESENTATION_CONTEXT ( 3 ) GLOBAL_UNCERTAINTY_ASSIGNED_CONTEXT ( ( #1781 ) ) GLOBAL_UNIT_ASSIGNED_CONTEXT ( ( #2169, #2114, #1866 ) ) REPRESENTATION_CONTEXT ( 'NONE', 'WORKASPACE' ) );
#3513 = ADVANCED_FACE ( 'NONE', ( #594 ), #1358, .T. ) ;
#3514 = VERTEX_POINT ( 'NONE', #3426 ) ;
#3515 = ORIENTED_EDGE ( 'NONE', *, *, #3207, .T. ) ;
#3516 = SURFACE_STYLE_FILL_AREA ( #2597 ) ;
#3517 = VECTOR ( 'NONE', #683, 1000.000000000000000 ) ;
#3518 = CARTESIAN_POINT ( 'NONE',  ( -2.949999999999999734, 1.203489949670250025, -1.992893974373677990 ) ) ;
#3519 = CYLINDRICAL_SURFACE ( 'NONE', #3135, 0.6726666666666660799 ) ;
#3520 = LINE ( 'NONE', #967, #2617 ) ;
#3521 =( GEOMETRIC_REPRESENTATION_CONTEXT ( 3 ) GLOBAL_UNCERTAINTY_ASSIGNED_CONTEXT ( ( #1924 ) ) GLOBAL_UNIT_ASSIGNED_CONTEXT ( ( #2477, #802, #2266 ) ) REPRESENTATION_CONTEXT ( 'NONE', 'WORKASPACE' ) );
#3522 = AXIS2_PLACEMENT_3D ( 'NONE', #2547, #273, #2523 ) ;
#3523 =( NAMED_UNIT ( * ) SI_UNIT ( $, .STERADIAN. ) SOLID_ANGLE_UNIT ( ) );
#3524 = CARTESIAN_POINT ( 'NONE',  ( 2.949999999999999734, 1.000000000000000000, -2.000000000000000000 ) ) ;
#3525 = UNCERTAINTY_MEASURE_WITH_UNIT (LENGTH_MEASURE( 1.000000000000000082E-05 ), #1247, 'distance_accuracy_value', 'NONE');
#3526 = VERTEX_POINT ( 'NONE', #1166 ) ;
#3527 =( NAMED_UNIT ( * ) PLANE_ANGLE_UNIT ( ) SI_UNIT ( $, .RADIAN. ) );
#3528 = COLOUR_RGB ( '',0.9686274509803921573, 0.8784313725490195957, 0.5999999999999999778 ) ;
#3529 = SURFACE_STYLE_FILL_AREA ( #699 ) ;
#3530 = EDGE_CURVE ( 'NONE', #191, #2942, #3253, .T. ) ;
#3531 = EDGE_LOOP ( 'NONE', ( #531, #3495, #1790, #1281 ) ) ;
#3532 = CARTESIAN_POINT ( 'NONE',  ( -2.539999999999999591, 1.000000000000000000, 2.299999999999998046 ) ) ;
#3533 = CIRCLE ( 'NONE', #3522, 0.1929548916717680473 ) ;
#3534 = AXIS2_PLACEMENT_3D ( 'NONE', #148, #3153, #2817 ) ;
#3535 = SURFACE_STYLE_FILL_AREA ( #83 ) ;
#3536 = ORIENTED_EDGE ( 'NONE', *, *, #1543, .F. ) ;
#3537 = PRESENTATION_LAYER_ASSIGNMENT (  '', '', ( #3056 ) ) ;
#3538 = ORIENTED_EDGE ( 'NONE', *, *, #1658, .T. ) ;
#3539 = CARTESIAN_POINT ( 'NONE',  ( -3.600000000000000089, 1.000000000000000000, -2.349999999999997424 ) ) ;
#3540 = PLANE ( 'NONE',  #1544 ) ;
#3541 = DIRECTION ( 'NONE',  ( 5.204170427930429961E-15, 0.000000000000000000, -1.000000000000000000 ) ) ;
#3542 = ORIENTED_EDGE ( 'NONE', *, *, #2489, .T. ) ;
#3543 = EDGE_CURVE ( 'NONE', #2130, #2449, #3558, .T. ) ;
#3544 = COLOUR_RGB ( '',0.9686274509803921573, 0.8784313725490195957, 0.5999999999999999778 ) ;
#3545 = FILL_AREA_STYLE_COLOUR ( '', #1946 ) ;
#3546 = LINE ( 'NONE', #1240, #2670 ) ;
#3547 = COLOUR_RGB ( '',0.9686274509803921573, 0.8784313725490195957, 0.5999999999999999778 ) ;
#3548 = VERTEX_POINT ( 'NONE', #3152 ) ;
#3549 = ORIENTED_EDGE ( 'NONE', *, *, #1503, .T. ) ;
#3550 = DIRECTION ( 'NONE',  ( -0.000000000000000000, -1.000000000000000000, 0.000000000000000000 ) ) ;
#3551 = STYLED_ITEM ( 'NONE', ( #1565 ), #3290 ) ;
#3552 = DIRECTION ( 'NONE',  ( -0.000000000000000000, 1.000000000000000000, -0.000000000000000000 ) ) ;
#3553 = DIRECTION ( 'NONE',  ( 0.000000000000000000, -0.000000000000000000, 1.000000000000000000 ) ) ;
#3554 = SURFACE_SIDE_STYLE ('',( #1845 ) ) ;
#3555 = CYLINDRICAL_SURFACE ( 'NONE', #2092, 0.6726666666666668570 ) ;
#3556 = EDGE_CURVE ( 'NONE', #2907, #1550, #2904, .T. ) ;
#3557 = UNCERTAINTY_MEASURE_WITH_UNIT (LENGTH_MEASURE( 1.000000000000000082E-05 ), #348, 'distance_accuracy_value', 'NONE');
#3558 = CIRCLE ( 'NONE', #706, 0.2966297947787975287 ) ;
#3559 = ORIENTED_EDGE ( 'NONE', *, *, #2196, .T. ) ;
#3560 = VECTOR ( 'NONE', #2036, 1000.000000000000000 ) ;
#3561 =( GEOMETRIC_REPRESENTATION_CONTEXT ( 3 ) GLOBAL_UNCERTAINTY_ASSIGNED_CONTEXT ( ( #983 ) ) GLOBAL_UNIT_ASSIGNED_CONTEXT ( ( #2612, #673, #899 ) ) REPRESENTATION_CONTEXT ( 'NONE', 'WORKASPACE' ) );
#3562 = SURFACE_STYLE_FILL_AREA ( #490 ) ;
#3563 = CARTESIAN_POINT ( 'NONE',  ( 2.949999999999999734, 1.000000000000000000, -2.096568877480707638 ) ) ;
#3564 = UNCERTAINTY_MEASURE_WITH_UNIT (LENGTH_MEASURE( 1.000000000000000082E-05 ), #3060, 'distance_accuracy_value', 'NONE');
#3565 = AXIS2_PLACEMENT_3D ( 'NONE', #1257, #2657, #680 ) ;
#3566 = EDGE_CURVE ( 'NONE', #1024, #2907, #328, .T. ) ;
#3567 = CARTESIAN_POINT ( 'NONE',  ( 3.239999999999999769, -0.1000000000000000056, 2.500000000000000000 ) ) ;
#3568 = CARTESIAN_POINT ( 'NONE',  ( -1.979999999999999538, 1.000000000000000000, 2.599999999999998312 ) ) ;
#3569 = CARTESIAN_POINT ( 'NONE',  ( 0.000000000000000000, 0.000000000000000000, 0.000000000000000000 ) ) ;
#3570 =( NAMED_UNIT ( * ) SI_UNIT ( $, .STERADIAN. ) SOLID_ANGLE_UNIT ( ) );
#3571 = ORIENTED_EDGE ( 'NONE', *, *, #861, .T. ) ;
#3572 = CARTESIAN_POINT ( 'NONE',  ( -2.949999999999999734, 1.203489949670250025, 1.992893974373677990 ) ) ;
#3573 = CARTESIAN_POINT ( 'NONE',  ( 3.099999999999999201, 1.000000000000000000, -2.600000000000001421 ) ) ;
#3574 = ORIENTED_EDGE ( 'NONE', *, *, #163, .F. ) ;
#3575 = EDGE_CURVE ( 'NONE', #3403, #1934, #2588, .T. ) ;
#3576 = ORIENTED_EDGE ( 'NONE', *, *, #2546, .F. ) ;
#3577 =( NAMED_UNIT ( * ) SI_UNIT ( $, .STERADIAN. ) SOLID_ANGLE_UNIT ( ) );
#3578 =( NAMED_UNIT ( * ) PLANE_ANGLE_UNIT ( ) SI_UNIT ( $, .RADIAN. ) );
#3579 = VECTOR ( 'NONE', #2198, 1000.000000000000227 ) ;
#3580 = SURFACE_STYLE_FILL_AREA ( #1309 ) ;
#3581 = PLANE ( 'NONE',  #310 ) ;
#3582 = ADVANCED_FACE ( 'NONE', ( #96 ), #2605, .F. ) ;
#3583 = EDGE_CURVE ( 'NONE', #3082, #3480, #1522, .T. ) ;
#3584 = MECHANICAL_DESIGN_GEOMETRIC_PRESENTATION_REPRESENTATION (  '', ( #1617 ), #2554 ) ;
#3585 = CYLINDRICAL_SURFACE ( 'NONE', #1912, 0.6726666666666660799 ) ;
#3586 = DIRECTION ( 'NONE',  ( -0.000000000000000000, -1.000000000000000000, 0.000000000000000000 ) ) ;
#3587 = COLOUR_RGB ( '',0.9686274509803921573, 0.8784313725490195957, 0.5999999999999999778 ) ;
#3588 = MECHANICAL_DESIGN_GEOMETRIC_PRESENTATION_REPRESENTATION (  '', ( #258 ), #1803 ) ;
#3589 = ORIENTED_EDGE ( 'NONE', *, *, #2246, .F. ) ;
#3590 = VECTOR ( 'NONE', #2758, 1000.000000000000000 ) ;
#3591 = CARTESIAN_POINT ( 'NONE',  ( -2.540000000000000480, 1.000000000000000000, -2.972666666666664348 ) ) ;
#3592 = CLOSED_SHELL ( 'NONE', ( #1366, #3281, #2791, #437, #991, #481, #2943, #189, #2905 ) ) ;
#3593 = VERTEX_POINT ( 'NONE', #3296 ) ;
#3594 = CARTESIAN_POINT ( 'NONE',  ( -2.539999999999999591, 1.000000000000000000, 2.972666666666665236 ) ) ;
#3595 = CARTESIAN_POINT ( 'NONE',  ( -2.400000000000000355, 1.289999999999999813, 1.399999999999998357 ) ) ;
#3596 = CARTESIAN_POINT ( 'NONE',  ( -3.349999999999998312, 0.000000000000000000, -2.599999999999998757 ) ) ;
#3597 = DIRECTION ( 'NONE',  ( -0.000000000000000000, -1.000000000000000000, 0.000000000000000000 ) ) ;
#3598 = FILL_AREA_STYLE_COLOUR ( '', #842 ) ;
#3599 = ORIENTED_EDGE ( 'NONE', *, *, #3503, .T. ) ;
#3600 = DIRECTION ( 'NONE',  ( 0.000000000000000000, 0.000000000000000000, -1.000000000000000000 ) ) ;
#3601 = FILL_AREA_STYLE ('',( #1334 ) ) ;
#3602 = DIRECTION ( 'NONE',  ( 0.000000000000000000, 0.000000000000000000, 1.000000000000000000 ) ) ;
#3603 = EDGE_CURVE ( 'NONE', #1375, #1550, #2984, .T. ) ;
#3604 = ORIENTED_EDGE ( 'NONE', *, *, #58, .T. ) ;
#3605 = CARTESIAN_POINT ( 'NONE',  ( -3.142954891671768447, 1.300000000000000044, 1.699999999999999734 ) ) ;
#3606 = ORIENTED_EDGE ( 'NONE', *, *, #858, .T. ) ;
#3607 = FACE_OUTER_BOUND ( 'NONE', #3201, .T. ) ;
#3608 = FILL_AREA_STYLE ('',( #181 ) ) ;
#3609 = SURFACE_SIDE_STYLE ('',( #3649 ) ) ;
#3610 = AXIS2_PLACEMENT_3D ( 'NONE', #1134, #2262, #2282 ) ;
#3611 = ORIENTED_EDGE ( 'NONE', *, *, #2011, .T. ) ;
#3612 =( GEOMETRIC_REPRESENTATION_CONTEXT ( 3 ) GLOBAL_UNCERTAINTY_ASSIGNED_CONTEXT ( ( #184 ) ) GLOBAL_UNIT_ASSIGNED_CONTEXT ( ( #945, #927, #365 ) ) REPRESENTATION_CONTEXT ( 'NONE', 'WORKASPACE' ) );
#3613 = EDGE_CURVE ( 'NONE', #2167, #3129, #1256, .T. ) ;
#3614 = LINE ( 'NONE', #2224, #1229 ) ;
#3615 = CIRCLE ( 'NONE', #402, 0.6726666666666673011 ) ;
#3616 = AXIS2_PLACEMENT_3D ( 'NONE', #1855, #2139, #698 ) ;
#3617 = STYLED_ITEM ( 'NONE', ( #1531 ), #1249 ) ;
#3618 = EDGE_CURVE ( 'NONE', #1689, #1806, #753, .T. ) ;
#3619 = CIRCLE ( 'NONE', #2018, 0.1929548916717678531 ) ;
#3620 = CARTESIAN_POINT ( 'NONE',  ( 2.949999999999999734, 1.000000000000000000, 1.699999999999999734 ) ) ;
#3621 = FILL_AREA_STYLE ('',( #441 ) ) ;
#3622 = CARTESIAN_POINT ( 'NONE',  ( 3.239999999999999769, -0.1000000000000000056, 2.500000000000000000 ) ) ;
#3623 = EDGE_LOOP ( 'NONE', ( #123, #2215, #2280, #638 ) ) ;
#3624 = FILL_AREA_STYLE_COLOUR ( '', #3305 ) ;
#3625 =( LENGTH_UNIT ( ) NAMED_UNIT ( * ) SI_UNIT ( .MILLI., .METRE. ) );
#3626 = CARTESIAN_POINT ( 'NONE',  ( -2.539999999999999591, 0.000000000000000000, 2.972666666666665236 ) ) ;
#3627 = LINE ( 'NONE', #1712, #2828 ) ;
#3628 = DIRECTION ( 'NONE',  ( 0.000000000000000000, 0.000000000000000000, -1.000000000000000000 ) ) ;
#3629 = EDGE_LOOP ( 'NONE', ( #3515, #570 ) ) ;
#3630 = STYLED_ITEM ( 'NONE', ( #1026 ), #340 ) ;
#3631 = FACE_OUTER_BOUND ( 'NONE', #3623, .T. ) ;
#3632 = FILL_AREA_STYLE_COLOUR ( '', #183 ) ;
#3633 = PLANE ( 'NONE',  #1952 ) ;
#3634 = UNCERTAINTY_MEASURE_WITH_UNIT (LENGTH_MEASURE( 1.000000000000000082E-05 ), #901, 'distance_accuracy_value', 'NONE');
#3635 =( NAMED_UNIT ( * ) SI_UNIT ( $, .STERADIAN. ) SOLID_ANGLE_UNIT ( ) );
#3636 = FILL_AREA_STYLE_COLOUR ( '', #316 ) ;
#3637 = MECHANICAL_DESIGN_GEOMETRIC_PRESENTATION_REPRESENTATION (  '', ( #2487 ), #3455 ) ;
#3638 = EDGE_CURVE ( 'NONE', #1622, #889, #2184, .T. ) ;
#3639 = COLOUR_RGB ( '',0.2470588235294117752, 0.000000000000000000, 0.2549019607843137081 ) ;
#3640 = EDGE_CURVE ( 'NONE', #1455, #2765, #1892, .T. ) ;
#3641 = ORIENTED_EDGE ( 'NONE', *, *, #1632, .T. ) ;
#3642 = LINE ( 'NONE', #257, #2763 ) ;
#3643 = PLANE ( 'NONE',  #2341 ) ;
#3644 = CIRCLE ( 'NONE', #2496, 0.1000000000000000472 ) ;
#3645 = VERTEX_POINT ( 'NONE', #1561 ) ;
#3646 = CARTESIAN_POINT ( 'NONE',  ( 2.540000000000000480, 1.000000000000000000, 2.300000000000000711 ) ) ;
#3647 = DIRECTION ( 'NONE',  ( 0.000000000000000000, 1.000000000000000000, -0.000000000000000000 ) ) ;
#3648 = CYLINDRICAL_SURFACE ( 'NONE', #1236, 0.6726666666666656358 ) ;
#3649 = SURFACE_STYLE_FILL_AREA ( #1654 ) ;
#3650 = ORIENTED_EDGE ( 'NONE', *, *, #520, .T. ) ;
#3651 = LINE ( 'NONE', #1445, #768 ) ;
#3652 = CARTESIAN_POINT ( 'NONE',  ( -2.061390904112062383, -0.1000000000000000056, 2.500000000000000000 ) ) ;
#3653 =( LENGTH_UNIT ( ) NAMED_UNIT ( * ) SI_UNIT ( .MILLI., .METRE. ) );
#3654 = DIRECTION ( 'NONE',  ( 0.000000000000000000, 0.000000000000000000, 1.000000000000000000 ) ) ;
#3655 = CARTESIAN_POINT ( 'NONE',  ( -3.346568877480706750, 1.100000000000000089, 1.699999999999999734 ) ) ;
#3656 = VERTEX_POINT ( 'NONE', #151 ) ;
#3657 = CARTESIAN_POINT ( 'NONE',  ( -3.349999999999998312, 1.000000000000000000, -2.599999999999998757 ) ) ;
#3658 = EDGE_CURVE ( 'NONE', #1863, #814, #1595, .T. ) ;
#3659 = ORIENTED_EDGE ( 'NONE', *, *, #1956, .F. ) ;
#3660 = PRESENTATION_STYLE_ASSIGNMENT (( #1396 ) ) ;
#3661 = DIRECTION ( 'NONE',  ( 0.000000000000000000, 0.000000000000000000, -1.000000000000000000 ) ) ;
#3662 = PLANE ( 'NONE',  #2769 ) ;
#3663 = CARTESIAN_POINT ( 'NONE',  ( -2.539999999999999591, 1.000000000000000000, 2.972666666666665236 ) ) ;
#3664 = ORIENTED_EDGE ( 'NONE', *, *, #2457, .T. ) ;
#3665 = SURFACE_STYLE_USAGE ( .BOTH. , #2518 ) ;
#3666 = COLOUR_RGB ( '',0.9686274509803921573, 0.8784313725490195957, 0.5999999999999999778 ) ;
#3667 = PRESENTATION_STYLE_ASSIGNMENT (( #508 ) ) ;
#3668 = SURFACE_SIDE_STYLE ('',( #1675 ) ) ;
#3669 = CARTESIAN_POINT ( 'NONE',  ( -2.400000000000000355, 1.289999999999999813, 1.399999999999998357 ) ) ;
#3670 = AXIS2_PLACEMENT_3D ( 'NONE', #1395, #1415, #1437 ) ;
#3671 = SURFACE_STYLE_USAGE ( .BOTH. , #2504 ) ;
#3672 = COLOUR_RGB ( '',0.9686274509803921573, 0.8784313725490195957, 0.5999999999999999778 ) ;
#3673 = EDGE_CURVE ( 'NONE', #3425, #1156, #1877, .T. ) ;
ENDSEC;
END-ISO-10303-21;
